Order Date,Product Name,Category,Region,Quantity,Sales,Profit,Daily_Web_Visits,Ad_Spend,Customer_Segment,Satisfaction_Score,Delivery_Time,Quarter,Promotion_Flag,Return_Rate
2024-12-31,Printer,Office,North,4,3640,348.93,1347,967.85,Frecuente,8.9,8,4,0,0.068
2022-11-27,Mouse,Accessories,East,7,1197,106.53,7852,318.27,Premium,7.7,2,4,1,0.144
2022-05-11,Tablet,Electronics,South,5,5865,502.73,6718,1334.33,Frecuente,9.2,13,2,0,0.016
2024-03-16,Mouse,Accessories,South,2,786,202.87,4669,1221.39,Ocasional,9.3,2,1,0,0.085
2022-09-10,Mouse,Accessories,West,1,509,103.28,4613,537.35,Ocasional,6.5,13,3,0,0.051
2023-12-01,Camera,Electronics,West,1,524,106.35,8656,876.34,Nuevo,7.0,11,4,1,0.097
2023-10-09,Headphones,Accessories,North,7,6167,1027.98,1316,228.72,Ocasional,7.1,14,4,1,0.097
2022-01-14,Camera,Electronics,South,7,3059,873.5,7124,1459.07,Frecuente,6.7,1,1,1,0.036
2022-04-02,Smartwatch,Electronics,East,9,5526,595.28,2413,1356.28,Frecuente,7.6,4,2,1,0.118
2024-10-22,Printer,Office,South,8,672,186.37,1394,1384.41,Frecuente,6.8,1,4,0,0.014
2023-12-04,Monitor,Accessories,South,6,7074,1357.68,5501,511.6,Ocasional,8.4,6,4,1,0.123
2022-09-27,Smartwatch,Electronics,East,2,502,137.4,9768,270.32,Ocasional,6.4,13,3,0,0.032
2023-12-21,Tablet,Electronics,North,7,7462,2166.17,7489,333.42,Frecuente,7.1,11,4,1,0.088
2024-02-03,Smartphone,Electronics,West,5,4205,585.29,7730,153.2,Nuevo,8.7,10,1,1,0.052
2023-10-10,Camera,Electronics,West,1,570,138.54,7316,197.76,Frecuente,7.6,12,4,1,0.091
2022-10-16,Headphones,Accessories,East,1,441,102.42,7967,125.53,Premium,7.7,1,4,0,0.04
2022-05-15,Mouse,Accessories,North,7,7469,589.81,5375,1484.94,Frecuente,9.2,12,2,0,0.085
2023-02-11,Tablet,Electronics,South,2,2212,145.75,1717,129.61,Nuevo,9.9,5,1,0,0.001
2023-12-27,Tablet,Electronics,East,5,740,146.39,8477,216.16,Nuevo,8.3,10,4,0,0.056
2023-10-05,Headphones,Accessories,North,1,662,193.92,4778,1244.34,Frecuente,6.3,11,4,1,0.124
2024-03-05,Mouse,Accessories,North,7,5712,651.27,5253,878.76,Nuevo,6.4,10,1,1,0.069
2023-07-18,Smartwatch,Electronics,North,3,2739,572.73,4022,1166.14,Nuevo,9.9,6,3,0,0.075
2023-06-25,Keyboard,Accessories,West,5,1400,213.63,2234,953.75,Ocasional,8.7,9,2,1,0.093
2023-11-13,Printer,Office,North,3,3477,939.2,9304,1325.62,Nuevo,9.0,7,4,0,0.065
2022-07-09,Camera,Electronics,North,5,3475,570.36,7924,964.93,Frecuente,8.7,9,3,0,0.13
2023-12-11,Laptop,Electronics,West,9,6138,1562.14,6616,792.75,Ocasional,6.7,7,4,0,0.06
2023-03-18,Camera,Electronics,West,5,3665,406.93,4322,1074.87,Ocasional,7.8,6,1,0,0.141
2024-08-09,Printer,Office,North,2,2372,206.42,8316,682.14,Ocasional,9.2,3,3,1,0.132
2024-05-04,Laptop,Electronics,North,2,1382,211.11,5681,532.17,Frecuente,9.5,6,2,1,0.063
2022-09-04,Laptop,Electronics,West,1,1126,194.08,4712,712.13,Ocasional,6.9,11,3,1,0.055
2022-10-21,Printer,Office,West,8,1376,152.1,4779,271.18,Nuevo,8.4,13,4,0,0.101
2024-01-22,Mouse,Accessories,West,4,988,147.91,2658,1198.93,Frecuente,6.6,2,1,0,0.113
2023-04-09,Laptop,Electronics,North,9,10773,1907.36,1375,405.84,Nuevo,9.8,3,2,0,0.028
2023-02-07,Headphones,Accessories,South,4,3252,713.46,5768,247.23,Frecuente,7.0,8,1,0,0.036
2023-05-04,Headphones,Accessories,North,3,2739,202.81,8934,384.6,Frecuente,8.9,10,2,0,0.022
2023-04-18,Tablet,Electronics,South,7,2709,702.79,1106,1266.26,Premium,6.9,3,2,0,0.114
2022-12-12,Printer,Office,West,3,936,201.24,8653,508.7,Ocasional,8.5,5,4,1,0.107
2022-09-11,Camera,Electronics,West,4,3720,410.92,8362,1035.35,Ocasional,8.6,1,3,0,0.028
2024-03-26,Mouse,Accessories,West,5,5320,716.91,3129,1287.49,Frecuente,7.3,1,1,1,0.081
2023-09-20,Headphones,Accessories,East,4,804,121.51,6500,135.06,Ocasional,9.3,3,3,0,0.115
2023-05-25,Laptop,Electronics,North,8,1224,246.77,2069,1152.24,Frecuente,9.5,11,2,0,0.142
2022-12-04,Headphones,Accessories,South,9,8667,781.78,7701,475.34,Frecuente,9.4,13,4,1,0.027
2022-06-10,Monitor,Accessories,West,3,3018,320.11,7154,340.6,Nuevo,7.3,7,2,1,0.046
2023-02-05,Laptop,Electronics,West,5,4325,1023.39,3867,1039.57,Ocasional,9.0,3,1,1,0.052
2024-01-20,Laptop,Electronics,South,3,1557,181.08,1145,1366.5,Ocasional,8.2,13,1,1,0.094
2022-01-27,Monitor,Accessories,South,6,3672,1002.5,9721,456.63,Ocasional,8.4,4,1,0,0.02
2023-03-29,Mouse,Accessories,West,1,333,72.34,4734,861.87,Nuevo,7.9,3,1,1,0.029
2022-01-17,Headphones,Accessories,West,4,2384,577.26,8984,448.95,Frecuente,8.4,2,1,1,0.117
2024-11-26,Mouse,Accessories,West,6,888,210.39,6940,840.34,Frecuente,6.5,5,4,0,0.081
2024-09-19,Laptop,Electronics,West,5,3280,954.17,7894,940.36,Premium,7.6,11,3,0,0.024
2023-07-20,Mouse,Accessories,South,7,1239,177.39,7719,923.3,Ocasional,6.7,6,3,0,0.058
2024-05-03,Headphones,Accessories,East,8,5880,436.85,2349,942.85,Ocasional,7.1,7,2,1,0.02
2022-09-03,Smartphone,Electronics,West,2,1668,437.3,3957,219.92,Ocasional,6.5,5,3,1,0.054
2024-07-09,Printer,Office,West,7,4109,1037.64,4933,1046.44,Frecuente,6.8,14,3,1,0.06
2022-11-17,Smartwatch,Electronics,West,7,595,148.5,5229,1018.63,Premium,9.1,10,4,0,0.017
2023-12-28,Headphones,Accessories,East,7,8155,1587.91,916,1030.23,Ocasional,8.2,10,4,0,0.009
2022-05-30,Monitor,Accessories,South,3,1872,553.1,5692,129.62,Nuevo,6.1,7,2,0,0.132
2024-04-17,Smartwatch,Electronics,East,6,2124,126.03,1965,681.32,Frecuente,9.2,8,2,0,0.133
2024-09-30,Monitor,Accessories,West,5,5210,1338.8,7562,625.37,Frecuente,9.6,13,3,0,0.0
2024-06-02,Mouse,Accessories,South,7,5761,362.48,6988,148.33,Frecuente,9.5,10,2,0,0.096
2022-09-26,Headphones,Accessories,South,7,6895,1596.35,9264,349.1,Frecuente,9.3,12,3,0,0.014
2024-12-17,Smartwatch,Electronics,East,3,2118,317.08,7575,672.62,Frecuente,10.0,1,4,0,0.122
2024-10-09,Smartwatch,Electronics,North,5,830,58.28,3983,1119.5,Frecuente,8.3,13,4,1,0.132
2023-07-14,Smartwatch,Electronics,North,1,851,93.56,9691,370.85,Ocasional,9.9,14,3,0,0.092
2023-12-05,Tablet,Electronics,East,5,4730,1365.63,4403,1248.03,Frecuente,9.8,10,4,0,0.092
2022-06-03,Mouse,Accessories,West,6,5460,845.75,3595,827.78,Frecuente,7.3,14,2,0,0.056
2024-12-28,Headphones,Accessories,East,5,5795,310.6,9102,1145.42,Premium,9.5,8,4,1,0.037
2022-08-06,Laptop,Electronics,South,4,2008,338.44,4019,719.38,Nuevo,9.2,4,3,1,0.075
2023-06-06,Mouse,Accessories,South,7,2842,425.24,1225,758.81,Frecuente,9.1,9,2,0,0.02
2024-02-01,Mouse,Accessories,East,4,3404,392.22,4960,937.18,Frecuente,9.6,9,1,1,0.101
2023-05-31,Smartwatch,Electronics,West,1,1065,228.63,8058,1393.4,Premium,7.5,3,2,1,0.071
2024-06-14,Tablet,Electronics,West,7,2149,121.69,2299,747.88,Ocasional,7.6,3,2,0,0.027
2024-08-14,Keyboard,Accessories,East,8,5912,1143.04,4897,802.41,Nuevo,8.6,5,3,0,0.088
2023-02-01,Mouse,Accessories,West,3,3348,331.28,1734,910.96,Premium,9.0,8,1,0,0.119
2024-04-28,Smartphone,Electronics,South,3,2409,531.79,7021,1111.52,Premium,9.5,3,2,0,0.088
2024-04-05,Tablet,Electronics,North,2,328,39.51,5019,126.34,Premium,9.5,11,2,0,0.079
2024-01-31,Smartphone,Electronics,West,8,6224,1561.42,3636,783.22,Ocasional,8.9,2,1,0,0.127
2024-01-09,Smartwatch,Electronics,North,5,2530,486.09,2655,732.76,Nuevo,9.8,14,1,0,0.002
2022-04-06,Headphones,Accessories,West,4,4108,462.17,5862,1384.09,Frecuente,6.7,10,2,0,0.093
2024-05-22,Printer,Office,South,5,1640,391.36,6863,750.39,Frecuente,9.8,5,2,0,0.061
2023-12-30,Laptop,Electronics,South,1,111,19.33,9432,713.11,Ocasional,6.3,6,4,0,0.029
2022-03-17,Headphones,Accessories,North,1,445,128.89,4652,1444.06,Ocasional,8.2,10,1,0,0.147
2022-05-24,Printer,Office,North,4,3600,623.72,2026,686.85,Frecuente,6.4,2,2,0,0.061
2024-06-09,Mouse,Accessories,North,3,1335,176.44,8410,287.71,Frecuente,8.3,11,2,0,0.05
2024-12-01,Keyboard,Accessories,South,5,3090,242.15,6482,341.04,Frecuente,7.6,8,4,1,0.025
2023-10-20,Printer,Office,East,5,3910,538.52,7152,160.88,Ocasional,6.3,4,4,0,0.15
2024-03-05,Camera,Electronics,South,1,219,32.67,1423,20.84,Ocasional,8.6,13,1,0,0.128
2022-12-05,Smartphone,Electronics,West,5,390,27.77,3467,659.28,Ocasional,8.9,9,4,0,0.01
2022-08-05,Laptop,Electronics,North,6,3294,359.61,7794,1158.48,Ocasional,6.7,3,3,0,0.085
2023-03-21,Keyboard,Accessories,West,4,4572,1038.05,8406,1105.53,Frecuente,8.8,10,1,0,0.022
2022-02-08,Monitor,Accessories,South,7,980,109.94,4634,67.58,Frecuente,6.7,6,1,0,0.107
2023-04-01,Headphones,Accessories,North,2,2262,532.12,8145,863.57,Premium,6.5,11,2,0,0.073
2022-12-14,Camera,Electronics,South,7,7518,1655.91,8496,248.34,Nuevo,6.6,7,4,1,0.017
2022-05-14,Camera,Electronics,South,1,873,158.97,4181,1412.79,Ocasional,8.4,14,2,0,0.084
2022-02-16,Mouse,Accessories,North,6,1512,423.03,9031,267.7,Frecuente,9.1,13,1,0,0.137
2024-08-28,Laptop,Electronics,West,1,705,165.16,3239,947.43,Premium,8.4,1,3,0,0.051
2023-10-30,Smartwatch,Electronics,North,8,3256,533.7,2775,502.83,Ocasional,9.2,6,4,1,0.008
2023-06-24,Tablet,Electronics,West,4,556,81.77,6983,969.51,Ocasional,8.4,3,2,0,0.142
2023-05-17,Mouse,Accessories,East,9,7101,2105.82,6549,630.14,Ocasional,9.2,7,2,1,0.021
2023-04-06,Laptop,Electronics,West,9,8802,1344.96,1827,1144.27,Frecuente,9.9,3,2,0,0.071
2023-03-26,Headphones,Accessories,South,6,5592,1294.16,8410,361.41,Nuevo,7.6,8,1,0,0.082
2024-10-12,Tablet,Electronics,North,2,1852,168.92,2399,1360.57,Ocasional,6.6,3,4,0,0.036
2022-06-26,Monitor,Accessories,East,1,195,57.88,8146,760.31,Ocasional,6.5,9,2,1,0.027
2022-04-15,Mouse,Accessories,East,9,7884,2054.02,569,1139.02,Ocasional,8.4,7,2,1,0.017
2023-12-10,Laptop,Electronics,East,5,4360,1160.55,8070,1277.6,Nuevo,8.2,14,4,1,0.01
2024-09-23,Mouse,Accessories,North,6,4920,929.18,7975,1498.27,Nuevo,6.7,13,3,0,0.076
2022-01-01,Mouse,Accessories,East,3,3474,565.0,7913,351.44,Ocasional,9.5,9,1,1,0.126
2022-02-03,Keyboard,Accessories,West,1,930,222.5,6816,444.6,Frecuente,9.8,7,1,0,0.019
2023-03-14,Tablet,Electronics,South,7,1421,248.02,4979,390.64,Frecuente,7.0,11,1,0,0.105
2022-08-24,Headphones,Accessories,North,2,634,161.1,7199,409.05,Ocasional,6.8,10,3,0,0.062
2024-07-07,Camera,Electronics,East,1,673,114.42,3132,882.02,Ocasional,6.9,2,3,1,0.005
2022-04-13,Mouse,Accessories,South,5,3135,787.7,7916,1490.41,Premium,7.5,6,2,0,0.08
2024-05-08,Smartphone,Electronics,East,6,882,184.48,5778,1485.61,Premium,9.4,14,2,0,0.038
2024-09-10,Smartphone,Electronics,East,4,1192,212.77,4859,799.62,Nuevo,8.4,5,3,0,0.091
2024-06-18,Printer,Office,South,3,390,112.08,5303,965.76,Nuevo,6.3,1,2,0,0.052
2024-09-10,Tablet,Electronics,North,1,834,95.54,5903,1292.76,Nuevo,7.9,12,3,0,0.1
2022-05-06,Smartphone,Electronics,East,6,612,83.75,853,1400.74,Frecuente,6.4,14,2,1,0.138
2024-06-18,Headphones,Accessories,West,9,8073,710.23,1828,321.71,Ocasional,7.6,10,2,0,0.037
2023-10-29,Keyboard,Accessories,North,8,2640,723.88,2832,802.24,Ocasional,7.6,9,4,0,0.141
2023-11-13,Smartphone,Electronics,North,3,3234,440.7,1588,1252.6,Frecuente,8.6,5,4,0,0.031
2022-08-21,Monitor,Accessories,West,5,4435,355.51,4676,468.74,Premium,8.2,6,3,0,0.011
2024-03-04,Smartwatch,Electronics,North,2,2302,305.07,6849,670.92,Nuevo,9.5,13,1,0,0.029
2022-04-17,Camera,Electronics,East,6,1728,307.44,6717,1478.72,Premium,6.1,13,2,0,0.122
2023-12-20,Laptop,Electronics,East,4,228,54.05,4975,1477.87,Ocasional,9.1,7,4,0,0.102
2022-03-19,Tablet,Electronics,West,6,3450,705.74,8623,1361.04,Ocasional,6.1,5,1,0,0.146
2024-07-07,Smartphone,Electronics,South,8,7456,1702.48,5869,1201.7,Ocasional,7.2,3,3,1,0.106
2023-04-30,Smartphone,Electronics,West,6,4728,705.85,1252,418.31,Frecuente,9.5,1,2,0,0.062
2024-03-22,Smartwatch,Electronics,North,7,945,124.62,7767,494.86,Ocasional,8.8,7,1,0,0.134
2022-03-08,Laptop,Electronics,North,4,296,65.05,5958,829.98,Frecuente,6.7,8,1,1,0.144
2023-09-15,Smartphone,Electronics,West,4,640,149.89,6529,849.95,Ocasional,8.0,10,3,0,0.119
2023-03-01,Tablet,Electronics,North,1,797,65.27,5871,768.14,Frecuente,8.9,12,1,1,0.083
2023-10-24,Monitor,Accessories,North,4,1456,431.89,5759,962.27,Ocasional,9.7,6,4,1,0.124
2024-04-22,Monitor,Accessories,South,6,4038,364.11,1360,624.32,Ocasional,8.5,3,2,1,0.027
2023-06-27,Tablet,Electronics,West,7,5656,355.81,5812,1128.78,Frecuente,6.1,12,2,0,0.135
2023-04-13,Mouse,Accessories,West,4,3876,302.37,8051,513.65,Frecuente,8.0,11,2,1,0.15
2023-05-19,Keyboard,Accessories,South,6,1002,114.7,3387,509.4,Ocasional,6.6,8,2,0,0.1
2024-11-15,Headphones,Accessories,East,9,2187,413.76,6226,208.29,Premium,6.2,1,4,0,0.029
2023-12-25,Mouse,Accessories,North,6,7146,1627.42,792,299.29,Frecuente,8.4,7,4,1,0.022
2022-03-31,Keyboard,Accessories,South,1,189,14.88,3801,1278.77,Frecuente,9.1,9,1,0,0.144
2024-04-24,Monitor,Accessories,East,5,940,266.02,4648,680.5,Nuevo,6.1,13,2,1,0.131
2022-01-10,Headphones,Accessories,North,1,951,127.58,9836,357.24,Ocasional,9.1,8,1,0,0.112
2022-11-17,Printer,Office,East,2,124,27.42,2538,1143.82,Frecuente,8.8,7,4,0,0.142
2024-06-29,Mouse,Accessories,West,9,7506,594.28,3127,839.89,Nuevo,9.0,6,2,0,0.076
2022-11-14,Monitor,Accessories,West,7,8176,2308.76,4381,51.31,Frecuente,7.0,6,4,1,0.133
2023-08-11,Smartphone,Electronics,East,5,2125,632.68,9930,488.21,Frecuente,7.6,1,3,0,0.024
2024-05-22,Headphones,Accessories,North,1,967,59.98,8607,281.96,Frecuente,6.5,2,2,1,0.027
2022-03-19,Headphones,Accessories,South,5,270,29.41,829,990.69,Frecuente,7.0,11,1,0,0.077
2022-10-23,Keyboard,Accessories,West,9,10035,1486.3,2722,427.05,Frecuente,7.2,6,4,1,0.05
2023-02-26,Printer,Office,North,8,6792,1125.23,8305,116.12,Ocasional,7.3,12,1,0,0.065
2024-10-03,Printer,Office,East,1,714,99.13,1053,101.3,Premium,6.7,6,4,1,0.12
2022-07-17,Smartphone,Electronics,South,5,765,157.64,8628,880.96,Ocasional,6.8,14,3,0,0.008
2024-11-04,Headphones,Accessories,East,7,4221,358.02,3173,52.15,Frecuente,9.6,3,4,0,0.108
2023-02-24,Laptop,Electronics,North,4,2108,576.48,9217,1276.21,Frecuente,9.1,3,1,1,0.013
2024-08-08,Monitor,Accessories,North,9,10530,2387.63,3289,249.99,Premium,7.4,9,3,0,0.127
2024-05-14,Keyboard,Accessories,South,6,3396,914.17,4626,917.72,Ocasional,9.8,12,2,0,0.03
2022-01-15,Monitor,Accessories,North,4,1060,213.05,6788,678.14,Ocasional,7.0,3,1,1,0.11
2022-05-10,Tablet,Electronics,East,5,480,73.07,1699,675.42,Frecuente,7.6,8,2,1,0.089
2022-03-10,Headphones,Accessories,West,3,2529,285.65,5791,126.26,Frecuente,9.3,4,1,1,0.058
2022-01-23,Smartwatch,Electronics,East,8,4792,511.97,5297,1208.07,Frecuente,7.8,11,1,1,0.04
2024-09-19,Smartwatch,Electronics,East,8,8056,605.8,7947,1341.72,Ocasional,6.9,8,3,1,0.009
2024-06-06,Tablet,Electronics,North,4,4228,947.76,9963,36.3,Frecuente,7.5,10,2,0,0.053
2024-10-10,Tablet,Electronics,East,1,653,93.78,6810,284.33,Ocasional,8.0,4,4,0,0.03
2024-03-24,Tablet,Electronics,North,9,7452,1212.51,4387,1357.78,Frecuente,8.5,5,1,1,0.02
2023-07-21,Mouse,Accessories,East,4,4128,1156.71,4360,833.25,Frecuente,7.6,9,3,1,0.111
2022-07-21,Tablet,Electronics,West,5,5090,1201.56,4470,242.06,Ocasional,7.7,5,3,0,0.032
2022-09-01,Camera,Electronics,North,5,4930,387.33,8233,320.13,Frecuente,7.1,10,3,0,0.033
2023-04-20,Smartwatch,Electronics,South,6,2610,434.37,3551,996.78,Premium,8.1,3,2,0,0.051
2023-12-11,Laptop,Electronics,North,3,2139,415.84,2086,1092.73,Nuevo,6.9,5,4,1,0.069
2024-09-29,Tablet,Electronics,South,1,226,55.4,3675,907.15,Premium,9.5,2,3,0,0.077
2023-11-20,Smartwatch,Electronics,West,2,2244,212.08,715,1430.66,Frecuente,9.0,2,4,1,0.1
2023-07-15,Monitor,Accessories,East,6,3150,578.87,1508,751.21,Frecuente,7.6,4,3,1,0.088
2023-12-24,Laptop,Electronics,South,7,3388,347.19,1355,464.4,Frecuente,9.0,7,4,0,0.072
2023-08-13,Laptop,Electronics,East,8,8736,580.31,7829,726.3,Ocasional,6.0,3,3,0,0.059
2022-04-24,Smartphone,Electronics,South,2,1102,176.53,7362,552.31,Premium,7.4,2,2,0,0.04
2024-07-13,Monitor,Accessories,East,3,2640,199.97,7119,352.14,Nuevo,7.8,13,3,0,0.106
2022-06-11,Printer,Office,West,3,2547,300.74,4887,88.03,Ocasional,7.9,8,2,0,0.048
2024-10-28,Laptop,Electronics,North,7,728,64.82,7312,541.27,Nuevo,9.0,11,4,0,0.127
2022-11-24,Camera,Electronics,South,7,3444,607.44,2032,1072.89,Ocasional,9.9,11,4,1,0.088
2024-10-03,Camera,Electronics,West,5,3140,853.66,9055,47.29,Nuevo,7.5,2,4,0,0.095
2024-03-24,Smartphone,Electronics,East,3,435,129.27,5259,669.98,Ocasional,7.4,9,1,0,0.076
2024-06-28,Keyboard,Accessories,East,4,856,72.99,9411,973.13,Frecuente,8.4,13,2,0,0.139
2022-05-31,Printer,Office,North,2,112,23.33,1946,923.4,Frecuente,7.1,7,2,1,0.063
2024-03-25,Headphones,Accessories,North,3,2247,507.79,5224,1169.44,Ocasional,6.6,13,1,0,0.064
2023-01-31,Keyboard,Accessories,West,2,1512,298.73,7115,1219.57,Frecuente,9.8,14,1,0,0.134
2024-06-23,Mouse,Accessories,South,5,4915,1196.6,5208,1073.32,Ocasional,9.2,8,2,1,0.091
2023-08-16,Mouse,Accessories,South,3,2709,663.54,4738,172.14,Premium,9.8,2,3,0,0.067
2023-06-10,Tablet,Electronics,North,7,1239,118.36,2079,723.03,Ocasional,6.9,9,2,0,0.039
2023-05-09,Tablet,Electronics,West,2,572,86.16,4119,913.04,Frecuente,6.1,13,2,0,0.037
2022-05-08,Smartwatch,Electronics,North,2,1708,93.25,2768,383.44,Nuevo,7.7,9,2,1,0.12
2024-11-06,Smartwatch,Electronics,North,4,360,42.66,3364,82.98,Frecuente,9.7,12,4,1,0.042
2022-12-08,Camera,Electronics,North,6,3822,388.34,6995,350.91,Premium,6.6,8,4,0,0.001
2022-09-25,Camera,Electronics,North,6,4680,932.97,6487,693.24,Ocasional,6.5,6,3,1,0.003
2024-07-10,Camera,Electronics,North,5,2520,487.18,6268,632.62,Ocasional,6.3,14,3,1,0.147
2024-03-29,Smartwatch,Electronics,North,2,2138,619.29,3937,281.47,Ocasional,9.1,3,1,1,0.084
2022-01-11,Keyboard,Accessories,West,3,2529,169.6,9617,1240.14,Nuevo,9.1,7,1,1,0.073
2022-04-08,Keyboard,Accessories,East,1,236,29.33,1332,1390.02,Frecuente,8.8,3,2,1,0.138
2024-01-21,Tablet,Electronics,West,6,2730,636.48,3754,318.0,Ocasional,6.2,10,1,0,0.053
2023-04-27,Headphones,Accessories,North,3,3021,872.49,1621,1395.77,Frecuente,8.9,13,2,0,0.119
2024-11-06,Smartwatch,Electronics,North,2,244,16.78,3719,46.43,Ocasional,7.8,14,4,1,0.108
2022-05-11,Camera,Electronics,South,8,728,120.06,9638,1388.94,Frecuente,6.6,4,2,0,0.072
2022-10-02,Mouse,Accessories,North,3,453,89.49,3979,1428.85,Premium,7.2,11,4,0,0.116
2022-01-12,Laptop,Electronics,South,1,379,84.38,9131,37.84,Ocasional,8.0,13,1,1,0.145
2023-01-09,Tablet,Electronics,West,3,2130,510.69,5203,1149.27,Ocasional,7.3,12,1,1,0.03
2023-05-04,Monitor,Accessories,North,8,4120,710.11,7147,1455.9,Frecuente,9.9,8,2,1,0.003
2024-09-07,Smartwatch,Electronics,South,7,3150,299.7,4845,1360.74,Nuevo,7.9,3,3,1,0.123
2022-05-17,Smartwatch,Electronics,East,7,2688,603.07,3025,1456.65,Ocasional,7.5,7,2,0,0.061
2023-08-17,Tablet,Electronics,East,2,1752,501.19,7760,834.48,Frecuente,8.7,11,3,1,0.082
2023-09-07,Keyboard,Accessories,North,7,7308,948.4,9707,135.67,Ocasional,8.6,9,3,1,0.033
2022-05-11,Tablet,Electronics,North,3,2007,160.84,3003,1277.69,Frecuente,6.0,6,2,0,0.126
2023-05-12,Tablet,Electronics,West,7,7224,479.23,7898,928.47,Premium,8.5,4,2,0,0.108
2023-05-08,Monitor,Accessories,South,9,6939,1249.31,2980,929.81,Ocasional,7.0,10,2,1,0.143
2023-02-18,Smartphone,Electronics,East,7,5516,1475.67,7310,637.54,Premium,7.5,6,1,0,0.071
2022-01-29,Printer,Office,South,2,2224,116.47,7995,866.33,Premium,8.8,7,1,0,0.146
2023-01-12,Laptop,Electronics,South,5,3985,824.4,4768,247.3,Ocasional,8.2,14,1,0,0.077
2022-01-03,Camera,Electronics,North,7,2723,638.26,7500,1114.86,Premium,7.5,1,1,0,0.093
2022-10-20,Tablet,Electronics,North,2,746,170.75,3086,131.03,Ocasional,6.7,4,4,0,0.101
2024-08-21,Laptop,Electronics,West,5,3170,245.25,1252,1100.08,Ocasional,8.0,13,3,1,0.073
2023-12-11,Smartwatch,Electronics,East,5,550,63.11,1415,1276.49,Premium,7.3,13,4,0,0.084
2022-08-14,Tablet,Electronics,North,8,480,132.45,4746,719.25,Ocasional,9.7,5,3,1,0.033
2024-06-03,Printer,Office,East,4,3284,354.4,9074,774.55,Premium,8.1,14,2,0,0.054
2024-01-23,Smartwatch,Electronics,South,2,1748,183.75,1711,482.08,Ocasional,9.5,3,1,0,0.105
2023-11-20,Headphones,Accessories,North,8,824,240.84,4829,1454.8,Premium,7.6,1,4,0,0.006
2022-03-03,Headphones,Accessories,North,4,1872,448.46,7188,1105.02,Nuevo,9.3,5,1,1,0.105
2024-02-20,Tablet,Electronics,West,3,627,103.98,2422,566.1,Frecuente,6.2,8,1,1,0.046
2024-08-09,Camera,Electronics,East,9,5661,1104.02,7355,278.71,Ocasional,7.2,1,3,0,0.041
2022-06-19,Camera,Electronics,North,3,2910,765.47,3406,344.98,Premium,6.3,3,2,1,0.104
2024-09-01,Tablet,Electronics,South,9,9036,1087.46,8182,706.6,Frecuente,6.1,12,3,0,0.032
2024-08-30,Tablet,Electronics,West,5,4815,338.31,6002,1415.0,Frecuente,9.7,9,3,0,0.144
2022-08-12,Mouse,Accessories,South,1,1187,206.28,5695,1106.54,Ocasional,8.9,9,3,1,0.149
2022-08-04,Headphones,Accessories,East,3,3339,732.92,2179,338.56,Nuevo,8.5,14,3,0,0.069
2024-02-20,Tablet,Electronics,East,1,620,165.43,4900,1292.15,Premium,8.1,4,1,1,0.06
2023-02-26,Camera,Electronics,West,5,2025,414.42,8637,579.74,Premium,8.3,13,1,0,0.012
2024-11-20,Printer,Office,East,5,3030,811.92,685,1280.55,Frecuente,8.6,5,4,1,0.117
2023-08-12,Smartwatch,Electronics,North,5,655,166.69,7705,377.72,Frecuente,9.3,13,3,0,0.024
2022-01-17,Printer,Office,West,2,2238,294.54,5181,935.62,Nuevo,8.4,11,1,0,0.14
2023-04-12,Smartphone,Electronics,South,8,3312,811.31,7334,1391.47,Nuevo,9.0,3,2,0,0.149
2023-07-26,Printer,Office,East,9,9387,1271.64,6801,401.68,Nuevo,7.1,3,3,1,0.018
2024-01-01,Mouse,Accessories,West,6,5790,1285.21,4604,1045.53,Premium,9.9,8,1,0,0.102
2023-12-06,Laptop,Electronics,South,6,2700,527.97,3432,1481.22,Frecuente,6.1,8,4,0,0.07
2023-12-05,Smartwatch,Electronics,East,8,2072,555.06,6459,242.89,Ocasional,7.5,4,4,0,0.081
2024-10-27,Keyboard,Accessories,North,3,2991,716.54,1832,150.84,Frecuente,9.5,4,4,0,0.027
2024-08-04,Laptop,Electronics,East,6,5568,958.59,6048,1017.81,Ocasional,6.7,13,3,0,0.109
2023-02-01,Smartwatch,Electronics,North,7,5509,1648.74,1399,522.81,Frecuente,6.6,11,1,1,0.025
2024-06-02,Printer,Office,West,7,5922,1323.1,6673,125.44,Frecuente,7.5,3,2,0,0.133
2024-04-28,Smartphone,Electronics,South,4,4380,362.81,6473,723.45,Nuevo,7.7,11,2,0,0.068
2022-03-25,Tablet,Electronics,South,5,1760,272.68,1302,1135.58,Frecuente,9.7,3,1,0,0.095
2024-10-05,Headphones,Accessories,North,9,5571,1523.81,7696,441.98,Nuevo,9.3,7,4,0,0.138
2024-12-19,Tablet,Electronics,South,2,1082,182.1,4450,515.87,Frecuente,7.9,1,4,0,0.111
2022-07-18,Camera,Electronics,East,1,569,138.11,7975,1271.64,Premium,9.9,10,3,0,0.081
2023-06-11,Mouse,Accessories,North,8,3416,697.42,895,789.71,Frecuente,8.6,3,2,0,0.06
2024-10-13,Printer,Office,West,1,570,57.07,2204,1267.24,Frecuente,9.5,4,4,1,0.069
2023-08-07,Monitor,Accessories,East,6,3300,386.92,5192,680.66,Ocasional,7.0,3,3,0,0.051
2022-12-04,Laptop,Electronics,South,8,2584,568.77,2288,1430.4,Premium,8.0,3,4,1,0.142
2024-02-18,Monitor,Accessories,South,9,7650,2204.44,3633,983.18,Ocasional,6.1,2,1,0,0.038
2024-12-05,Headphones,Accessories,West,8,3600,272.51,6775,191.53,Nuevo,6.0,8,4,1,0.061
2023-12-15,Monitor,Accessories,West,6,846,190.87,1872,1329.94,Frecuente,8.8,13,4,1,0.117
2023-08-12,Smartphone,Electronics,West,1,51,9.36,6938,744.11,Frecuente,6.5,5,3,0,0.055
2024-05-20,Smartwatch,Electronics,South,6,7056,586.91,1482,229.63,Frecuente,8.2,11,2,0,0.133
2024-06-05,Smartwatch,Electronics,West,2,384,38.41,2164,245.98,Ocasional,8.8,8,2,0,0.036
2022-01-09,Laptop,Electronics,South,8,2928,663.54,6082,1037.55,Ocasional,6.1,4,1,1,0.005
2023-12-17,Camera,Electronics,West,7,1904,352.86,8038,90.11,Premium,7.8,1,4,0,0.094
2022-09-08,Tablet,Electronics,East,2,2314,312.07,2120,444.16,Ocasional,8.7,11,3,0,0.076
2022-01-22,Printer,Office,South,4,1028,192.13,3349,226.89,Frecuente,9.6,1,1,0,0.14
2024-09-04,Headphones,Accessories,South,9,8307,1326.23,9288,672.79,Frecuente,7.2,6,3,0,0.063
2024-01-20,Printer,Office,West,9,1539,203.54,9901,633.24,Premium,9.9,1,1,0,0.02
2022-11-03,Tablet,Electronics,West,7,2506,537.98,6020,792.38,Nuevo,9.4,11,4,0,0.049
2023-07-03,Smartphone,Electronics,West,6,5778,1232.54,4746,433.86,Frecuente,8.6,14,3,1,0.059
2024-01-25,Tablet,Electronics,East,9,10188,2165.78,3795,67.42,Frecuente,7.6,5,1,1,0.087
2024-05-11,Monitor,Accessories,North,1,952,157.7,6318,929.29,Premium,8.8,5,2,0,0.041
2024-01-02,Smartwatch,Electronics,West,8,3624,750.86,6113,573.1,Ocasional,9.3,8,1,0,0.083
2023-02-24,Keyboard,Accessories,South,8,7968,1551.12,3300,983.98,Frecuente,7.2,8,1,1,0.136
2024-07-20,Mouse,Accessories,South,2,1254,250.09,716,180.83,Frecuente,10.0,6,3,1,0.064
2023-06-14,Printer,Office,West,3,705,196.05,1939,40.39,Frecuente,9.6,6,2,1,0.098
2022-04-10,Mouse,Accessories,West,1,916,223.5,9606,387.48,Ocasional,7.9,3,2,1,0.034
2024-10-01,Printer,Office,North,2,848,129.96,4472,695.69,Frecuente,8.9,4,4,0,0.12
2022-05-10,Monitor,Accessories,East,8,2240,313.17,5081,603.23,Nuevo,8.1,9,2,1,0.04
2022-01-28,Monitor,Accessories,South,1,940,120.35,4937,1219.25,Frecuente,9.0,11,1,0,0.087
2023-04-05,Headphones,Accessories,West,5,1550,203.51,7935,579.2,Frecuente,9.3,11,2,0,0.045
2023-09-22,Keyboard,Accessories,South,7,2352,256.4,1117,805.05,Nuevo,6.1,8,3,0,0.01
2024-08-29,Smartwatch,Electronics,North,9,1638,183.75,1285,898.4,Ocasional,6.3,11,3,0,0.048
2023-11-18,Camera,Electronics,North,6,7164,1442.72,3120,52.31,Frecuente,7.3,9,4,0,0.032
2023-09-12,Mouse,Accessories,East,1,205,54.54,5123,782.4,Ocasional,9.7,5,3,0,0.134
2023-05-26,Keyboard,Accessories,North,2,766,49.23,6875,530.35,Ocasional,7.6,5,2,1,0.04
2023-04-30,Keyboard,Accessories,North,1,168,17.84,5161,643.49,Frecuente,9.6,8,2,0,0.146
2024-11-01,Mouse,Accessories,South,1,1058,207.55,4691,168.43,Ocasional,7.8,5,4,0,0.074
2022-05-06,Keyboard,Accessories,South,5,1455,423.81,9409,1178.57,Ocasional,7.2,11,2,0,0.033
2023-05-10,Camera,Electronics,East,2,2224,364.04,2029,1414.76,Frecuente,9.6,3,2,0,0.059
2022-11-04,Smartphone,Electronics,West,7,1400,80.49,5931,52.96,Ocasional,8.2,1,4,0,0.028
2022-05-09,Smartphone,Electronics,East,7,7567,2213.18,5651,910.03,Frecuente,7.4,7,2,0,0.125
2022-11-07,Tablet,Electronics,East,6,3396,987.68,4998,1150.49,Premium,6.2,2,4,0,0.018
2023-08-11,Smartwatch,Electronics,East,2,704,135.63,8172,441.52,Nuevo,6.4,3,3,1,0.131
2024-10-21,Tablet,Electronics,East,9,7767,2172.19,3036,1185.58,Ocasional,6.6,6,4,0,0.007
2024-10-06,Mouse,Accessories,West,5,2050,157.13,9560,955.89,Ocasional,7.5,1,4,0,0.045
2023-08-08,Monitor,Accessories,North,9,10458,2799.48,3649,1395.16,Ocasional,8.4,4,3,1,0.021
2022-01-19,Camera,Electronics,South,4,4700,619.26,5677,1471.89,Ocasional,7.2,8,1,0,0.103
2024-04-30,Smartphone,Electronics,North,2,892,222.51,5446,82.67,Frecuente,6.3,6,2,1,0.077
2023-12-26,Laptop,Electronics,East,8,6968,1479.09,8572,678.51,Nuevo,7.1,13,4,0,0.141
2024-04-07,Laptop,Electronics,North,7,1344,300.88,4669,829.54,Ocasional,7.6,2,2,0,0.055
2022-10-18,Camera,Electronics,West,1,354,65.99,3203,237.18,Ocasional,10.0,11,4,0,0.006
2024-04-21,Monitor,Accessories,South,3,3051,662.23,705,517.7,Frecuente,7.6,9,2,0,0.114
2024-03-26,Camera,Electronics,South,3,402,106.87,3954,1481.72,Frecuente,6.4,10,1,1,0.087
2022-10-31,Monitor,Accessories,North,5,3570,517.82,8349,44.02,Premium,8.3,10,4,0,0.124
2023-03-03,Keyboard,Accessories,North,7,3829,876.35,594,689.71,Frecuente,9.7,1,1,0,0.064
2023-02-03,Mouse,Accessories,North,7,4676,242.64,9013,1267.13,Frecuente,9.1,12,1,0,0.111
2023-04-15,Keyboard,Accessories,East,3,1119,317.36,5656,499.37,Ocasional,9.3,5,2,1,0.026
2023-05-09,Smartphone,Electronics,East,4,4228,764.3,1832,730.1,Nuevo,9.7,10,2,0,0.15
2022-01-02,Headphones,Accessories,North,8,1240,251.2,3370,1467.51,Frecuente,8.5,5,1,0,0.026
2024-11-28,Keyboard,Accessories,North,9,3591,342.18,5763,722.82,Frecuente,10.0,6,4,1,0.124
2022-02-05,Printer,Office,West,8,3952,451.08,3499,213.76,Ocasional,6.1,10,1,0,0.032
2024-06-05,Keyboard,Accessories,South,6,3648,1050.08,1531,96.55,Premium,9.3,14,2,0,0.117
2024-11-15,Monitor,Accessories,North,5,3875,768.74,6826,1419.22,Nuevo,9.4,13,4,0,0.129
2023-11-13,Smartwatch,Electronics,West,8,3416,478.9,6886,413.4,Frecuente,9.7,11,4,0,0.131
2022-02-19,Tablet,Electronics,West,1,908,222.58,1629,766.01,Premium,7.9,8,1,1,0.071
2024-05-06,Headphones,Accessories,South,4,4532,987.32,3171,154.24,Frecuente,9.2,8,2,0,0.064
2023-08-04,Headphones,Accessories,East,4,4168,650.15,2816,647.01,Nuevo,6.8,14,3,1,0.125
2023-09-23,Laptop,Electronics,North,3,3543,941.37,6764,1396.56,Frecuente,8.4,3,3,0,0.087
2024-09-14,Laptop,Electronics,East,6,5124,1078.57,7437,763.57,Ocasional,7.4,14,3,0,0.093
2023-03-17,Smartwatch,Electronics,South,9,5751,1196.23,7406,1457.28,Frecuente,8.4,10,1,1,0.035
2023-09-29,Camera,Electronics,East,2,624,139.64,9418,403.08,Frecuente,8.7,9,3,0,0.067
2023-12-01,Camera,Electronics,South,1,508,151.29,7802,766.73,Nuevo,7.4,9,4,0,0.055
2023-09-13,Headphones,Accessories,South,4,4700,914.6,3546,1292.11,Premium,6.9,12,3,0,0.1
2022-03-14,Keyboard,Accessories,West,8,3216,639.78,1523,683.41,Premium,7.3,10,1,0,0.029
2023-07-15,Laptop,Electronics,West,6,2844,581.0,6339,433.64,Ocasional,8.7,2,3,1,0.061
2022-05-29,Smartphone,Electronics,West,5,2385,258.6,9202,1286.1,Nuevo,8.7,11,2,0,0.127
2023-01-16,Monitor,Accessories,South,8,928,170.05,9763,597.04,Frecuente,9.0,11,1,0,0.082
2023-09-06,Headphones,Accessories,North,6,4656,673.35,2687,805.47,Premium,6.5,13,3,0,0.134
2023-03-29,Headphones,Accessories,North,2,330,21.46,2746,1465.26,Nuevo,9.3,14,1,0,0.035
2023-11-01,Camera,Electronics,North,7,1799,274.11,855,296.0,Ocasional,8.8,14,4,0,0.066
2022-08-25,Printer,Office,East,1,1029,173.61,1841,466.07,Nuevo,6.1,1,3,1,0.075
2022-12-30,Headphones,Accessories,North,8,5432,1619.39,5771,65.98,Ocasional,7.3,9,4,0,0.06
2024-09-04,Camera,Electronics,West,5,5785,1191.11,5694,599.92,Ocasional,7.9,14,3,0,0.103
2024-01-08,Printer,Office,North,1,1062,272.42,4023,316.27,Frecuente,7.4,14,1,0,0.022
2022-12-27,Keyboard,Accessories,North,1,163,22.07,3444,1026.45,Frecuente,6.5,8,4,0,0.078
2024-04-14,Smartphone,Electronics,West,9,9162,1625.62,8383,288.36,Ocasional,6.8,13,2,0,0.021
2023-02-10,Printer,Office,East,4,1440,130.24,4870,1018.72,Ocasional,6.1,13,1,0,0.094
2023-07-15,Monitor,Accessories,South,5,1465,149.62,8178,409.94,Nuevo,6.4,1,3,0,0.125
2024-10-27,Monitor,Accessories,West,2,366,31.23,9650,545.72,Ocasional,7.1,13,4,0,0.003
2024-07-19,Camera,Electronics,South,5,3135,277.28,3512,536.31,Frecuente,9.3,9,3,1,0.069
2024-03-03,Keyboard,Accessories,North,2,630,161.04,2426,1080.79,Frecuente,8.1,9,1,0,0.074
2024-04-12,Monitor,Accessories,South,1,213,42.94,9552,710.43,Ocasional,7.7,3,2,0,0.108
2024-06-20,Monitor,Accessories,North,4,3792,1092.85,6530,554.72,Frecuente,8.6,13,2,0,0.011
2023-06-21,Mouse,Accessories,East,2,1932,109.07,3263,1281.88,Ocasional,8.2,5,2,0,0.061
2023-01-25,Keyboard,Accessories,West,4,4152,317.28,6407,866.49,Ocasional,6.5,6,1,0,0.118
2024-02-17,Smartphone,Electronics,North,7,3612,529.57,5393,336.47,Premium,6.9,5,1,0,0.08
2024-09-09,Smartphone,Electronics,East,2,2258,280.76,9102,1352.14,Ocasional,6.9,14,3,0,0.112
2022-07-09,Camera,Electronics,South,3,594,47.73,2931,527.12,Ocasional,8.4,7,3,0,0.055
2023-09-01,Headphones,Accessories,West,7,8071,1799.06,9918,77.69,Nuevo,7.8,2,3,0,0.138
2024-03-30,Keyboard,Accessories,North,7,5838,631.45,9392,752.01,Frecuente,7.6,1,1,1,0.012
2024-12-22,Keyboard,Accessories,North,4,692,181.31,2216,203.43,Ocasional,8.2,14,4,1,0.014
2024-09-08,Keyboard,Accessories,South,3,1704,309.06,2063,372.93,Frecuente,9.9,4,3,1,0.079
2023-01-21,Printer,Office,South,5,3235,941.24,5564,1125.72,Ocasional,7.3,11,1,0,0.071
2023-10-12,Mouse,Accessories,East,6,4746,545.57,926,213.51,Premium,8.1,1,4,1,0.096
2022-08-01,Smartwatch,Electronics,South,8,7600,788.88,3338,1214.28,Nuevo,7.9,13,3,0,0.034
2023-11-03,Smartphone,Electronics,West,5,1935,128.01,4633,1406.62,Nuevo,8.9,10,4,0,0.034
2023-12-04,Laptop,Electronics,North,3,1638,306.29,9709,917.67,Ocasional,8.9,4,4,1,0.112
2023-06-30,Keyboard,Accessories,West,7,4746,816.6,9927,1071.33,Ocasional,8.9,13,2,1,0.044
2023-02-01,Smartphone,Electronics,North,8,4824,1187.93,1939,1076.11,Premium,6.8,5,1,0,0.109
2022-05-09,Camera,Electronics,South,1,1193,153.72,8970,1489.36,Ocasional,7.8,14,2,1,0.096
2023-12-16,Laptop,Electronics,East,2,562,92.94,1363,525.48,Frecuente,9.2,9,4,0,0.012
2022-03-20,Smartphone,Electronics,North,8,6200,1296.84,7611,261.03,Ocasional,7.5,7,1,0,0.107
2024-07-28,Printer,Office,North,8,4128,315.48,8533,788.37,Premium,9.9,1,3,0,0.132
2022-03-28,Printer,Office,East,5,5405,326.56,8962,809.21,Ocasional,7.5,4,1,0,0.122
2024-11-06,Laptop,Electronics,North,3,1371,104.66,2622,283.31,Frecuente,8.0,1,4,1,0.001
2023-01-01,Keyboard,Accessories,West,5,1405,194.33,8987,927.4,Ocasional,7.9,12,1,0,0.081
2023-03-18,Keyboard,Accessories,North,3,1644,158.32,1601,40.9,Ocasional,7.7,2,1,0,0.137
2024-09-18,Mouse,Accessories,West,6,3414,396.92,5429,1392.95,Frecuente,9.4,2,3,1,0.09
2024-08-19,Laptop,Electronics,East,8,3272,674.57,4960,411.57,Frecuente,6.6,2,3,1,0.044
2022-06-18,Smartphone,Electronics,North,3,2655,646.91,3501,78.55,Ocasional,8.3,14,2,1,0.029
2022-05-29,Smartwatch,Electronics,West,7,1673,458.32,710,180.21,Ocasional,8.5,14,2,1,0.103
2022-06-09,Tablet,Electronics,East,2,846,145.09,7834,375.57,Premium,9.4,11,2,1,0.116
2023-05-03,Smartphone,Electronics,East,1,985,196.64,3688,425.38,Frecuente,8.4,2,2,0,0.137
2023-11-17,Smartwatch,Electronics,North,9,7551,894.4,6785,68.56,Frecuente,9.8,8,4,0,0.136
2022-02-08,Tablet,Electronics,North,5,855,217.16,4397,433.45,Ocasional,9.5,14,1,1,0.051
2023-10-23,Camera,Electronics,South,2,396,94.55,4049,305.55,Ocasional,7.4,2,4,0,0.091
2022-08-24,Tablet,Electronics,West,8,2296,560.48,8919,580.36,Premium,9.4,12,3,0,0.015
2024-05-09,Monitor,Accessories,North,6,1704,199.94,1397,590.05,Ocasional,9.8,1,2,0,0.014
2023-03-12,Smartphone,Electronics,East,2,1180,261.16,7497,521.73,Ocasional,7.0,12,1,0,0.011
2022-10-05,Smartphone,Electronics,East,3,411,55.73,7594,505.33,Ocasional,8.4,8,4,0,0.139
2022-01-19,Mouse,Accessories,East,1,745,151.22,4109,152.8,Premium,7.1,13,1,1,0.023
2022-05-09,Printer,Office,West,9,10656,961.3,2993,57.3,Frecuente,8.6,6,2,0,0.072
2024-05-23,Mouse,Accessories,South,3,1494,178.5,550,319.13,Frecuente,6.4,11,2,0,0.065
2024-07-11,Camera,Electronics,South,5,1755,358.01,9399,1139.84,Frecuente,8.9,12,3,0,0.049
2022-08-22,Camera,Electronics,South,9,4941,894.52,9503,1486.4,Frecuente,7.7,5,3,1,0.081
2024-11-03,Smartwatch,Electronics,North,6,6510,1539.18,2789,1394.22,Premium,8.3,9,4,0,0.0
2024-10-11,Smartphone,Electronics,South,5,5465,719.92,803,766.24,Premium,6.1,7,4,0,0.057
2024-11-09,Tablet,Electronics,South,3,3522,285.91,1666,807.1,Ocasional,8.8,7,4,0,0.072
2024-04-01,Tablet,Electronics,West,6,1656,139.86,1142,485.58,Frecuente,8.0,12,2,0,0.12
2022-07-07,Printer,Office,North,5,1255,257.15,8395,1165.43,Ocasional,8.5,4,3,0,0.105
2023-06-10,Keyboard,Accessories,East,1,1192,320.13,8973,1151.84,Premium,7.3,2,2,0,0.127
2023-05-15,Tablet,Electronics,West,5,1925,204.74,1956,1269.52,Ocasional,6.6,7,2,0,0.056
2022-06-08,Tablet,Electronics,West,8,1688,337.33,7594,1345.35,Frecuente,7.7,12,2,0,0.021
2023-06-26,Headphones,Accessories,South,1,260,16.81,2203,662.84,Ocasional,9.8,3,2,0,0.06
2022-01-19,Monitor,Accessories,West,5,4880,1250.66,3988,1154.98,Ocasional,6.9,5,1,0,0.144
2024-04-10,Keyboard,Accessories,West,7,1134,179.74,6194,1213.47,Frecuente,8.7,10,2,1,0.032
2022-06-10,Laptop,Electronics,North,9,9621,1201.29,7339,476.52,Ocasional,6.2,7,2,1,0.026
2023-02-03,Monitor,Accessories,South,4,2836,698.83,8808,1395.28,Frecuente,8.9,9,1,0,0.142
2023-05-15,Printer,Office,North,9,5859,1153.89,925,159.63,Ocasional,7.0,8,2,0,0.142
2022-09-11,Smartwatch,Electronics,South,2,2044,460.03,2366,1491.52,Premium,7.8,12,3,0,0.022
2023-07-01,Monitor,Accessories,South,1,612,174.52,3164,1159.73,Frecuente,7.5,13,3,0,0.115
2022-02-18,Smartwatch,Electronics,North,3,1890,492.31,3448,158.04,Frecuente,6.5,7,1,1,0.064
2023-09-30,Smartwatch,Electronics,East,5,2025,168.82,9981,991.22,Nuevo,7.4,7,3,0,0.074
2023-09-04,Printer,Office,South,2,1960,312.06,7885,70.59,Frecuente,7.4,4,3,0,0.075
2022-07-07,Camera,Electronics,North,6,4410,893.27,3543,1159.88,Ocasional,8.1,7,3,1,0.145
2024-07-14,Keyboard,Accessories,West,8,8272,2391.88,9732,1202.85,Frecuente,9.9,12,3,1,0.028
2022-09-27,Smartwatch,Electronics,West,6,5712,638.29,5243,911.57,Frecuente,7.9,8,3,1,0.116
2024-04-20,Smartwatch,Electronics,North,6,1524,178.36,5257,1288.15,Frecuente,9.7,10,2,1,0.001
2024-05-24,Keyboard,Accessories,North,8,5160,1057.41,4620,164.87,Nuevo,7.8,6,2,0,0.094
2024-12-29,Mouse,Accessories,East,4,2956,451.6,1867,428.37,Ocasional,6.4,10,4,0,0.098
2023-05-07,Smartphone,Electronics,West,8,7944,2257.73,9376,632.98,Premium,6.9,10,2,0,0.113
2024-09-10,Camera,Electronics,North,5,1815,535.22,632,82.84,Ocasional,7.6,8,3,0,0.139
2023-03-21,Headphones,Accessories,North,3,2706,546.97,2155,683.36,Frecuente,7.3,14,1,0,0.113
2023-05-05,Laptop,Electronics,North,2,1356,144.18,2681,412.52,Premium,9.5,13,2,0,0.11
2023-07-27,Printer,Office,South,6,6384,1189.19,3153,601.25,Ocasional,8.7,3,3,0,0.038
2023-06-13,Smartwatch,Electronics,South,9,4248,964.12,1752,649.15,Premium,8.3,4,2,1,0.149
2024-05-02,Monitor,Accessories,North,6,3954,676.82,670,1321.53,Frecuente,8.0,14,2,0,0.07
2024-04-21,Smartphone,Electronics,South,6,7110,739.6,6937,420.1,Ocasional,7.6,6,2,0,0.063
2023-07-25,Headphones,Accessories,South,7,8113,995.03,9708,1342.74,Frecuente,8.4,5,3,1,0.075
2023-01-26,Headphones,Accessories,North,3,1830,183.62,1657,650.44,Nuevo,6.5,12,1,1,0.059
2023-01-11,Keyboard,Accessories,West,4,3732,671.19,3317,505.16,Ocasional,6.7,9,1,0,0.089
2024-09-27,Mouse,Accessories,West,6,4062,1087.17,5310,763.72,Ocasional,7.2,2,3,0,0.052
2024-12-03,Smartwatch,Electronics,North,1,496,93.31,9311,638.26,Ocasional,6.7,2,4,1,0.036
2023-08-24,Smartwatch,Electronics,East,4,1104,84.31,7095,400.91,Nuevo,8.7,12,3,0,0.139
2023-05-19,Smartphone,Electronics,West,3,2274,662.0,7778,763.97,Frecuente,6.1,11,2,0,0.139
2022-06-13,Smartwatch,Electronics,North,8,4456,1106.04,6020,244.67,Ocasional,6.6,5,2,1,0.074
2022-08-26,Mouse,Accessories,West,8,4928,1038.18,4461,540.86,Ocasional,9.6,13,3,0,0.144
2023-01-22,Smartphone,Electronics,North,4,1740,224.79,2397,857.37,Nuevo,10.0,2,1,0,0.062
2022-08-08,Headphones,Accessories,North,2,178,31.46,8710,631.84,Frecuente,8.0,13,3,0,0.058
2023-11-19,Printer,Office,East,8,5296,1234.81,8139,1239.39,Ocasional,8.0,2,4,0,0.138
2023-06-28,Mouse,Accessories,North,4,4156,847.09,738,399.95,Ocasional,9.1,9,2,0,0.095
2024-10-09,Printer,Office,North,1,624,106.92,7296,1455.26,Frecuente,6.1,12,4,0,0.114
2022-09-04,Smartphone,Electronics,West,4,3892,1052.72,1301,1181.39,Nuevo,7.7,9,3,0,0.062
2024-07-18,Mouse,Accessories,South,9,1620,294.6,7520,1452.04,Frecuente,6.4,11,3,0,0.061
2022-09-22,Mouse,Accessories,West,3,2250,301.97,8346,1260.44,Frecuente,7.6,5,3,1,0.012
2024-07-31,Monitor,Accessories,West,2,1390,316.31,1745,230.31,Ocasional,9.9,5,3,1,0.145
2023-04-21,Camera,Electronics,South,5,5155,1325.16,4621,799.16,Frecuente,9.0,4,2,0,0.034
2022-07-09,Smartwatch,Electronics,North,5,1025,262.91,1675,271.57,Premium,9.9,2,3,1,0.074
2024-07-31,Mouse,Accessories,South,3,1785,244.52,5889,1230.98,Premium,9.0,4,3,0,0.017
2022-09-30,Smartwatch,Electronics,North,9,2952,605.85,9311,884.56,Frecuente,8.4,4,3,0,0.097
2024-12-25,Headphones,Accessories,East,1,773,181.52,1268,409.9,Ocasional,9.0,11,4,0,0.059
2023-03-30,Tablet,Electronics,North,8,1640,361.48,4276,1395.81,Nuevo,8.6,3,1,1,0.115
2023-10-02,Keyboard,Accessories,East,1,1017,69.33,9744,190.48,Ocasional,7.9,3,4,0,0.079
2022-05-23,Headphones,Accessories,East,4,1964,349.91,3359,854.52,Premium,7.2,11,2,0,0.019
2023-04-05,Mouse,Accessories,North,3,2994,638.59,1756,1087.14,Ocasional,8.1,8,2,0,0.002
2023-10-08,Printer,Office,East,9,8046,2210.33,5141,107.1,Nuevo,7.0,4,4,0,0.032
2022-05-22,Printer,Office,West,2,1874,271.5,5329,904.83,Ocasional,7.9,10,2,0,0.109
2023-08-19,Mouse,Accessories,North,8,6008,871.76,6797,1227.53,Frecuente,6.6,4,3,0,0.124
2023-09-06,Camera,Electronics,East,8,7240,411.19,3480,119.94,Premium,8.3,11,3,1,0.051
2024-06-17,Monitor,Accessories,South,9,1188,348.31,9578,778.12,Nuevo,7.0,1,2,0,0.08
2024-12-22,Headphones,Accessories,North,9,2997,163.34,5449,402.66,Nuevo,7.2,9,4,0,0.036
2023-02-02,Printer,Office,West,9,7524,2017.85,3221,1001.13,Premium,8.0,9,1,1,0.132
2022-10-13,Monitor,Accessories,North,5,3625,268.73,9622,195.64,Ocasional,6.7,6,4,1,0.145
2024-03-31,Laptop,Electronics,East,8,6952,871.2,9285,1406.84,Premium,9.8,10,1,1,0.113
2023-05-29,Camera,Electronics,North,9,1053,283.58,5242,1344.2,Premium,7.8,6,2,0,0.013
2024-12-21,Monitor,Accessories,North,9,6696,1224.22,736,295.24,Ocasional,7.4,10,4,0,0.066
2024-10-09,Headphones,Accessories,North,2,1420,93.59,6170,498.43,Ocasional,6.1,4,4,1,0.149
2023-12-29,Camera,Electronics,West,9,9972,2566.01,5774,889.7,Frecuente,9.4,8,4,0,0.034
2022-11-28,Laptop,Electronics,South,8,3136,494.26,1907,1082.73,Nuevo,8.5,11,4,0,0.101
2023-02-10,Camera,Electronics,West,3,225,20.52,6522,675.13,Ocasional,7.7,14,1,0,0.141
2022-05-12,Mouse,Accessories,East,3,1662,375.04,8487,251.31,Premium,7.0,6,2,0,0.116
2024-05-03,Printer,Office,West,4,500,85.96,1506,174.14,Ocasional,9.0,7,2,0,0.091
2022-08-02,Smartphone,Electronics,North,8,3168,747.33,7371,1499.65,Ocasional,9.8,7,3,0,0.076
2023-12-31,Smartphone,Electronics,East,1,622,104.57,1833,693.92,Ocasional,7.5,13,4,0,0.139
2022-04-03,Tablet,Electronics,North,3,1233,361.12,7613,1311.35,Nuevo,6.5,14,2,0,0.059
2024-01-19,Laptop,Electronics,West,3,573,116.14,4481,733.92,Ocasional,6.4,10,1,0,0.135
2022-02-18,Tablet,Electronics,South,1,702,129.34,561,1385.09,Premium,6.0,12,1,1,0.065
2024-05-14,Laptop,Electronics,South,8,4832,1261.06,9679,149.88,Frecuente,9.0,2,2,0,0.113
2023-01-17,Printer,Office,North,5,3765,670.8,2076,188.75,Ocasional,9.9,11,1,0,0.137
2024-05-05,Camera,Electronics,North,8,6928,1415.16,6162,1395.86,Nuevo,10.0,12,2,0,0.083
2023-02-01,Headphones,Accessories,West,7,1624,436.13,2223,1422.29,Premium,9.1,11,1,0,0.046
2023-04-01,Headphones,Accessories,North,1,68,10.39,9363,485.78,Premium,6.6,9,2,1,0.008
2023-06-04,Mouse,Accessories,North,1,651,187.99,7514,545.64,Ocasional,9.9,13,2,0,0.121
2024-09-16,Printer,Office,North,7,6293,718.49,8141,689.63,Premium,7.3,10,3,0,0.093
2023-02-16,Keyboard,Accessories,West,2,1068,85.71,4604,635.92,Premium,7.3,12,1,0,0.039
2023-10-17,Keyboard,Accessories,North,1,381,26.69,4940,301.27,Nuevo,8.7,3,4,0,0.132
2022-07-21,Printer,Office,South,2,2016,426.43,6525,1349.6,Ocasional,6.2,10,3,0,0.138
2024-02-10,Headphones,Accessories,West,2,1224,340.67,7955,394.9,Nuevo,9.3,7,1,1,0.133
2022-10-23,Monitor,Accessories,South,5,2180,400.01,8546,1063.8,Ocasional,10.0,13,4,0,0.09
2024-09-12,Laptop,Electronics,North,9,2853,353.09,669,119.39,Frecuente,9.1,13,3,1,0.146
2022-10-04,Mouse,Accessories,South,1,272,45.33,6803,77.35,Nuevo,9.1,12,4,0,0.131
2022-03-14,Smartphone,Electronics,North,4,2640,183.23,1536,987.52,Frecuente,7.6,4,1,0,0.016
2024-04-26,Monitor,Accessories,North,2,488,129.02,3235,521.74,Frecuente,6.3,7,2,1,0.147
2023-11-10,Printer,Office,South,8,9184,1795.93,8379,990.08,Nuevo,9.2,1,4,0,0.082
2024-04-12,Tablet,Electronics,North,5,280,23.98,2879,159.15,Ocasional,8.4,14,2,1,0.138
2024-10-03,Keyboard,Accessories,East,3,2889,604.45,8069,1425.78,Nuevo,9.6,4,4,0,0.114
2024-07-18,Laptop,Electronics,West,1,625,125.9,4898,1127.8,Frecuente,6.5,9,3,0,0.097
2024-04-16,Keyboard,Accessories,South,8,7056,538.48,2710,1316.88,Nuevo,7.2,7,2,0,0.049
2023-07-11,Tablet,Electronics,West,8,3936,720.2,3675,221.98,Ocasional,7.4,13,3,0,0.004
2022-09-19,Smartwatch,Electronics,East,6,2472,363.38,5542,493.84,Ocasional,8.7,12,3,1,0.042
2022-06-19,Mouse,Accessories,West,5,855,67.57,7768,565.15,Nuevo,9.2,11,2,0,0.103
2024-02-25,Mouse,Accessories,West,3,3480,560.39,6257,815.02,Frecuente,9.8,10,1,0,0.129
2023-03-07,Camera,Electronics,South,1,846,103.3,9365,459.37,Ocasional,7.2,2,1,1,0.0
2022-03-09,Keyboard,Accessories,North,1,158,46.24,8743,109.73,Ocasional,8.0,13,1,1,0.031
2022-12-31,Mouse,Accessories,South,9,3186,583.24,7656,565.94,Ocasional,6.1,1,4,1,0.101
2024-02-01,Mouse,Accessories,North,7,6972,969.43,6229,396.73,Nuevo,7.0,7,1,1,0.043
2024-04-15,Mouse,Accessories,East,5,1745,449.64,3253,591.16,Ocasional,7.5,6,2,0,0.021
2024-05-15,Laptop,Electronics,East,8,4256,372.95,4419,311.5,Premium,8.4,6,2,0,0.012
2022-04-14,Keyboard,Accessories,South,3,1674,499.63,1629,407.61,Frecuente,7.9,14,2,1,0.096
2024-09-25,Camera,Electronics,North,8,6488,1072.86,4054,947.89,Nuevo,7.5,4,3,0,0.089
2022-03-05,Tablet,Electronics,East,5,3530,803.86,9301,594.47,Nuevo,8.5,9,1,0,0.129
2022-09-03,Mouse,Accessories,North,2,632,87.45,4545,531.17,Nuevo,9.3,4,3,1,0.047
2024-11-09,Monitor,Accessories,North,7,3675,236.8,1580,810.18,Premium,7.0,13,4,0,0.021
2023-09-12,Smartwatch,Electronics,West,6,5592,926.42,6693,1162.35,Frecuente,7.4,11,3,1,0.12
2023-02-11,Keyboard,Accessories,East,6,6432,807.94,9644,580.72,Ocasional,8.8,6,1,0,0.148
2023-08-27,Camera,Electronics,East,3,3069,503.3,8741,889.53,Ocasional,9.1,2,3,1,0.054
2023-05-26,Keyboard,Accessories,North,7,2898,490.11,3103,1449.98,Premium,9.3,3,2,0,0.13
2024-05-30,Tablet,Electronics,North,4,3960,632.76,4812,792.53,Ocasional,6.8,4,2,0,0.114
2024-07-31,Tablet,Electronics,South,3,1476,85.16,5544,1366.5,Premium,8.2,6,3,1,0.137
2023-11-14,Printer,Office,East,2,1058,298.69,2854,1194.64,Frecuente,9.6,13,4,0,0.064
2023-11-27,Monitor,Accessories,South,5,1215,162.02,3052,106.9,Frecuente,7.6,2,4,0,0.015
2024-03-04,Camera,Electronics,North,3,204,20.43,2748,655.07,Premium,7.7,9,1,1,0.018
2024-12-24,Tablet,Electronics,West,7,4137,221.66,9948,1053.51,Premium,9.9,5,4,1,0.114
2022-05-21,Camera,Electronics,West,5,250,16.81,7587,1480.33,Nuevo,6.5,1,2,1,0.129
2022-09-14,Tablet,Electronics,West,5,1185,254.34,8488,698.4,Ocasional,8.8,9,3,0,0.069
2024-03-12,Headphones,Accessories,South,2,1504,108.52,8257,157.32,Nuevo,9.4,10,1,0,0.009
2024-06-28,Keyboard,Accessories,West,6,6888,945.07,9611,851.77,Frecuente,6.6,14,2,0,0.01
2024-12-25,Smartphone,Electronics,West,3,3588,958.84,1500,207.31,Frecuente,8.9,8,4,0,0.09
2022-11-18,Laptop,Electronics,South,7,1477,367.22,8875,1132.25,Frecuente,7.9,5,4,0,0.138
2022-10-22,Smartwatch,Electronics,East,8,1280,131.56,1132,771.36,Ocasional,9.4,12,4,0,0.06
2024-11-16,Tablet,Electronics,South,7,7161,630.76,5016,1090.68,Frecuente,9.6,4,4,0,0.098
2023-03-13,Printer,Office,North,5,1850,346.4,6147,1306.66,Ocasional,9.5,10,1,0,0.081
2023-12-27,Mouse,Accessories,East,3,3378,520.31,3899,950.84,Ocasional,6.3,14,4,0,0.133
2024-10-30,Laptop,Electronics,West,7,7672,2046.38,1888,926.41,Nuevo,9.0,1,4,0,0.125
2024-11-03,Tablet,Electronics,South,6,4254,938.66,2326,1136.76,Frecuente,9.7,13,4,0,0.03
2024-11-19,Keyboard,Accessories,East,5,2285,279.9,8334,1266.83,Ocasional,8.5,3,4,1,0.102
2024-04-29,Keyboard,Accessories,West,7,5775,680.6,3527,1306.2,Frecuente,8.4,7,2,1,0.127
2022-10-21,Smartphone,Electronics,North,9,9360,910.35,3448,73.92,Premium,6.2,4,4,0,0.14
2023-01-25,Printer,Office,North,8,6936,1156.52,9271,843.16,Ocasional,9.4,3,1,1,0.088
2022-05-17,Camera,Electronics,East,9,5634,464.71,1866,340.08,Ocasional,6.2,10,2,1,0.026
2024-03-29,Smartphone,Electronics,North,4,2644,731.86,9195,1293.31,Ocasional,7.3,7,1,0,0.084
2023-11-22,Headphones,Accessories,North,1,247,35.65,9249,979.63,Premium,9.7,8,4,0,0.1
2023-09-24,Laptop,Electronics,East,7,1869,357.27,6186,641.93,Nuevo,9.8,7,3,0,0.041
2024-07-17,Smartwatch,Electronics,West,7,1988,430.59,2072,298.39,Nuevo,10.0,11,3,0,0.146
2023-06-17,Laptop,Electronics,West,4,1920,549.11,1980,521.75,Frecuente,7.9,14,2,0,0.034
2024-05-20,Headphones,Accessories,West,3,2577,196.37,3204,1061.59,Nuevo,6.7,8,2,0,0.137
2024-06-10,Camera,Electronics,East,3,828,117.95,5985,322.45,Frecuente,8.0,3,2,1,0.064
2022-01-31,Camera,Electronics,South,2,1580,403.76,1959,158.5,Ocasional,6.4,5,1,0,0.0
2023-09-13,Camera,Electronics,East,9,9009,1909.26,4828,1334.28,Nuevo,9.5,7,3,0,0.081
2022-10-01,Smartphone,Electronics,East,9,7425,1580.86,1597,1151.03,Ocasional,8.2,2,4,1,0.094
2024-12-24,Monitor,Accessories,West,5,2945,672.35,5632,315.7,Ocasional,7.6,4,4,1,0.13
2023-07-19,Mouse,Accessories,West,3,294,22.9,700,452.62,Frecuente,6.3,3,3,1,0.081
2024-05-17,Mouse,Accessories,South,5,5875,789.23,7235,1458.66,Ocasional,7.6,14,2,1,0.014
2022-01-17,Smartwatch,Electronics,West,3,1308,197.6,1026,1068.11,Ocasional,9.5,6,1,1,0.139
2024-01-10,Monitor,Accessories,South,4,2360,391.82,2350,923.57,Premium,8.8,13,1,0,0.085
2023-04-10,Smartwatch,Electronics,West,6,1008,245.45,2159,475.29,Premium,6.3,8,2,1,0.041
2023-10-27,Smartwatch,Electronics,North,6,1344,338.4,8394,462.71,Ocasional,6.6,8,4,0,0.135
2022-01-12,Printer,Office,West,7,5635,1185.97,1007,78.49,Ocasional,7.6,14,1,0,0.018
2023-09-15,Mouse,Accessories,East,4,4088,1200.03,4577,1098.15,Ocasional,6.4,10,3,0,0.015
2024-12-04,Camera,Electronics,South,8,2192,441.77,6115,83.9,Nuevo,9.7,4,4,0,0.08
2022-06-06,Keyboard,Accessories,South,8,1952,444.15,5401,27.19,Ocasional,8.6,4,2,0,0.094
2023-01-28,Smartphone,Electronics,East,7,3955,1144.76,6966,1099.65,Frecuente,6.4,10,1,0,0.077
2023-06-24,Mouse,Accessories,South,8,5256,1118.16,8129,1424.33,Frecuente,9.2,1,2,0,0.139
2022-12-28,Camera,Electronics,North,1,1163,115.09,4239,1139.62,Ocasional,7.5,3,4,0,0.039
2022-09-24,Smartwatch,Electronics,North,9,5004,973.65,8368,718.03,Ocasional,7.0,2,3,0,0.149
2023-05-06,Mouse,Accessories,North,8,9128,1342.19,3520,739.35,Ocasional,8.3,10,2,1,0.003
2023-07-13,Laptop,Electronics,East,4,4700,576.34,9852,665.48,Ocasional,6.1,7,3,0,0.018
2022-01-05,Camera,Electronics,West,2,1686,146.39,5292,500.47,Ocasional,7.9,1,1,0,0.028
2024-08-03,Keyboard,Accessories,South,9,4572,279.54,7492,792.14,Ocasional,9.4,11,3,0,0.012
2023-08-21,Smartphone,Electronics,South,5,2510,515.12,8812,658.1,Ocasional,9.7,10,3,1,0.066
2023-06-04,Smartphone,Electronics,West,3,3117,829.09,8030,905.29,Premium,7.4,11,2,0,0.13
2024-05-12,Laptop,Electronics,West,1,380,94.35,8585,1349.22,Ocasional,8.6,3,2,0,0.123
2023-07-14,Monitor,Accessories,West,9,2889,604.19,5596,1492.61,Ocasional,6.9,13,3,0,0.112
2024-11-08,Smartwatch,Electronics,East,9,3654,581.9,913,136.54,Premium,8.2,3,4,1,0.001
2023-09-12,Printer,Office,East,6,5610,298.77,5184,589.33,Ocasional,7.0,8,3,1,0.13
2024-04-27,Smartphone,Electronics,South,1,668,99.4,2224,287.45,Ocasional,8.3,8,2,1,0.059
2022-01-08,Smartphone,Electronics,South,7,3983,360.13,8946,541.14,Ocasional,6.7,4,1,1,0.11
2024-01-24,Keyboard,Accessories,South,1,1112,272.81,2749,445.46,Ocasional,9.8,6,1,0,0.109
2022-06-20,Monitor,Accessories,North,9,4230,221.06,2666,278.31,Frecuente,9.5,1,2,0,0.027
2024-08-01,Tablet,Electronics,East,8,2968,530.3,2869,1150.83,Frecuente,7.3,7,3,0,0.077
2022-01-10,Monitor,Accessories,West,5,4690,706.74,6604,754.51,Frecuente,9.1,10,1,0,0.139
2022-05-09,Camera,Electronics,West,6,4296,1240.31,5926,1380.48,Frecuente,6.4,5,2,1,0.039
2023-12-19,Camera,Electronics,North,7,7203,523.52,9513,68.24,Ocasional,9.0,8,4,1,0.107
2022-11-20,Smartphone,Electronics,North,4,3640,695.31,4454,119.13,Ocasional,7.1,14,4,0,0.144
2022-11-11,Smartphone,Electronics,East,1,1131,304.62,3181,616.84,Ocasional,6.5,4,4,0,0.054
2024-01-03,Camera,Electronics,West,9,3627,797.53,967,138.81,Frecuente,8.7,5,1,0,0.058
2023-08-11,Mouse,Accessories,South,8,7968,1249.98,567,408.84,Frecuente,7.9,2,3,0,0.068
2022-11-23,Headphones,Accessories,South,3,3546,490.28,4049,1479.32,Frecuente,8.1,8,4,0,0.121
2024-03-01,Tablet,Electronics,South,5,2270,546.56,9295,329.26,Ocasional,8.1,3,1,0,0.066
2023-07-07,Keyboard,Accessories,West,2,1354,136.91,5475,313.21,Frecuente,6.2,12,3,0,0.073
2023-04-20,Headphones,Accessories,West,7,6811,1423.57,8988,868.99,Ocasional,6.2,5,2,0,0.033
2022-02-09,Smartwatch,Electronics,East,3,1410,232.65,1465,757.04,Ocasional,8.4,10,1,0,0.148
2022-10-17,Keyboard,Accessories,North,2,1170,249.99,1386,879.05,Ocasional,8.5,3,4,1,0.134
2023-08-04,Laptop,Electronics,East,7,4739,740.74,8417,577.57,Frecuente,6.2,5,3,0,0.09
2023-12-01,Mouse,Accessories,South,9,7866,1554.38,1514,1243.61,Frecuente,7.5,3,4,0,0.144
2022-07-31,Monitor,Accessories,East,5,3645,388.31,993,225.1,Ocasional,8.5,8,3,0,0.103
2023-02-24,Headphones,Accessories,East,6,5358,568.34,4338,654.02,Ocasional,8.6,1,1,1,0.144
2024-05-18,Camera,Electronics,North,5,1775,486.37,9285,1040.85,Premium,9.3,2,2,0,0.024
2023-05-19,Headphones,Accessories,South,9,4905,1351.25,7049,1304.99,Nuevo,7.7,8,2,1,0.034
2022-09-29,Mouse,Accessories,East,6,4260,372.33,1441,566.97,Ocasional,8.2,8,3,0,0.133
2024-09-03,Printer,Office,East,2,1632,292.78,8452,860.26,Frecuente,8.3,5,3,0,0.063
2023-03-12,Smartwatch,Electronics,East,6,3324,466.78,8513,122.33,Frecuente,7.2,7,1,0,0.056
2023-07-17,Camera,Electronics,West,5,4590,347.14,8106,272.07,Frecuente,6.2,6,3,1,0.113
2022-04-14,Laptop,Electronics,East,9,8496,2182.42,9075,122.32,Frecuente,6.0,11,2,1,0.095
2022-06-16,Printer,Office,North,6,6444,518.79,2778,1097.26,Frecuente,9.3,7,2,1,0.052
2022-03-14,Camera,Electronics,North,1,812,51.13,9805,446.33,Ocasional,6.8,12,1,1,0.06
2023-07-15,Monitor,Accessories,West,6,1764,465.93,3546,1091.14,Frecuente,8.5,4,3,0,0.061
2024-05-13,Printer,Office,West,1,1012,172.67,8119,118.27,Nuevo,8.3,3,2,0,0.019
2023-05-03,Keyboard,Accessories,South,2,836,47.07,6003,1296.57,Nuevo,7.6,6,2,0,0.034
2023-12-29,Smartwatch,Electronics,East,1,723,115.26,7905,1256.58,Frecuente,9.3,2,4,0,0.081
2022-12-05,Headphones,Accessories,North,6,5628,1033.15,6464,151.61,Premium,8.8,10,4,0,0.117
2024-09-26,Laptop,Electronics,North,5,1660,283.14,6603,55.16,Ocasional,6.1,6,3,1,0.063
2023-03-28,Headphones,Accessories,West,3,2295,244.83,6354,103.31,Nuevo,9.1,6,1,1,0.058
2024-04-19,Printer,Office,East,2,2190,477.8,7900,1283.37,Nuevo,8.0,8,2,1,0.098
2024-10-11,Tablet,Electronics,East,7,3500,919.35,7520,367.36,Premium,7.4,2,4,0,0.024
2022-04-23,Headphones,Accessories,West,2,1098,239.92,1778,831.44,Frecuente,8.9,6,2,1,0.057
2023-06-01,Mouse,Accessories,North,5,945,194.03,8347,650.84,Premium,8.7,14,2,1,0.031
2022-02-19,Mouse,Accessories,West,6,5622,1382.67,5592,1197.38,Ocasional,7.2,9,1,1,0.098
2023-07-13,Camera,Electronics,East,3,2325,309.49,3569,743.57,Ocasional,9.9,9,3,0,0.017
2022-08-03,Keyboard,Accessories,South,1,1157,252.08,5385,760.98,Ocasional,8.6,8,3,0,0.067
2024-01-30,Printer,Office,West,3,531,126.24,9686,1483.86,Ocasional,8.4,7,1,1,0.089
2023-07-23,Tablet,Electronics,West,2,1760,278.09,8646,242.19,Frecuente,6.3,14,3,1,0.125
2023-11-12,Smartwatch,Electronics,North,1,371,108.58,8420,1249.44,Ocasional,7.1,14,4,0,0.109
2024-10-15,Smartphone,Electronics,East,4,1896,191.7,4896,96.59,Premium,7.8,6,4,0,0.141
2023-08-09,Smartwatch,Electronics,South,2,514,106.75,7949,726.92,Ocasional,8.5,13,3,0,0.102
2022-08-18,Monitor,Accessories,West,7,1876,129.25,4158,1331.78,Ocasional,8.1,2,3,0,0.052
2023-08-19,Camera,Electronics,East,6,1182,236.12,7018,1004.52,Ocasional,9.1,5,3,1,0.035
2022-03-14,Smartphone,Electronics,North,5,4255,961.41,6575,1034.12,Frecuente,7.1,5,1,0,0.008
2022-09-15,Monitor,Accessories,North,9,1341,150.7,2873,409.71,Ocasional,8.8,10,3,0,0.042
2022-09-23,Keyboard,Accessories,North,1,644,49.25,3031,639.49,Ocasional,9.3,9,3,1,0.021
2024-05-17,Monitor,Accessories,South,3,1827,94.4,1080,562.54,Premium,9.1,7,2,0,0.055
2024-10-27,Camera,Electronics,North,1,930,136.16,1827,791.74,Frecuente,9.1,4,4,0,0.105
2022-02-15,Camera,Electronics,South,4,528,152.8,4619,704.1,Ocasional,9.6,8,1,0,0.104
2022-02-23,Monitor,Accessories,South,6,4236,739.22,5039,503.81,Frecuente,6.3,4,1,0,0.048
2023-01-14,Headphones,Accessories,North,4,1664,190.82,2068,472.11,Premium,8.8,7,1,1,0.076
2023-01-12,Smartwatch,Electronics,North,3,2727,554.46,4460,391.26,Frecuente,9.9,5,1,1,0.033
2022-02-08,Smartwatch,Electronics,North,2,522,52.73,6239,560.27,Frecuente,8.3,13,1,1,0.075
2024-12-06,Mouse,Accessories,West,7,8288,1945.03,2709,241.91,Frecuente,6.9,11,4,0,0.077
2024-03-12,Laptop,Electronics,West,9,1062,73.58,3713,1310.71,Ocasional,10.0,3,1,1,0.045
2023-10-01,Smartphone,Electronics,East,3,1140,226.52,3991,911.14,Frecuente,6.7,14,4,0,0.039
2024-04-12,Keyboard,Accessories,East,8,3488,712.24,5298,218.0,Ocasional,7.3,10,2,1,0.147
2023-12-22,Tablet,Electronics,North,8,5920,1436.7,3980,1046.91,Frecuente,6.7,5,4,0,0.081
2024-03-06,Monitor,Accessories,North,9,3096,362.89,7500,1274.55,Frecuente,7.9,8,1,0,0.084
2024-05-02,Monitor,Accessories,South,5,3490,205.04,3611,371.55,Frecuente,7.7,3,2,0,0.001
2022-04-02,Smartwatch,Electronics,South,6,4374,702.62,4622,242.89,Ocasional,8.0,1,2,1,0.027
2024-02-11,Smartphone,Electronics,South,6,3366,541.86,4104,32.75,Nuevo,9.7,6,1,1,0.053
2024-04-02,Printer,Office,East,6,822,231.62,2237,89.93,Frecuente,7.9,11,2,0,0.145
2024-11-27,Monitor,Accessories,North,2,340,39.12,7014,1148.13,Premium,8.1,5,4,0,0.026
2022-08-30,Mouse,Accessories,East,1,763,217.94,2736,1481.04,Frecuente,9.5,6,3,1,0.045
2022-07-15,Headphones,Accessories,West,4,3408,856.98,3320,86.42,Frecuente,9.3,14,3,0,0.149
2022-02-21,Tablet,Electronics,West,7,2282,537.71,8031,1127.15,Ocasional,7.0,14,1,0,0.072
2023-09-14,Camera,Electronics,South,7,4151,1047.43,9514,126.36,Premium,6.1,7,3,1,0.048
2024-04-08,Laptop,Electronics,North,7,6279,1689.55,6873,896.36,Nuevo,8.5,1,2,0,0.095
2023-10-24,Monitor,Accessories,North,3,474,83.32,9205,1138.99,Ocasional,9.4,10,4,1,0.074
2023-04-16,Monitor,Accessories,West,5,680,176.44,8614,551.62,Ocasional,8.2,11,2,0,0.144
2023-10-15,Headphones,Accessories,West,9,8496,1721.6,5068,36.18,Ocasional,6.8,13,4,1,0.012
2023-08-20,Keyboard,Accessories,South,7,7826,714.68,7817,900.88,Premium,9.0,14,3,0,0.119
2023-10-24,Mouse,Accessories,South,6,4014,717.44,3619,1487.04,Ocasional,8.7,9,4,1,0.042
2024-07-26,Laptop,Electronics,East,1,687,62.82,4874,401.27,Premium,8.3,2,3,0,0.121
2024-10-31,Smartwatch,Electronics,South,3,2943,234.27,5586,300.45,Ocasional,9.5,4,4,1,0.127
2022-04-28,Printer,Office,East,7,5649,660.37,9624,203.41,Ocasional,9.1,11,2,1,0.127
2024-08-15,Tablet,Electronics,North,8,3296,623.67,8561,841.78,Premium,8.7,9,3,0,0.13
2024-09-28,Headphones,Accessories,North,3,1137,173.92,5147,902.74,Ocasional,8.7,7,3,0,0.108
2024-07-18,Smartphone,Electronics,North,2,380,101.7,6699,1192.56,Premium,8.6,6,3,0,0.021
2022-10-22,Laptop,Electronics,West,5,4405,1247.86,2422,1134.55,Premium,8.1,10,4,0,0.008
2022-11-01,Tablet,Electronics,East,1,120,9.43,8141,1340.96,Ocasional,7.9,6,4,0,0.051
2023-06-13,Printer,Office,East,1,1176,182.07,5753,1212.54,Frecuente,8.8,3,2,0,0.074
2023-02-20,Camera,Electronics,South,3,1770,366.58,5560,385.96,Nuevo,8.4,14,1,0,0.045
2023-05-20,Camera,Electronics,South,6,4302,965.02,7779,842.7,Ocasional,8.0,5,2,1,0.111
2023-12-19,Camera,Electronics,North,3,2988,362.68,6512,460.17,Ocasional,6.5,4,4,0,0.108
2024-06-17,Headphones,Accessories,East,3,3033,458.41,1188,508.08,Frecuente,8.8,1,2,0,0.146
2023-07-14,Mouse,Accessories,South,9,6363,1752.65,3237,1399.28,Premium,8.6,7,3,0,0.06
2022-07-04,Tablet,Electronics,West,6,3402,501.29,2178,1029.21,Nuevo,7.4,14,3,0,0.118
2022-03-23,Keyboard,Accessories,South,4,3496,1032.81,7481,1462.39,Premium,7.4,3,1,0,0.111
2022-11-19,Monitor,Accessories,East,4,1080,204.95,833,637.03,Ocasional,7.0,4,4,1,0.148
2022-02-28,Headphones,Accessories,East,6,1530,218.99,2422,815.41,Frecuente,9.8,3,1,0,0.116
2023-09-11,Keyboard,Accessories,West,4,3568,764.2,6175,740.93,Frecuente,9.4,2,3,0,0.043
2022-11-13,Smartphone,Electronics,West,1,954,48.97,7100,178.78,Ocasional,8.2,9,4,0,0.002
2024-03-17,Camera,Electronics,West,4,1196,223.66,5281,370.32,Ocasional,7.6,5,1,0,0.145
2022-02-13,Smartwatch,Electronics,North,4,2136,217.47,8676,800.9,Ocasional,8.9,11,1,1,0.107
2024-07-13,Printer,Office,South,9,8496,2316.03,9229,119.71,Nuevo,8.1,6,3,0,0.122
2024-05-07,Laptop,Electronics,West,7,7280,1450.82,1754,1398.56,Frecuente,9.9,9,2,0,0.119
2022-09-24,Smartwatch,Electronics,South,5,4935,625.39,9548,203.29,Frecuente,6.2,2,3,0,0.11
2024-08-12,Tablet,Electronics,South,8,9056,872.48,6336,313.01,Premium,6.1,5,3,0,0.113
2023-01-06,Smartwatch,Electronics,South,1,563,46.96,6544,1152.68,Ocasional,8.3,6,1,0,0.139
2022-03-03,Printer,Office,South,2,1570,247.7,1403,163.46,Frecuente,6.8,1,1,0,0.137
2022-03-02,Camera,Electronics,North,3,2181,517.02,6407,1352.41,Ocasional,8.4,6,1,1,0.057
2024-09-25,Mouse,Accessories,North,4,3808,442.33,7394,1094.04,Frecuente,9.1,7,3,0,0.005
2022-12-06,Keyboard,Accessories,West,7,6552,635.09,6017,121.56,Ocasional,6.6,6,4,0,0.006
2023-06-18,Laptop,Electronics,South,8,6544,1086.29,1302,1043.93,Ocasional,7.8,8,2,1,0.067
2023-11-21,Mouse,Accessories,West,3,2631,157.19,5470,954.81,Nuevo,8.8,12,4,0,0.125
2023-03-31,Monitor,Accessories,West,9,945,94.75,9391,1140.88,Premium,9.3,11,1,0,0.127
2024-06-11,Monitor,Accessories,West,2,760,192.42,7372,1245.73,Nuevo,8.0,1,2,1,0.061
2023-04-25,Monitor,Accessories,North,4,1392,394.48,1805,1083.16,Frecuente,6.8,9,2,1,0.045
2022-12-17,Smartwatch,Electronics,East,3,1242,206.74,9619,887.54,Frecuente,8.3,13,4,1,0.076
2024-07-05,Laptop,Electronics,East,3,3183,868.73,9609,497.25,Frecuente,7.8,13,3,1,0.125
2023-04-07,Monitor,Accessories,West,5,4260,229.77,2109,1051.97,Frecuente,9.1,5,2,0,0.095
2022-07-26,Smartphone,Electronics,West,1,1041,132.46,8108,1436.32,Ocasional,8.2,11,3,1,0.021
2022-05-18,Smartwatch,Electronics,East,3,1692,348.81,4363,889.53,Frecuente,7.1,12,2,0,0.054
2022-03-15,Camera,Electronics,North,4,1728,403.06,6139,1003.23,Frecuente,9.0,6,1,0,0.083
2023-10-13,Camera,Electronics,South,4,4484,893.27,4729,666.95,Ocasional,8.1,13,4,1,0.081
2024-06-19,Smartphone,Electronics,East,7,4123,750.05,7934,1139.06,Ocasional,6.7,9,2,1,0.125
2024-11-03,Mouse,Accessories,East,2,2372,392.07,9968,1496.55,Ocasional,8.3,11,4,1,0.14
2023-04-16,Smartphone,Electronics,East,7,5201,745.2,8053,257.38,Ocasional,9.8,11,2,0,0.015
2024-09-27,Mouse,Accessories,South,5,3100,695.28,9348,319.56,Premium,8.8,11,3,1,0.034
2022-07-12,Smartwatch,Electronics,East,6,5292,1105.95,9487,818.37,Ocasional,7.2,14,3,0,0.059
2023-03-06,Tablet,Electronics,South,6,5952,971.53,1356,732.44,Premium,8.8,13,1,1,0.044
2023-01-10,Smartphone,Electronics,East,4,1932,472.91,2907,865.92,Frecuente,7.1,6,1,1,0.061
2023-10-05,Tablet,Electronics,West,6,3486,1011.74,7357,92.63,Premium,8.2,8,4,0,0.006
2024-05-25,Tablet,Electronics,West,2,1708,441.43,6105,618.33,Ocasional,8.1,10,2,1,0.01
2024-09-12,Monitor,Accessories,South,4,4324,288.12,976,882.81,Frecuente,7.0,12,3,0,0.126
2024-07-30,Laptop,Electronics,South,4,2708,302.14,1402,886.08,Ocasional,7.4,6,3,0,0.015
2022-03-29,Printer,Office,West,8,7944,1142.83,5445,992.85,Frecuente,9.8,5,1,1,0.124
2023-04-10,Camera,Electronics,East,3,684,39.33,6353,1085.92,Frecuente,7.0,11,2,0,0.046
2023-01-01,Printer,Office,West,9,5904,1440.45,2093,969.49,Frecuente,9.2,14,1,0,0.046
2024-03-20,Printer,Office,South,5,4970,1080.12,2127,1189.56,Premium,8.7,13,1,0,0.015
2024-02-02,Headphones,Accessories,West,2,2288,234.97,1728,944.65,Frecuente,8.1,3,1,0,0.002
2023-07-18,Smartphone,Electronics,East,6,4662,350.79,5867,815.51,Ocasional,6.6,13,3,0,0.053
2022-02-25,Mouse,Accessories,East,4,2532,404.96,574,917.17,Ocasional,6.8,12,1,0,0.125
2024-12-19,Tablet,Electronics,South,8,9328,1008.6,5938,169.77,Premium,6.7,3,4,0,0.138
2022-02-05,Printer,Office,North,1,686,86.18,5021,424.27,Ocasional,8.3,1,1,0,0.009
2024-02-29,Smartwatch,Electronics,South,6,1290,343.35,4926,800.55,Frecuente,9.9,3,1,0,0.005
2022-08-26,Printer,Office,West,5,1205,235.19,6953,1312.02,Premium,9.5,14,3,0,0.024
2024-09-17,Headphones,Accessories,South,7,7966,1313.56,5465,1025.0,Frecuente,6.1,11,3,0,0.115
2022-08-14,Camera,Electronics,North,7,1085,130.72,7413,153.8,Frecuente,7.1,9,3,1,0.031
2024-08-29,Monitor,Accessories,West,9,6633,1239.11,7757,896.57,Frecuente,6.6,9,3,0,0.035
2024-11-21,Laptop,Electronics,North,7,5096,971.5,9241,348.17,Ocasional,9.9,6,4,0,0.133
2022-07-20,Tablet,Electronics,East,4,4120,710.07,8092,1106.34,Frecuente,6.9,13,3,0,0.131
2022-08-15,Monitor,Accessories,West,3,1479,207.58,5418,1244.61,Ocasional,6.8,3,3,0,0.101
2024-04-09,Smartphone,Electronics,West,7,1652,397.49,5175,898.32,Frecuente,8.5,5,2,1,0.025
2022-07-07,Laptop,Electronics,South,1,1028,240.61,2739,895.22,Ocasional,8.2,3,3,0,0.057
2023-05-01,Monitor,Accessories,East,4,4580,655.14,6196,521.12,Ocasional,6.9,12,2,0,0.035
2024-01-28,Monitor,Accessories,South,8,2152,196.53,1821,680.45,Frecuente,8.7,8,1,1,0.101
2022-07-04,Monitor,Accessories,South,6,4566,866.13,9346,1298.88,Premium,6.4,10,3,0,0.117
2024-04-06,Headphones,Accessories,East,3,2244,301.53,8527,1090.51,Ocasional,6.1,13,2,1,0.021
2024-02-01,Mouse,Accessories,West,4,1344,140.52,1637,789.24,Nuevo,6.3,3,1,0,0.135
2023-10-01,Printer,Office,South,6,2622,131.53,7966,564.98,Nuevo,7.5,14,4,0,0.069
2022-12-03,Smartphone,Electronics,South,1,325,46.84,1612,94.56,Frecuente,9.9,2,4,1,0.119
2024-12-17,Keyboard,Accessories,West,1,960,95.88,7351,231.65,Ocasional,8.2,11,4,0,0.008
2023-11-30,Smartphone,Electronics,North,7,2639,268.88,1333,305.68,Frecuente,9.0,10,4,0,0.054
2024-06-05,Printer,Office,South,5,1025,246.15,5137,572.61,Frecuente,7.3,12,2,1,0.002
2022-01-13,Monitor,Accessories,West,2,1924,434.86,6749,1417.33,Ocasional,8.9,3,1,0,0.108
2023-08-29,Smartphone,Electronics,North,2,1660,362.88,7423,767.63,Ocasional,9.9,14,3,1,0.012
2022-05-23,Printer,Office,North,1,985,105.09,4476,367.56,Ocasional,7.4,12,2,0,0.051
2024-07-14,Keyboard,Accessories,North,5,2600,537.11,9255,176.51,Ocasional,10.0,2,3,0,0.117
2024-10-21,Camera,Electronics,West,4,2792,725.35,7856,520.69,Frecuente,8.6,8,4,1,0.112
2024-08-31,Headphones,Accessories,North,2,378,87.37,2478,1227.28,Ocasional,9.0,12,3,0,0.096
2022-04-17,Camera,Electronics,West,8,968,271.61,6876,587.35,Frecuente,7.0,7,2,0,0.104
2024-05-12,Smartwatch,Electronics,North,3,564,108.35,7440,1163.31,Premium,8.6,6,2,1,0.098
2023-01-25,Laptop,Electronics,South,5,2365,667.61,3669,1208.0,Frecuente,8.0,4,1,0,0.096
2024-04-01,Smartphone,Electronics,West,6,3252,834.84,7513,184.01,Nuevo,9.8,8,2,0,0.052
2024-05-05,Camera,Electronics,North,1,276,42.68,9034,920.82,Frecuente,9.6,14,2,1,0.004
2024-05-20,Mouse,Accessories,West,3,3408,205.76,8262,1439.46,Premium,7.6,9,2,0,0.066
2022-10-20,Laptop,Electronics,East,6,1398,180.88,7744,615.16,Ocasional,9.8,11,4,0,0.007
2022-02-27,Keyboard,Accessories,North,4,904,108.85,6527,95.4,Nuevo,9.5,11,1,1,0.07
2023-12-01,Keyboard,Accessories,South,1,1178,161.06,3070,1386.49,Nuevo,8.4,11,4,0,0.07
2022-07-29,Headphones,Accessories,West,3,2535,292.19,8054,1327.83,Ocasional,6.3,6,3,1,0.027
2023-04-17,Tablet,Electronics,West,1,496,146.92,3959,792.77,Frecuente,6.6,11,2,1,0.118
2024-06-30,Smartphone,Electronics,West,4,3888,284.17,5555,837.33,Ocasional,6.3,5,2,0,0.106
2024-03-12,Tablet,Electronics,East,7,4921,798.16,3487,333.38,Ocasional,6.4,9,1,0,0.084
2024-07-04,Smartwatch,Electronics,West,8,4472,290.79,3473,1232.79,Nuevo,9.9,5,3,1,0.139
2023-04-09,Tablet,Electronics,North,3,603,153.37,1997,757.93,Ocasional,6.8,14,2,1,0.043
2023-03-10,Headphones,Accessories,West,9,1899,501.4,9632,70.14,Frecuente,8.8,11,1,0,0.039
2023-01-03,Printer,Office,North,4,544,67.84,1903,1030.86,Premium,8.5,9,1,0,0.028
2022-05-29,Monitor,Accessories,North,9,6471,1844.59,1319,1426.73,Ocasional,8.5,7,2,0,0.082
2023-03-22,Keyboard,Accessories,North,1,677,54.14,9393,1247.14,Frecuente,6.8,8,1,1,0.031
2022-09-07,Laptop,Electronics,South,4,1372,302.58,5772,430.25,Premium,8.3,11,3,1,0.13
2024-06-08,Keyboard,Accessories,North,9,7542,1477.49,4660,98.92,Frecuente,8.5,4,2,1,0.046
2023-04-16,Monitor,Accessories,West,1,924,125.65,7506,1411.72,Ocasional,8.3,12,2,0,0.074
2022-07-11,Smartphone,Electronics,East,5,3940,755.11,4141,1406.85,Nuevo,6.7,4,3,1,0.079
2024-10-05,Tablet,Electronics,West,2,374,49.26,1715,807.97,Ocasional,8.9,2,4,0,0.046
2023-03-19,Printer,Office,North,5,1800,252.69,7432,970.63,Nuevo,6.3,11,1,0,0.111
2022-12-26,Monitor,Accessories,West,5,3170,868.34,2171,704.65,Ocasional,8.4,10,4,0,0.104
2024-08-17,Headphones,Accessories,North,7,5362,1029.47,5753,641.25,Ocasional,7.7,5,3,0,0.114
2023-11-05,Monitor,Accessories,East,9,5976,1747.57,9516,196.78,Premium,7.0,10,4,0,0.091
2023-07-06,Keyboard,Accessories,North,9,8514,1400.4,9393,163.19,Ocasional,9.2,11,3,0,0.069
2023-11-25,Laptop,Electronics,South,1,810,157.47,3927,364.44,Premium,6.7,12,4,0,0.067
2022-01-08,Mouse,Accessories,South,1,71,12.02,7912,1258.23,Premium,9.7,14,1,1,0.107
2022-06-15,Laptop,Electronics,North,1,651,57.94,6320,235.83,Frecuente,9.5,12,2,0,0.057
2022-03-13,Monitor,Accessories,North,3,1245,119.11,5054,355.51,Ocasional,7.4,7,1,0,0.066
2023-11-06,Monitor,Accessories,West,1,464,58.38,1829,831.95,Ocasional,7.2,4,4,0,0.025
2023-02-11,Monitor,Accessories,North,5,5155,356.43,4075,338.39,Nuevo,6.5,2,1,0,0.102
2023-12-11,Smartphone,Electronics,East,5,5175,786.27,6693,261.55,Nuevo,9.7,9,4,0,0.012
2022-01-13,Smartphone,Electronics,East,2,1668,470.42,9872,853.71,Nuevo,8.5,10,1,1,0.149
2024-09-30,Printer,Office,East,3,1872,532.81,546,564.78,Premium,6.1,10,3,0,0.022
2023-01-16,Laptop,Electronics,North,3,513,132.56,7318,946.72,Nuevo,8.0,1,1,0,0.057
2024-04-05,Printer,Office,West,2,2276,366.5,8540,1370.06,Ocasional,6.3,10,2,1,0.036
2024-01-02,Mouse,Accessories,West,4,3428,305.79,9536,243.47,Nuevo,8.3,12,1,0,0.044
2024-03-02,Keyboard,Accessories,East,2,1640,176.87,4526,1371.88,Frecuente,8.0,11,1,1,0.048
2024-05-25,Camera,Electronics,East,7,7077,1921.73,1625,1355.69,Premium,6.3,8,2,0,0.108
2023-10-20,Printer,Office,South,9,9225,1391.15,3074,1247.05,Nuevo,9.3,1,4,1,0.027
2022-06-20,Mouse,Accessories,South,5,3910,584.77,8580,954.3,Frecuente,7.0,7,2,0,0.04
2023-05-09,Printer,Office,West,5,1995,369.22,8840,937.82,Frecuente,8.2,10,2,0,0.015
2023-08-31,Keyboard,Accessories,North,7,385,43.43,6552,966.03,Frecuente,8.6,8,3,0,0.05
2023-03-23,Mouse,Accessories,East,4,4316,566.7,1666,1041.93,Premium,9.8,9,1,0,0.141
2024-04-28,Smartwatch,Electronics,North,1,1169,340.69,1658,44.39,Premium,8.0,8,2,1,0.057
2023-03-30,Headphones,Accessories,East,5,2325,506.32,5042,1437.98,Nuevo,9.7,8,1,0,0.117
2024-02-18,Monitor,Accessories,North,1,199,48.92,6088,886.69,Nuevo,7.4,5,1,0,0.069
2022-08-13,Smartwatch,Electronics,South,3,375,80.58,807,1176.57,Nuevo,9.4,9,3,1,0.067
2022-05-05,Laptop,Electronics,East,9,8010,763.32,7017,578.38,Frecuente,6.9,4,2,1,0.124
2023-01-03,Mouse,Accessories,East,4,316,77.13,5672,38.35,Frecuente,8.8,7,1,0,0.004
2024-11-14,Camera,Electronics,South,9,5895,442.49,616,774.41,Frecuente,6.4,6,4,0,0.13
2022-04-09,Headphones,Accessories,East,4,388,35.21,1408,770.64,Frecuente,9.9,10,2,1,0.073
2024-06-12,Mouse,Accessories,West,5,3670,462.97,4816,666.74,Premium,9.8,13,2,1,0.053
2024-10-15,Smartphone,Electronics,East,9,7731,2178.05,7364,522.78,Ocasional,7.8,9,4,1,0.136
2023-10-18,Laptop,Electronics,South,3,1596,91.23,8341,389.74,Nuevo,8.1,2,4,1,0.051
2024-04-06,Camera,Electronics,East,4,4192,216.16,4597,800.77,Ocasional,8.4,10,2,0,0.147
2023-07-29,Tablet,Electronics,West,7,5264,756.33,3305,575.41,Frecuente,7.1,5,3,0,0.14
2023-06-04,Laptop,Electronics,North,1,425,48.81,9698,1455.5,Frecuente,8.7,1,2,0,0.04
2022-03-17,Smartwatch,Electronics,North,4,3380,211.72,4856,275.93,Premium,8.8,3,1,0,0.051
2024-03-07,Printer,Office,East,7,8379,2009.05,3496,493.11,Frecuente,8.1,14,1,1,0.122
2022-03-05,Keyboard,Accessories,North,4,2040,393.72,4701,455.06,Ocasional,6.6,6,1,0,0.029
2024-04-17,Printer,Office,East,4,1336,116.65,614,824.1,Frecuente,9.7,3,2,0,0.11
2024-08-22,Keyboard,Accessories,South,2,1934,157.41,3368,758.93,Ocasional,6.5,2,3,0,0.019
2024-04-09,Keyboard,Accessories,South,3,1560,391.11,5397,972.74,Ocasional,8.5,10,2,0,0.031
2024-07-20,Keyboard,Accessories,North,6,4446,1217.86,9225,1426.0,Frecuente,6.4,11,3,0,0.075
2023-03-17,Printer,Office,West,3,1893,508.8,7513,442.13,Premium,6.6,5,1,0,0.112
2024-07-04,Camera,Electronics,East,4,4492,670.42,7922,1045.3,Premium,6.1,2,3,1,0.111
2023-08-12,Mouse,Accessories,South,6,6228,1852.45,5676,57.06,Premium,7.5,5,3,0,0.091
2023-04-23,Camera,Electronics,East,7,4403,1295.89,1550,408.33,Ocasional,8.6,10,2,0,0.041
2022-10-15,Headphones,Accessories,South,9,4176,510.97,4213,706.31,Ocasional,8.1,2,4,0,0.062
2022-05-24,Keyboard,Accessories,West,2,486,64.43,9971,65.87,Nuevo,8.7,4,2,0,0.037
2022-05-09,Printer,Office,East,5,4880,1084.69,919,934.15,Ocasional,8.7,1,2,1,0.042
2022-11-02,Printer,Office,West,5,265,53.21,8852,1023.9,Frecuente,6.6,7,4,0,0.048
2023-09-10,Laptop,Electronics,East,1,1041,128.58,7002,1125.16,Frecuente,6.2,3,3,1,0.09
2024-03-28,Smartphone,Electronics,East,8,9448,616.5,3197,784.53,Frecuente,8.5,3,1,0,0.031
2022-07-01,Headphones,Accessories,South,3,1617,440.46,7890,913.84,Frecuente,8.6,2,3,0,0.006
2024-02-17,Laptop,Electronics,West,2,1486,233.7,8450,606.18,Nuevo,8.2,11,1,0,0.104
2023-07-08,Smartwatch,Electronics,East,8,7152,1539.72,910,81.05,Frecuente,7.0,7,3,1,0.003
2022-12-29,Mouse,Accessories,East,6,1404,368.36,1510,167.93,Frecuente,9.2,14,4,1,0.146
2023-08-11,Camera,Electronics,South,2,122,16.23,6824,989.39,Frecuente,6.3,6,3,0,0.053
2023-08-01,Camera,Electronics,North,9,7533,1285.72,9991,1493.42,Premium,8.5,4,3,0,0.001
2023-07-23,Headphones,Accessories,South,4,3888,810.08,727,43.39,Nuevo,6.5,3,3,0,0.133
2024-07-05,Smartphone,Electronics,South,5,870,48.87,6824,845.22,Premium,8.6,14,3,0,0.09
2022-11-28,Mouse,Accessories,South,2,1446,403.89,1796,1131.49,Premium,7.7,9,4,0,0.123
2024-11-11,Tablet,Electronics,South,6,510,151.91,6676,1243.63,Frecuente,8.9,5,4,1,0.065
2024-07-29,Keyboard,Accessories,West,8,6224,790.27,6421,826.9,Ocasional,6.2,10,3,0,0.053
2023-04-25,Keyboard,Accessories,North,2,686,85.03,1359,937.48,Ocasional,8.2,8,2,1,0.098
2023-12-11,Mouse,Accessories,West,4,2840,591.94,6966,1051.15,Ocasional,6.6,2,4,1,0.061
2023-11-12,Laptop,Electronics,South,7,2562,347.62,9021,1291.27,Frecuente,8.7,10,4,0,0.083
2024-05-04,Smartphone,Electronics,West,5,790,216.12,8702,200.99,Premium,6.5,2,2,0,0.042
2022-07-09,Laptop,Electronics,East,5,4170,786.42,775,1390.75,Nuevo,6.3,3,3,1,0.05
2022-11-22,Tablet,Electronics,East,4,1360,373.59,2836,58.51,Frecuente,8.9,10,4,0,0.012
2022-03-13,Camera,Electronics,East,6,5316,782.42,2787,1257.58,Premium,6.3,7,1,0,0.117
2023-07-20,Laptop,Electronics,West,4,3956,293.38,4806,133.58,Ocasional,6.9,4,3,1,0.052
2022-05-09,Monitor,Accessories,North,3,726,94.38,1858,308.05,Premium,9.3,1,2,0,0.146
2024-08-04,Smartphone,Electronics,North,4,228,29.37,8616,25.76,Premium,9.2,9,3,1,0.039
2022-07-31,Headphones,Accessories,North,3,2274,442.57,7879,678.98,Ocasional,9.4,10,3,0,0.071
2024-09-13,Keyboard,Accessories,North,9,2628,459.87,8179,514.85,Frecuente,7.3,3,3,0,0.046
2024-05-26,Camera,Electronics,South,6,606,104.85,2382,265.67,Frecuente,8.1,6,2,0,0.104
2024-11-15,Headphones,Accessories,East,8,7256,558.79,638,687.61,Frecuente,9.1,5,4,0,0.121
2023-03-11,Camera,Electronics,West,4,1956,125.69,9151,615.51,Ocasional,6.5,13,1,0,0.073
2024-06-20,Printer,Office,South,6,3954,690.1,3244,1156.14,Premium,8.9,12,2,0,0.055
2023-01-11,Keyboard,Accessories,East,6,2262,442.86,6734,1341.83,Premium,6.4,4,1,0,0.112
2022-02-15,Printer,Office,North,4,2804,391.59,9139,985.8,Ocasional,9.7,8,1,0,0.029
2022-04-26,Tablet,Electronics,South,9,5850,1511.06,843,204.13,Ocasional,8.5,13,2,0,0.09
2023-06-07,Keyboard,Accessories,West,1,56,9.16,551,457.18,Nuevo,8.0,5,2,0,0.11
2024-01-17,Monitor,Accessories,East,9,4302,344.64,551,1371.71,Frecuente,7.9,2,1,0,0.04
2024-05-14,Camera,Electronics,West,9,10143,1690.66,1985,151.33,Premium,6.7,5,2,0,0.098
2023-05-15,Headphones,Accessories,North,1,1012,164.89,990,622.15,Ocasional,7.4,9,2,0,0.11
2023-05-22,Tablet,Electronics,East,9,8964,448.62,8289,1414.91,Ocasional,8.9,14,2,0,0.018
2022-08-05,Mouse,Accessories,South,6,1758,262.36,6256,1426.98,Premium,8.2,5,3,0,0.049
2023-10-12,Printer,Office,North,6,6348,557.72,9810,628.58,Ocasional,8.1,1,4,0,0.061
2023-11-04,Printer,Office,North,2,1582,422.46,8114,1007.75,Frecuente,6.8,3,4,1,0.116
2023-05-17,Mouse,Accessories,South,2,1924,394.4,9650,695.98,Ocasional,8.8,6,2,0,0.085
2023-04-02,Keyboard,Accessories,North,1,120,23.86,2766,1135.12,Ocasional,7.6,2,2,0,0.067
2024-01-26,Headphones,Accessories,East,8,7752,1943.84,3234,66.74,Frecuente,6.7,1,1,1,0.048
2023-07-13,Camera,Electronics,East,2,1114,300.44,8569,233.35,Nuevo,9.8,10,3,0,0.001
2024-11-28,Keyboard,Accessories,North,5,1765,229.06,2826,929.01,Nuevo,8.0,12,4,0,0.003
2022-08-10,Keyboard,Accessories,West,6,6834,1418.21,1043,364.18,Premium,8.1,4,3,0,0.036
2022-09-14,Smartphone,Electronics,East,5,1520,433.53,6856,1005.76,Frecuente,9.9,8,3,0,0.018
2023-08-05,Smartwatch,Electronics,West,7,8141,767.6,8109,539.81,Ocasional,7.5,9,3,0,0.018
2023-08-30,Tablet,Electronics,South,8,5176,866.36,9697,1332.24,Premium,9.8,10,3,0,0.09
2024-05-11,Mouse,Accessories,East,9,738,64.42,9314,1232.5,Frecuente,8.8,14,2,0,0.091
2024-01-17,Printer,Office,South,9,4086,217.48,1642,749.4,Frecuente,8.5,13,1,0,0.007
2022-09-16,Mouse,Accessories,East,2,442,28.13,7835,1163.88,Nuevo,6.9,5,3,0,0.089
2023-01-13,Smartphone,Electronics,East,6,2478,153.86,8538,421.28,Frecuente,6.2,14,1,0,0.022
2022-01-22,Keyboard,Accessories,South,2,1860,327.15,7132,751.5,Ocasional,7.8,1,1,0,0.057
2022-05-24,Monitor,Accessories,East,9,4968,991.82,8288,312.27,Frecuente,6.0,14,2,0,0.148
2023-03-05,Printer,Office,South,3,1446,278.94,8460,1294.11,Premium,6.3,2,1,0,0.078
2023-04-25,Mouse,Accessories,East,7,1722,414.87,4742,1238.14,Nuevo,8.4,2,2,0,0.005
2024-07-13,Smartwatch,Electronics,East,7,6573,460.28,881,1355.18,Premium,8.9,2,3,0,0.052
2024-09-01,Headphones,Accessories,East,3,2481,249.52,4833,1318.67,Premium,6.7,2,3,0,0.101
2024-12-26,Monitor,Accessories,West,6,3828,1102.86,2416,1440.2,Frecuente,8.9,7,4,1,0.034
2023-08-20,Tablet,Electronics,East,7,1197,103.34,1580,357.94,Ocasional,9.8,9,3,1,0.145
2022-01-09,Tablet,Electronics,West,7,7623,1459.84,1686,1399.1,Frecuente,9.0,11,1,0,0.064
2022-08-14,Mouse,Accessories,North,9,3384,252.11,7125,865.4,Premium,9.1,1,3,0,0.003
2022-01-01,Monitor,Accessories,South,8,1296,273.97,5293,645.29,Frecuente,8.8,5,1,0,0.081
2024-07-25,Tablet,Electronics,West,8,2840,262.62,5628,849.35,Frecuente,6.9,2,3,1,0.101
2024-08-22,Camera,Electronics,East,7,1540,342.93,7579,527.05,Premium,7.4,3,3,0,0.068
2022-06-28,Camera,Electronics,West,2,1414,308.39,5708,447.06,Ocasional,9.8,11,2,0,0.139
2023-04-26,Camera,Electronics,West,8,8328,466.38,6485,377.15,Premium,8.6,9,2,1,0.135
2023-08-29,Camera,Electronics,North,2,744,217.21,1317,141.99,Frecuente,9.2,3,3,0,0.021
2023-01-02,Mouse,Accessories,South,9,1773,168.01,8585,754.92,Ocasional,9.9,5,1,1,0.012
2023-08-11,Smartphone,Electronics,East,7,6034,1018.37,4763,1333.89,Ocasional,6.9,13,3,0,0.047
2023-06-22,Smartphone,Electronics,South,9,756,99.21,1974,952.62,Frecuente,7.3,9,2,0,0.091
2024-07-27,Monitor,Accessories,East,8,2256,468.52,8226,791.04,Frecuente,8.6,4,3,1,0.09
2023-11-30,Monitor,Accessories,North,7,875,203.63,7478,654.32,Frecuente,6.1,14,4,0,0.041
2024-11-26,Headphones,Accessories,South,4,1208,115.13,1003,707.31,Nuevo,8.3,3,4,0,0.143
2023-08-15,Headphones,Accessories,South,2,352,54.19,2333,329.73,Frecuente,9.2,5,3,1,0.046
2023-02-23,Printer,Office,West,6,4266,357.51,649,1237.95,Frecuente,8.4,10,1,1,0.121
2022-03-26,Tablet,Electronics,North,7,1841,496.89,3072,313.61,Frecuente,7.2,8,1,0,0.125
2024-07-27,Camera,Electronics,East,1,712,89.5,1449,1080.6,Frecuente,8.9,1,3,1,0.015
2024-03-23,Printer,Office,West,2,724,72.19,7244,1144.78,Frecuente,6.6,12,1,0,0.035
2024-12-09,Smartphone,Electronics,West,8,5832,662.72,5464,870.81,Premium,9.6,4,4,0,0.032
2023-06-17,Keyboard,Accessories,South,6,4188,989.14,9811,1297.13,Ocasional,6.4,10,2,1,0.138
2023-09-21,Tablet,Electronics,West,1,392,50.7,7619,450.75,Ocasional,9.5,5,3,0,0.053
2022-05-14,Laptop,Electronics,East,9,963,49.71,6309,1324.79,Ocasional,8.0,11,2,1,0.125
2024-04-13,Camera,Electronics,West,6,5706,319.46,5338,1099.53,Ocasional,7.7,13,2,0,0.072
2024-06-11,Headphones,Accessories,West,7,1365,312.04,1017,1202.15,Frecuente,8.0,11,2,0,0.069
2023-05-23,Headphones,Accessories,South,1,202,11.24,1166,1003.58,Nuevo,6.8,13,2,0,0.136
2023-12-24,Smartphone,Electronics,North,9,2430,613.67,6354,1272.59,Ocasional,7.8,8,4,0,0.066
2023-04-26,Monitor,Accessories,South,3,2670,515.39,541,1489.79,Ocasional,9.4,1,2,1,0.112
2022-01-21,Tablet,Electronics,South,7,2758,520.66,902,641.84,Ocasional,9.2,8,1,0,0.064
2022-10-14,Monitor,Accessories,South,9,873,82.35,2581,1224.6,Frecuente,6.7,7,4,0,0.015
2023-08-23,Smartwatch,Electronics,West,9,7245,1410.92,8899,1121.98,Frecuente,8.7,11,3,0,0.008
2023-09-13,Camera,Electronics,North,4,960,255.24,4859,690.25,Frecuente,9.4,4,3,0,0.031
2024-12-28,Smartwatch,Electronics,East,4,1284,171.02,7240,1391.88,Premium,9.3,10,4,0,0.108
2023-06-09,Mouse,Accessories,West,4,512,110.47,4409,603.75,Frecuente,7.7,7,2,0,0.056
2022-07-10,Smartwatch,Electronics,South,9,9729,2039.41,2144,856.89,Premium,6.2,10,3,0,0.068
2023-01-11,Camera,Electronics,North,5,1580,166.16,4025,176.79,Premium,9.7,6,1,0,0.015
2023-07-26,Mouse,Accessories,East,8,976,234.24,1371,354.15,Nuevo,7.6,6,3,0,0.093
2024-01-05,Printer,Office,North,8,1824,495.35,7817,1264.23,Ocasional,7.4,3,1,0,0.121
2023-05-08,Smartphone,Electronics,South,4,3188,202.81,2243,606.9,Ocasional,9.0,12,2,0,0.094
2023-11-29,Camera,Electronics,East,7,5467,556.02,4075,603.24,Frecuente,7.1,1,4,0,0.148
2024-09-05,Smartphone,Electronics,South,6,5406,1277.46,9810,384.05,Ocasional,9.3,4,3,0,0.002
2024-08-08,Headphones,Accessories,East,8,2984,742.31,6123,747.58,Nuevo,6.3,6,3,0,0.002
2023-04-12,Printer,Office,North,1,919,193.35,4856,1212.61,Ocasional,9.0,3,2,0,0.075
2023-08-18,Camera,Electronics,South,6,1686,426.72,5658,1344.84,Ocasional,9.9,13,3,1,0.04
2023-06-02,Laptop,Electronics,West,7,4165,493.24,7948,123.77,Frecuente,10.0,5,2,0,0.103
2023-11-17,Smartphone,Electronics,West,7,1281,282.63,2917,870.73,Frecuente,9.7,4,4,1,0.119
2024-06-17,Smartwatch,Electronics,East,3,2829,362.16,6545,711.56,Ocasional,9.5,4,2,0,0.015
2024-04-06,Monitor,Accessories,West,3,2211,292.31,8790,929.14,Nuevo,7.1,3,2,0,0.138
2024-12-18,Headphones,Accessories,East,4,4740,607.81,5937,681.97,Frecuente,9.9,10,4,1,0.004
2023-12-09,Camera,Electronics,East,1,718,169.09,4742,609.99,Frecuente,9.7,7,4,0,0.103
2022-10-10,Headphones,Accessories,North,6,1716,108.81,1878,718.38,Frecuente,8.1,4,4,0,0.058
2024-04-22,Monitor,Accessories,South,7,1547,152.59,2858,881.36,Frecuente,7.6,13,2,0,0.1
2022-06-14,Mouse,Accessories,North,1,739,111.18,9487,761.46,Nuevo,6.4,10,2,0,0.015
2023-09-03,Laptop,Electronics,West,3,819,231.88,5641,718.77,Ocasional,8.4,6,3,0,0.141
2023-12-19,Laptop,Electronics,South,8,5696,1156.3,3362,1230.4,Frecuente,8.8,8,4,1,0.141
2023-01-22,Monitor,Accessories,South,2,1706,184.71,4474,1123.56,Frecuente,7.6,10,1,0,0.078
2024-01-23,Camera,Electronics,North,2,2066,608.23,5991,525.24,Frecuente,7.6,3,1,0,0.076
2024-06-07,Laptop,Electronics,North,2,256,35.66,5606,1204.85,Premium,8.3,12,2,0,0.095
2024-02-04,Smartphone,Electronics,North,2,1102,182.54,7147,1283.4,Ocasional,6.1,4,1,0,0.087
2024-08-31,Monitor,Accessories,North,8,2872,483.94,2946,247.17,Ocasional,9.8,1,3,1,0.082
2024-11-11,Tablet,Electronics,East,4,2584,394.52,6667,882.37,Ocasional,7.2,8,4,0,0.088
2024-07-27,Mouse,Accessories,North,2,1366,298.32,4705,442.26,Frecuente,6.6,13,3,1,0.129
2024-05-11,Smartwatch,Electronics,South,7,1253,354.23,9435,1113.98,Ocasional,6.0,11,2,0,0.092
2023-03-24,Laptop,Electronics,West,7,2618,300.81,2000,373.4,Ocasional,9.4,5,1,0,0.029
2022-09-22,Headphones,Accessories,East,9,6822,1811.37,1910,1013.68,Frecuente,9.5,6,3,0,0.137
2023-11-05,Keyboard,Accessories,East,6,5286,636.16,4885,397.58,Ocasional,6.4,9,4,1,0.032
2024-06-13,Monitor,Accessories,North,1,579,133.57,5329,776.49,Ocasional,6.6,4,2,0,0.025
2022-02-28,Laptop,Electronics,West,8,1392,190.99,7063,1424.0,Ocasional,7.8,12,1,0,0.15
2022-11-14,Laptop,Electronics,West,9,2493,696.69,4338,584.34,Premium,6.7,5,4,1,0.032
2023-09-17,Smartphone,Electronics,North,7,6461,766.45,9180,1316.09,Frecuente,8.9,4,3,0,0.015
2022-08-17,Tablet,Electronics,East,2,1486,201.07,5004,1480.68,Frecuente,6.2,2,3,0,0.084
2023-05-14,Printer,Office,South,1,1152,280.28,1728,1314.78,Premium,8.2,10,2,1,0.124
2022-03-12,Smartwatch,Electronics,West,2,1750,103.99,1632,265.48,Frecuente,7.5,1,1,0,0.009
2022-07-12,Smartphone,Electronics,West,7,4417,495.37,9747,1233.09,Ocasional,7.9,12,3,0,0.074
2024-07-05,Laptop,Electronics,South,4,3724,276.85,1773,67.58,Premium,7.7,14,3,0,0.01
2023-06-16,Camera,Electronics,West,3,2220,121.14,9504,602.09,Frecuente,6.6,2,2,1,0.064
2023-06-20,Monitor,Accessories,West,8,9104,2620.58,3141,1308.69,Nuevo,6.9,2,2,0,0.052
2024-08-08,Printer,Office,West,3,3093,584.23,1387,1039.35,Ocasional,6.3,14,3,1,0.021
2023-03-01,Headphones,Accessories,South,6,3048,842.24,3394,808.46,Frecuente,6.5,2,1,1,0.14
2022-05-02,Smartphone,Electronics,North,1,161,36.58,6339,594.04,Ocasional,9.9,6,2,0,0.095
2023-07-23,Monitor,Accessories,West,7,7238,1889.69,4565,1222.2,Frecuente,7.1,13,3,0,0.126
2024-03-30,Smartphone,Electronics,North,3,3561,347.31,7963,1070.15,Premium,7.2,2,1,1,0.136
2022-08-07,Monitor,Accessories,North,5,1850,534.39,6304,713.24,Ocasional,6.5,10,3,0,0.14
2022-03-06,Mouse,Accessories,West,6,3522,626.72,4307,1340.88,Frecuente,9.0,6,1,0,0.112
2023-11-24,Smartwatch,Electronics,East,1,584,172.4,6528,360.32,Frecuente,9.7,7,4,0,0.046
2023-08-31,Smartphone,Electronics,East,4,2556,412.44,9728,272.18,Premium,9.2,14,3,1,0.124
2023-10-14,Smartphone,Electronics,South,2,348,56.31,4412,971.35,Ocasional,8.5,10,4,0,0.078
2023-05-16,Monitor,Accessories,South,9,1602,142.49,1957,1458.55,Premium,9.3,5,2,0,0.041
2023-06-19,Monitor,Accessories,South,3,2853,437.59,4383,385.94,Ocasional,7.6,14,2,0,0.058
2023-07-21,Printer,Office,West,1,1024,230.3,8481,389.51,Frecuente,9.4,9,3,0,0.045
2022-03-20,Camera,Electronics,East,5,4485,1324.49,2567,226.46,Ocasional,9.2,2,1,1,0.07
2023-08-06,Printer,Office,East,2,436,79.69,9516,1293.63,Frecuente,6.0,6,3,0,0.117
2024-10-21,Smartwatch,Electronics,North,2,2232,150.12,6088,355.07,Frecuente,8.0,4,4,1,0.073
2022-08-14,Keyboard,Accessories,South,6,7056,1445.01,6214,764.7,Ocasional,7.1,9,3,1,0.04
2022-03-15,Keyboard,Accessories,East,5,875,96.65,3511,1486.49,Ocasional,6.3,13,1,0,0.013
2022-02-01,Smartwatch,Electronics,East,3,315,61.94,9244,37.97,Frecuente,9.4,1,1,1,0.128
2022-04-24,Laptop,Electronics,East,2,358,51.75,842,843.6,Frecuente,6.0,11,2,1,0.063
2023-03-23,Camera,Electronics,South,7,3451,194.42,3337,778.19,Frecuente,8.9,13,1,1,0.066
2022-02-10,Laptop,Electronics,North,9,1350,189.13,4474,1215.02,Frecuente,10.0,14,1,1,0.115
2023-10-19,Tablet,Electronics,West,8,3320,413.32,5034,545.82,Ocasional,7.9,10,4,0,0.127
2024-09-10,Mouse,Accessories,North,9,8442,940.33,5004,627.31,Premium,7.5,5,3,1,0.077
2022-06-17,Keyboard,Accessories,South,1,166,31.97,1905,268.55,Ocasional,8.4,3,2,0,0.095
2023-08-09,Mouse,Accessories,North,5,3720,448.6,2643,1116.41,Premium,9.2,14,3,1,0.036
2023-07-11,Laptop,Electronics,South,2,1090,136.65,1404,1181.37,Frecuente,7.0,6,3,0,0.14
2024-01-05,Laptop,Electronics,West,9,9783,2347.49,5938,222.26,Frecuente,7.0,5,1,0,0.085
2022-09-22,Smartphone,Electronics,North,4,2432,657.18,3833,602.32,Frecuente,8.4,11,3,1,0.108
2023-06-22,Mouse,Accessories,North,7,4060,291.42,5874,1341.5,Frecuente,9.8,11,2,0,0.017
2023-03-26,Smartwatch,Electronics,North,1,387,99.59,6102,24.01,Nuevo,7.2,12,1,0,0.096
2023-08-11,Smartwatch,Electronics,North,3,966,120.56,7169,462.16,Frecuente,7.5,13,3,1,0.055
2024-05-17,Tablet,Electronics,North,3,3366,882.29,5696,841.46,Ocasional,10.0,13,2,1,0.068
2024-06-30,Monitor,Accessories,West,7,7833,1843.94,6655,514.46,Frecuente,6.7,3,2,0,0.102
2023-04-09,Monitor,Accessories,West,1,610,33.55,6077,422.63,Frecuente,6.3,3,2,1,0.119
2022-05-28,Smartwatch,Electronics,West,8,4288,597.09,6698,700.86,Premium,8.4,3,2,1,0.052
2022-07-18,Printer,Office,North,9,7740,605.35,6358,288.65,Frecuente,6.1,9,3,1,0.131
2024-08-20,Smartwatch,Electronics,West,9,3150,457.13,3504,803.85,Ocasional,6.7,9,3,0,0.033
2023-12-31,Keyboard,Accessories,West,2,894,224.75,2839,1065.91,Ocasional,8.5,13,4,0,0.084
2022-10-09,Laptop,Electronics,North,8,7544,1219.73,7980,871.44,Ocasional,8.6,12,4,1,0.023
2024-03-01,Keyboard,Accessories,North,8,6360,1871.88,3755,157.8,Ocasional,8.0,12,1,1,0.043
2022-03-19,Smartphone,Electronics,West,4,2428,485.75,5716,1269.72,Frecuente,7.5,2,1,0,0.134
2022-10-05,Headphones,Accessories,South,2,574,38.52,2371,278.97,Premium,8.3,10,4,0,0.002
2023-04-25,Keyboard,Accessories,West,6,6744,660.47,4598,1151.92,Ocasional,8.6,12,2,0,0.137
2023-09-11,Headphones,Accessories,North,6,798,213.4,5531,553.64,Frecuente,9.2,14,3,1,0.049
2023-01-13,Printer,Office,North,5,2860,339.0,6447,1178.49,Premium,9.2,5,1,1,0.104
2022-04-03,Printer,Office,South,5,5410,1129.77,5500,325.28,Nuevo,8.7,11,2,0,0.014
2023-02-26,Laptop,Electronics,West,5,4445,580.15,3926,296.26,Nuevo,9.6,6,1,0,0.096
2024-11-03,Smartwatch,Electronics,South,8,7536,1197.09,9636,755.6,Ocasional,9.4,3,4,0,0.136
2023-09-26,Monitor,Accessories,North,7,4165,263.26,5371,68.75,Frecuente,6.5,5,3,1,0.083
2024-02-19,Laptop,Electronics,East,3,3021,763.99,8178,353.44,Ocasional,9.8,4,1,0,0.054
2024-04-29,Keyboard,Accessories,North,2,310,70.66,7498,1091.54,Frecuente,9.6,13,2,0,0.119
2024-05-15,Headphones,Accessories,South,2,2170,522.0,5804,1259.33,Frecuente,7.3,3,2,0,0.107
2024-10-22,Tablet,Electronics,West,3,2832,317.76,8920,139.56,Frecuente,6.1,2,4,1,0.018
2022-07-31,Smartwatch,Electronics,West,5,3945,392.09,1718,1325.48,Nuevo,8.4,9,3,0,0.1
2022-09-10,Tablet,Electronics,South,4,2104,308.0,9250,1200.33,Nuevo,7.8,9,3,0,0.1
2022-08-24,Monitor,Accessories,South,2,2060,517.64,8577,1307.13,Ocasional,9.0,8,3,0,0.113
2024-06-23,Printer,Office,North,4,1060,155.78,5284,1053.67,Premium,8.1,3,2,1,0.047
2023-01-13,Smartwatch,Electronics,South,6,810,108.61,7467,1017.75,Frecuente,6.3,7,1,0,0.06
2022-09-23,Laptop,Electronics,West,3,873,57.42,5442,797.14,Frecuente,7.0,14,3,0,0.144
2022-02-08,Tablet,Electronics,West,5,595,121.11,3053,986.13,Nuevo,9.5,2,1,0,0.086
2022-12-18,Laptop,Electronics,West,2,1562,119.56,8098,1380.28,Premium,6.2,12,4,0,0.076
2022-01-25,Smartwatch,Electronics,East,9,5337,1575.99,2836,168.77,Premium,8.9,2,1,1,0.148
2022-12-09,Printer,Office,North,2,212,13.4,3487,487.33,Ocasional,7.2,4,4,1,0.034
2023-06-14,Printer,Office,East,8,2704,705.74,5433,127.23,Frecuente,7.8,13,2,0,0.06
2024-05-31,Laptop,Electronics,North,5,3225,523.32,8455,1418.31,Ocasional,8.1,5,2,1,0.114
2023-08-07,Monitor,Accessories,North,2,1342,184.59,4147,678.99,Premium,7.0,8,3,0,0.107
2022-07-13,Mouse,Accessories,South,7,3395,1012.78,5194,1019.51,Ocasional,8.6,6,3,1,0.145
2024-12-01,Smartwatch,Electronics,East,4,3968,480.72,895,1264.86,Premium,8.8,9,4,0,0.098
2024-04-12,Smartphone,Electronics,West,5,4555,776.65,1600,1486.68,Premium,6.3,6,2,0,0.047
2022-02-26,Tablet,Electronics,West,2,2132,365.44,1031,259.44,Frecuente,7.5,7,1,1,0.06
2022-03-31,Mouse,Accessories,West,6,6516,842.83,1184,1203.28,Frecuente,9.0,12,1,1,0.013
2023-08-17,Smartwatch,Electronics,North,2,2040,481.15,8750,1333.39,Ocasional,8.9,8,3,1,0.139
2024-09-23,Mouse,Accessories,East,6,6126,428.38,8498,92.34,Premium,8.2,8,3,0,0.019
2022-09-11,Smartwatch,Electronics,West,8,520,30.58,8307,1136.05,Premium,9.1,12,3,1,0.082
2023-01-01,Camera,Electronics,South,5,4470,526.96,1027,544.99,Ocasional,6.4,6,1,1,0.06
2024-07-12,Smartwatch,Electronics,West,8,5504,1196.78,1237,979.92,Frecuente,6.5,12,3,0,0.02
2022-01-11,Headphones,Accessories,West,4,3036,511.69,3165,780.79,Ocasional,8.6,11,1,0,0.044
2024-10-05,Smartwatch,Electronics,East,5,2725,308.29,5870,404.42,Ocasional,8.8,13,4,0,0.095
2024-09-16,Printer,Office,North,8,4080,336.96,3674,220.13,Premium,9.3,7,3,0,0.005
2024-05-23,Keyboard,Accessories,North,8,3080,776.6,5131,193.08,Ocasional,6.7,8,2,1,0.145
2023-06-08,Smartwatch,Electronics,North,5,1525,413.75,2143,172.92,Frecuente,8.1,2,2,0,0.136
2022-07-16,Monitor,Accessories,South,4,1332,342.85,7442,963.93,Frecuente,8.6,2,3,0,0.013
2023-07-24,Smartphone,Electronics,South,7,4669,803.21,3481,540.09,Premium,6.9,2,3,0,0.13
2022-03-12,Smartwatch,Electronics,West,6,5310,1099.84,1132,340.62,Ocasional,8.1,9,1,1,0.049
2023-01-12,Camera,Electronics,East,8,9392,2651.84,7555,1043.99,Ocasional,8.6,5,1,0,0.01
2022-11-03,Monitor,Accessories,South,5,1350,198.19,9076,1036.54,Ocasional,6.9,5,4,1,0.046
2024-03-14,Monitor,Accessories,North,4,3648,768.61,639,817.97,Nuevo,7.5,9,1,0,0.121
2023-07-27,Printer,Office,North,2,300,47.59,4648,1403.74,Frecuente,6.9,6,3,0,0.1
2022-08-14,Smartphone,Electronics,North,3,3408,727.26,8358,590.41,Nuevo,9.6,2,3,1,0.036
2024-11-17,Keyboard,Accessories,South,9,4302,475.96,7208,1257.08,Ocasional,6.9,8,4,0,0.108
2024-05-13,Keyboard,Accessories,South,5,4575,771.24,8637,131.21,Nuevo,6.5,8,2,1,0.106
2022-10-21,Laptop,Electronics,East,8,9304,1855.7,4444,1114.95,Nuevo,6.1,2,4,0,0.111
2024-04-15,Monitor,Accessories,East,4,1928,232.48,4036,1482.9,Nuevo,6.2,4,2,0,0.081
2023-01-17,Printer,Office,East,2,1042,86.24,7237,1272.97,Premium,6.8,4,1,0,0.123
2023-11-28,Tablet,Electronics,East,3,2214,507.7,1959,877.9,Ocasional,8.4,10,4,1,0.096
2024-05-03,Keyboard,Accessories,South,4,3024,678.26,2774,947.61,Ocasional,6.1,4,2,0,0.019
2023-08-11,Camera,Electronics,East,2,1104,173.01,6207,542.87,Ocasional,7.1,1,3,0,0.122
2022-07-26,Mouse,Accessories,East,8,6056,1631.71,6850,1025.64,Frecuente,6.2,4,3,0,0.049
2023-02-07,Mouse,Accessories,South,5,5295,1375.98,1636,1160.19,Nuevo,7.6,7,1,1,0.106
2022-01-19,Smartphone,Electronics,North,4,3668,839.4,5328,1497.38,Frecuente,6.2,11,1,1,0.101
2023-06-30,Printer,Office,South,9,4293,295.47,3966,748.85,Frecuente,8.4,1,2,1,0.05
2022-08-19,Mouse,Accessories,North,7,5789,950.45,5266,110.73,Ocasional,8.8,13,3,0,0.024
2023-08-27,Smartwatch,Electronics,North,6,4440,800.92,9605,901.87,Frecuente,8.9,5,3,0,0.104
2022-03-10,Printer,Office,South,5,5515,330.02,1227,196.16,Ocasional,6.9,5,1,1,0.127
2024-10-12,Camera,Electronics,North,4,784,192.77,9956,382.25,Premium,9.5,1,4,1,0.126
2024-06-15,Laptop,Electronics,East,4,576,156.59,4770,506.59,Ocasional,8.8,4,2,1,0.094
2024-09-09,Smartwatch,Electronics,West,5,705,198.62,7834,1101.92,Ocasional,6.2,7,3,1,0.034
2023-09-24,Keyboard,Accessories,North,6,4458,1215.3,4532,292.04,Frecuente,7.8,9,3,1,0.047
2022-08-25,Smartphone,Electronics,East,6,6780,811.92,3454,265.31,Ocasional,9.1,11,3,0,0.113
2023-10-01,Smartwatch,Electronics,North,5,3970,642.7,7820,86.55,Frecuente,7.2,8,4,0,0.062
2023-01-08,Monitor,Accessories,North,7,5131,368.11,7032,1312.4,Ocasional,7.5,2,1,1,0.11
2022-10-02,Laptop,Electronics,East,7,1750,90.21,1868,1046.39,Nuevo,8.5,6,4,0,0.046
2022-02-11,Tablet,Electronics,East,7,8337,753.35,7201,79.12,Frecuente,6.2,11,1,0,0.001
2022-09-15,Keyboard,Accessories,East,9,9810,549.46,7654,61.87,Ocasional,9.9,9,3,0,0.091
2024-01-28,Keyboard,Accessories,East,3,2658,794.36,4184,846.84,Ocasional,6.7,9,1,0,0.09
2022-07-23,Printer,Office,West,1,473,43.65,9293,438.15,Ocasional,6.1,8,3,1,0.094
2022-01-14,Tablet,Electronics,North,9,2205,410.01,6588,903.15,Ocasional,6.0,8,1,1,0.04
2023-06-13,Smartphone,Electronics,South,9,6948,1409.3,3669,663.21,Frecuente,7.6,14,2,0,0.122
2022-09-09,Tablet,Electronics,North,3,774,212.02,601,1386.5,Ocasional,9.5,9,3,0,0.073
2023-12-26,Tablet,Electronics,North,3,2532,343.13,6912,445.96,Frecuente,9.3,9,4,0,0.114
2024-11-16,Laptop,Electronics,West,7,6587,1173.91,2486,1025.14,Frecuente,9.6,5,4,1,0.092
2024-04-01,Smartphone,Electronics,East,7,7266,806.79,7687,100.0,Nuevo,8.1,7,2,0,0.062
2024-11-27,Smartphone,Electronics,East,7,6867,502.06,5488,1434.67,Premium,7.8,10,4,0,0.102
2023-07-01,Camera,Electronics,South,9,4887,396.36,4933,1471.52,Ocasional,7.5,13,3,0,0.086
2023-02-13,Mouse,Accessories,West,4,864,251.99,2055,1113.83,Frecuente,6.2,11,1,0,0.077
2023-11-09,Smartphone,Electronics,East,6,5190,1215.07,7259,708.51,Ocasional,9.6,10,4,0,0.097
2022-05-20,Keyboard,Accessories,South,8,2128,294.45,2076,345.59,Ocasional,8.0,11,2,1,0.013
2024-06-26,Mouse,Accessories,East,2,1718,218.82,4468,1222.52,Frecuente,7.8,1,2,0,0.137
2022-05-02,Smartphone,Electronics,North,2,1270,229.39,8444,1109.8,Frecuente,8.1,4,2,0,0.05
2023-05-18,Keyboard,Accessories,East,7,2569,130.19,9243,348.49,Frecuente,9.2,4,2,0,0.034
2022-02-14,Printer,Office,South,2,1518,262.65,9896,687.8,Nuevo,6.9,10,1,0,0.116
2022-11-22,Headphones,Accessories,South,2,1210,268.37,9601,704.94,Ocasional,8.8,11,4,0,0.035
2022-03-15,Mouse,Accessories,East,2,1128,94.13,5781,1243.09,Frecuente,8.8,3,1,1,0.149
2023-08-23,Headphones,Accessories,North,1,1077,77.97,2404,1032.09,Ocasional,9.4,3,3,0,0.063
2023-12-18,Keyboard,Accessories,East,6,2244,517.47,8471,971.89,Frecuente,6.0,7,4,1,0.044
2022-09-16,Mouse,Accessories,West,8,1608,464.18,8115,981.74,Frecuente,6.7,14,3,0,0.009
2024-12-15,Camera,Electronics,West,5,3685,476.2,9908,420.3,Frecuente,7.9,1,4,1,0.006
2024-04-25,Camera,Electronics,North,8,4080,1079.49,6684,570.13,Frecuente,9.4,13,2,0,0.014
2024-02-09,Monitor,Accessories,North,1,404,84.4,1845,87.58,Ocasional,9.9,3,1,0,0.001
2023-04-19,Keyboard,Accessories,South,2,1738,163.38,5277,1184.67,Nuevo,8.4,4,2,0,0.049
2023-01-31,Printer,Office,West,3,828,210.33,4758,660.84,Nuevo,6.8,9,1,0,0.047
2023-11-24,Mouse,Accessories,North,4,4344,461.72,8507,668.59,Nuevo,6.7,11,4,0,0.065
2023-10-02,Tablet,Electronics,North,1,1130,268.88,4229,383.13,Frecuente,8.6,13,4,1,0.035
2024-04-18,Headphones,Accessories,North,3,1698,304.91,3621,329.95,Frecuente,6.8,1,2,0,0.009
2023-06-27,Tablet,Electronics,East,4,844,136.02,1260,889.98,Ocasional,8.2,1,2,1,0.011
2023-02-20,Printer,Office,West,2,2286,218.18,8436,364.18,Nuevo,9.3,7,1,1,0.027
2023-12-12,Camera,Electronics,East,2,1026,170.31,7675,115.03,Ocasional,7.6,8,4,0,0.047
2023-10-04,Laptop,Electronics,West,6,6984,1433.65,891,1155.91,Frecuente,7.5,4,4,1,0.022
2022-02-18,Monitor,Accessories,West,4,1672,432.35,4620,577.17,Ocasional,6.1,9,1,0,0.055
2023-01-08,Laptop,Electronics,North,6,1092,63.98,5057,582.75,Ocasional,7.0,4,1,0,0.138
2024-04-01,Headphones,Accessories,South,2,272,24.71,4958,658.35,Nuevo,8.8,14,2,0,0.039
2023-11-12,Headphones,Accessories,West,2,1126,204.99,9229,1226.27,Ocasional,7.4,3,4,1,0.025
2023-10-22,Mouse,Accessories,West,7,8155,2177.38,1931,494.84,Frecuente,6.6,10,4,0,0.1
2023-03-29,Smartwatch,Electronics,East,7,4298,358.38,3410,1141.89,Frecuente,6.4,8,1,0,0.074
2022-12-17,Smartphone,Electronics,East,5,1365,310.66,2218,1410.53,Frecuente,6.4,2,4,0,0.007
2024-11-28,Camera,Electronics,West,6,4116,381.35,2818,998.08,Frecuente,8.6,9,4,0,0.118
2022-04-07,Headphones,Accessories,South,8,904,181.45,9117,658.89,Nuevo,8.5,3,2,0,0.107
2024-12-05,Smartwatch,Electronics,South,1,70,10.64,9436,1126.73,Ocasional,8.1,8,4,0,0.147
2023-09-03,Keyboard,Accessories,East,2,344,72.87,924,697.69,Frecuente,8.0,9,3,1,0.141
2023-08-19,Printer,Office,East,1,330,78.52,6504,633.35,Frecuente,6.6,2,3,0,0.088
2024-08-17,Headphones,Accessories,South,2,518,34.22,2712,797.42,Ocasional,8.0,4,3,0,0.103
2022-08-18,Mouse,Accessories,North,9,2763,458.4,2329,490.23,Ocasional,6.2,5,3,1,0.061
2022-03-26,Smartwatch,Electronics,North,2,2298,343.53,3274,174.29,Premium,9.7,13,1,1,0.133
2024-10-02,Monitor,Accessories,South,1,436,73.89,2346,633.98,Nuevo,6.2,4,4,0,0.083
2022-09-28,Mouse,Accessories,East,6,1824,213.47,5156,203.31,Frecuente,7.7,13,3,0,0.049
2024-05-12,Laptop,Electronics,North,5,1540,411.83,9958,627.45,Frecuente,6.0,8,2,0,0.001
2023-03-14,Tablet,Electronics,East,7,5572,385.82,6071,844.26,Frecuente,9.1,14,1,1,0.088
2023-09-21,Monitor,Accessories,East,6,3030,335.71,7370,1397.45,Ocasional,6.7,12,3,0,0.079
2024-05-02,Monitor,Accessories,West,5,1245,345.84,5186,73.61,Ocasional,9.7,5,2,0,0.122
2022-01-31,Tablet,Electronics,South,4,1252,326.69,632,939.76,Nuevo,6.2,8,1,0,0.028
2024-06-04,Camera,Electronics,North,9,4959,479.28,1299,697.45,Premium,9.3,11,2,0,0.122
2023-02-16,Monitor,Accessories,West,7,8162,443.81,3054,49.99,Nuevo,8.6,2,1,0,0.002
2023-05-26,Monitor,Accessories,East,5,1370,253.92,2814,389.33,Ocasional,7.0,10,2,1,0.088
2023-12-28,Tablet,Electronics,North,3,3111,607.23,8485,195.36,Frecuente,6.8,7,4,0,0.06
2022-10-10,Mouse,Accessories,South,7,7805,1078.03,8514,340.86,Frecuente,7.4,1,4,0,0.05
2024-04-21,Smartphone,Electronics,South,9,10314,2729.6,8614,426.36,Frecuente,9.3,13,2,1,0.065
2023-09-29,Keyboard,Accessories,South,9,10782,2730.14,6557,613.93,Nuevo,9.4,4,3,0,0.034
2024-10-22,Monitor,Accessories,West,5,4375,987.96,5783,802.98,Frecuente,6.7,13,4,0,0.028
2023-07-31,Monitor,Accessories,North,5,2265,595.05,6666,21.47,Frecuente,7.4,3,3,0,0.121
2022-04-15,Laptop,Electronics,East,1,166,9.69,4364,259.57,Ocasional,6.9,8,2,1,0.034
2024-04-24,Headphones,Accessories,North,7,7217,1481.7,6866,158.48,Nuevo,6.5,6,2,0,0.111
2022-01-16,Tablet,Electronics,East,3,1767,186.54,8047,833.52,Ocasional,8.6,13,1,1,0.107
2023-12-06,Laptop,Electronics,East,3,2883,557.81,7747,507.03,Ocasional,7.4,14,4,0,0.005
2024-09-04,Smartwatch,Electronics,South,3,1338,396.08,6331,831.63,Frecuente,6.9,11,3,0,0.132
2024-08-24,Printer,Office,East,9,9459,604.06,1052,348.3,Nuevo,9.5,12,3,0,0.118
2022-06-10,Printer,Office,North,3,168,45.31,7387,55.86,Frecuente,9.0,11,2,0,0.119
2022-10-03,Smartphone,Electronics,South,9,4536,479.78,3982,1413.22,Premium,9.1,5,4,0,0.121
2022-02-25,Mouse,Accessories,East,4,4404,793.7,7564,180.3,Nuevo,6.2,13,1,1,0.087
2023-08-18,Monitor,Accessories,North,4,1952,148.67,5625,207.75,Frecuente,9.7,8,3,0,0.149
2022-12-23,Mouse,Accessories,North,3,2004,467.76,8871,236.89,Premium,8.3,5,4,0,0.027
2022-06-30,Keyboard,Accessories,South,4,468,131.48,3715,1472.29,Ocasional,8.0,3,2,1,0.011
2024-11-10,Smartphone,Electronics,West,9,8667,1597.49,9348,934.14,Frecuente,6.0,10,4,0,0.106
2024-02-24,Printer,Office,West,7,6097,567.32,8522,923.23,Premium,9.6,4,1,0,0.044
2022-04-11,Headphones,Accessories,South,9,4752,1415.65,3645,1480.31,Ocasional,8.2,10,2,0,0.091
2023-05-10,Keyboard,Accessories,East,1,1172,124.9,5084,150.89,Ocasional,9.3,1,2,0,0.059
2022-05-20,Keyboard,Accessories,North,2,1608,170.29,5547,1462.26,Ocasional,8.6,9,2,1,0.05
2023-05-21,Printer,Office,South,7,7595,969.07,7801,321.94,Frecuente,9.2,9,2,1,0.134
2024-07-17,Smartwatch,Electronics,West,1,1142,306.84,7046,942.15,Ocasional,8.8,8,3,0,0.021
2024-11-18,Keyboard,Accessories,North,2,116,13.67,8594,641.72,Ocasional,9.7,10,4,1,0.028
2022-06-06,Smartphone,Electronics,East,9,3951,908.13,4013,588.25,Frecuente,6.9,14,2,0,0.1
2023-12-21,Keyboard,Accessories,East,2,1606,138.96,5295,1398.24,Frecuente,6.8,12,4,1,0.117
2022-11-16,Headphones,Accessories,South,3,2025,403.0,4593,240.86,Premium,8.9,7,4,1,0.125
2023-07-24,Smartwatch,Electronics,West,2,2006,235.52,9140,1495.66,Ocasional,8.0,13,3,0,0.035
2024-06-05,Camera,Electronics,South,9,9423,652.06,3397,581.11,Frecuente,8.4,14,2,0,0.132
2022-08-24,Laptop,Electronics,North,4,2276,399.94,6077,980.19,Ocasional,8.8,3,3,1,0.091
2022-08-22,Monitor,Accessories,West,5,4880,664.06,1641,1452.5,Nuevo,8.2,6,3,0,0.123
2024-11-18,Laptop,Electronics,East,3,1773,183.15,8577,105.25,Frecuente,9.2,11,4,0,0.01
2023-01-21,Smartwatch,Electronics,South,9,2718,195.97,4150,1385.84,Ocasional,7.3,8,1,0,0.054
2022-11-07,Headphones,Accessories,East,4,3168,939.45,3735,860.36,Frecuente,9.4,2,4,0,0.079
2022-01-31,Camera,Electronics,West,2,1716,368.06,6037,1062.51,Premium,6.4,7,1,0,0.087
2024-02-07,Smartphone,Electronics,West,2,214,14.08,5238,240.79,Ocasional,8.5,6,1,0,0.015
2024-06-04,Camera,Electronics,East,2,2092,366.12,8555,809.41,Frecuente,9.6,11,2,1,0.081
2024-03-21,Headphones,Accessories,West,3,225,46.96,5548,1016.8,Nuevo,7.0,8,1,0,0.1
2023-03-26,Smartwatch,Electronics,East,1,859,217.67,5411,695.25,Ocasional,7.3,2,1,0,0.054
2022-04-10,Printer,Office,West,2,2070,183.41,1497,249.38,Frecuente,7.2,1,2,0,0.075
2024-06-10,Keyboard,Accessories,South,6,3240,758.19,708,381.3,Frecuente,8.3,5,2,0,0.044
2022-10-08,Tablet,Electronics,East,2,1748,506.52,4286,1284.5,Frecuente,7.7,3,4,0,0.131
2023-07-06,Mouse,Accessories,West,8,2080,108.48,9982,71.02,Nuevo,6.4,13,3,0,0.09
2022-06-18,Smartwatch,Electronics,North,3,2193,521.14,9214,1069.12,Ocasional,9.6,4,2,0,0.083
2023-06-08,Headphones,Accessories,West,5,2080,614.77,6475,1499.1,Frecuente,6.8,9,2,0,0.142
2022-05-13,Mouse,Accessories,South,5,5070,986.39,6492,31.07,Ocasional,8.1,2,2,0,0.1
2024-03-08,Laptop,Electronics,South,7,469,47.4,4219,258.35,Ocasional,8.4,7,1,0,0.042
2023-10-08,Printer,Office,South,1,802,153.55,2186,1017.73,Ocasional,6.2,14,4,1,0.096
2024-12-31,Smartphone,Electronics,West,6,930,213.6,581,108.79,Premium,6.4,10,4,0,0.144
2022-03-11,Smartwatch,Electronics,South,1,495,55.17,3719,892.89,Premium,9.9,5,1,1,0.004
2024-08-01,Monitor,Accessories,East,6,4938,847.89,3506,1032.32,Premium,8.7,11,3,0,0.094
2022-08-21,Tablet,Electronics,South,2,1300,267.46,2320,890.46,Frecuente,6.1,8,3,0,0.024
2024-12-11,Mouse,Accessories,South,7,2100,131.67,2962,560.47,Frecuente,9.2,4,4,0,0.122
2024-03-13,Camera,Electronics,South,2,2248,636.52,735,1051.98,Premium,8.0,14,1,0,0.096
2023-12-05,Headphones,Accessories,North,8,7096,991.23,6275,899.56,Frecuente,6.3,14,4,0,0.141
2022-05-13,Headphones,Accessories,East,3,1992,252.21,9310,327.3,Frecuente,8.7,8,2,1,0.1
2022-01-29,Camera,Electronics,South,4,4056,1189.26,7062,853.44,Premium,8.0,1,1,1,0.003
2022-12-22,Camera,Electronics,East,2,1986,208.88,4757,1325.22,Nuevo,6.8,6,4,0,0.077
2024-04-07,Printer,Office,East,3,1635,196.73,4492,1006.91,Ocasional,9.5,8,2,1,0.136
2022-03-05,Smartwatch,Electronics,East,9,3132,443.27,3421,718.25,Frecuente,7.2,14,1,0,0.035
2023-05-21,Smartphone,Electronics,South,8,7064,1554.52,1852,495.94,Ocasional,7.1,11,2,0,0.012
2024-03-16,Camera,Electronics,East,1,907,249.2,6185,147.11,Frecuente,7.1,4,1,1,0.108
2023-01-14,Mouse,Accessories,South,9,7938,1191.41,5881,382.05,Nuevo,9.1,8,1,0,0.075
2023-11-11,Printer,Office,South,4,4360,1207.46,569,36.56,Ocasional,8.8,3,4,0,0.007
2024-08-19,Keyboard,Accessories,West,3,375,95.04,4447,1480.21,Frecuente,9.6,7,3,0,0.042
2022-09-24,Monitor,Accessories,North,7,826,101.01,3141,349.27,Nuevo,6.9,8,3,0,0.049
2023-11-04,Headphones,Accessories,East,1,1011,186.42,2117,1226.02,Ocasional,9.1,8,4,0,0.1
2023-09-09,Mouse,Accessories,East,3,807,148.58,7178,269.59,Ocasional,8.3,6,3,0,0.071
2024-12-17,Headphones,Accessories,North,2,1840,367.7,5495,439.73,Frecuente,7.2,7,4,0,0.073
2022-02-07,Keyboard,Accessories,West,5,4550,1039.34,6520,639.05,Frecuente,6.1,12,1,1,0.121
2024-01-07,Smartphone,Electronics,North,9,8793,901.7,7278,500.12,Ocasional,9.3,8,1,1,0.042
2024-07-09,Headphones,Accessories,North,5,310,32.01,9827,1201.56,Frecuente,7.0,1,3,0,0.101
2023-11-28,Headphones,Accessories,East,3,1143,275.04,8126,1437.39,Ocasional,8.5,11,4,0,0.055
2022-03-10,Monitor,Accessories,West,3,2610,740.21,6393,1315.44,Ocasional,8.2,9,1,0,0.063
2022-07-31,Tablet,Electronics,West,6,1494,269.25,8850,247.3,Frecuente,6.0,10,3,0,0.083
2023-07-05,Smartphone,Electronics,North,4,1524,189.32,5036,1169.5,Frecuente,10.0,10,3,0,0.104
2023-11-21,Tablet,Electronics,North,9,9441,2171.42,9855,238.96,Frecuente,9.3,3,4,0,0.142
2022-06-18,Smartphone,Electronics,South,4,3520,417.26,7733,1371.8,Frecuente,7.9,14,2,1,0.04
2023-03-29,Tablet,Electronics,West,2,390,103.99,6683,786.46,Ocasional,8.7,14,1,0,0.016
2024-01-27,Printer,Office,South,3,3219,255.09,9081,517.84,Ocasional,7.9,3,1,0,0.064
2024-09-29,Laptop,Electronics,North,1,450,75.89,5393,252.4,Frecuente,9.0,4,3,0,0.082
2023-08-12,Smartwatch,Electronics,South,4,828,216.98,7346,37.48,Ocasional,6.5,4,3,1,0.034
2022-01-17,Printer,Office,East,1,1146,152.79,3204,386.96,Ocasional,7.8,14,1,0,0.134
2024-07-09,Monitor,Accessories,West,3,1986,361.33,9650,1372.75,Ocasional,7.3,14,3,1,0.12
2023-03-21,Smartwatch,Electronics,North,8,7264,1776.83,6421,1199.95,Frecuente,7.8,4,1,1,0.074
2023-06-08,Laptop,Electronics,East,7,7469,915.63,7929,1455.29,Ocasional,7.8,9,2,0,0.068
2024-03-19,Laptop,Electronics,South,5,1385,165.55,4877,169.13,Ocasional,6.6,4,1,0,0.006
2023-03-13,Tablet,Electronics,North,4,4556,315.07,8734,896.42,Frecuente,9.9,1,1,0,0.081
2024-02-08,Monitor,Accessories,North,3,456,61.42,1204,400.58,Ocasional,6.1,4,1,0,0.089
2024-11-15,Monitor,Accessories,North,2,1984,125.13,1583,823.55,Nuevo,6.0,2,4,0,0.134
2024-09-17,Smartwatch,Electronics,North,6,5178,1321.58,5317,494.27,Frecuente,7.5,12,3,0,0.075
2023-05-11,Smartwatch,Electronics,West,1,281,30.51,7457,439.53,Ocasional,8.5,11,2,1,0.024
2024-11-26,Monitor,Accessories,South,9,3033,177.92,8187,869.29,Nuevo,6.7,3,4,0,0.027
2022-03-27,Camera,Electronics,East,3,1107,65.88,4680,291.31,Nuevo,8.1,8,1,0,0.024
2022-04-10,Mouse,Accessories,South,3,1446,356.7,6671,714.32,Frecuente,8.9,3,2,0,0.141
2024-07-27,Printer,Office,North,3,1335,263.04,5754,983.2,Ocasional,6.4,8,3,0,0.119
2023-01-23,Mouse,Accessories,South,2,266,20.11,9634,209.71,Nuevo,9.9,13,1,0,0.124
2024-04-22,Smartphone,Electronics,West,6,648,162.3,6713,1397.28,Ocasional,7.3,13,2,0,0.126
2023-03-15,Tablet,Electronics,South,2,344,80.87,4460,768.47,Premium,8.6,12,1,0,0.014
2024-05-25,Smartphone,Electronics,West,6,5724,1640.19,9713,1232.9,Premium,6.4,4,2,0,0.105
2022-03-16,Headphones,Accessories,East,5,4920,323.38,1518,987.78,Ocasional,8.8,3,1,0,0.106
2023-01-07,Camera,Electronics,West,5,5440,457.04,9853,1070.8,Frecuente,9.4,3,1,1,0.034
2024-04-25,Smartphone,Electronics,West,7,7994,908.65,1963,1079.87,Frecuente,6.4,2,2,0,0.074
2023-10-23,Camera,Electronics,South,9,3780,724.36,3238,1315.15,Frecuente,6.5,9,4,1,0.099
2023-05-27,Smartphone,Electronics,North,1,1017,209.97,8303,928.14,Ocasional,7.1,10,2,0,0.135
2023-01-31,Smartphone,Electronics,West,6,1578,82.85,7470,431.76,Frecuente,6.0,13,1,1,0.017
2023-10-09,Smartphone,Electronics,South,2,912,161.37,9718,167.27,Nuevo,9.9,2,4,0,0.134
2024-04-29,Laptop,Electronics,West,6,2520,182.59,7624,917.25,Ocasional,8.4,4,2,0,0.138
2024-12-06,Mouse,Accessories,East,8,2632,262.55,6551,118.2,Nuevo,8.4,11,4,0,0.139
2023-07-10,Monitor,Accessories,West,6,6582,729.68,3791,377.11,Nuevo,9.8,10,3,1,0.001
2024-01-16,Camera,Electronics,East,8,3432,172.69,544,109.85,Frecuente,9.3,6,1,0,0.033
2023-09-10,Keyboard,Accessories,South,2,1030,254.65,1676,832.35,Ocasional,9.3,3,3,0,0.104
2022-10-13,Mouse,Accessories,West,8,1192,289.91,3328,257.3,Premium,7.4,7,4,1,0.048
2024-07-24,Printer,Office,West,9,7083,994.47,888,923.4,Nuevo,7.3,3,3,0,0.009
2022-02-22,Printer,Office,South,7,3675,227.14,5327,1190.48,Frecuente,7.2,8,1,0,0.114
2023-10-30,Monitor,Accessories,North,4,4740,833.27,7884,1236.38,Ocasional,7.4,13,4,1,0.004
2024-04-14,Headphones,Accessories,East,4,1716,364.96,9650,478.12,Ocasional,7.5,3,2,0,0.067
2023-02-07,Printer,Office,South,7,3528,260.06,5152,832.45,Frecuente,6.6,2,1,1,0.142
2022-06-22,Camera,Electronics,South,3,777,71.72,8812,853.26,Ocasional,7.4,11,2,1,0.066
2022-04-29,Camera,Electronics,East,4,3368,558.93,9862,719.87,Premium,7.8,1,2,1,0.137
2022-10-11,Tablet,Electronics,North,4,4240,251.46,8668,989.57,Frecuente,7.2,14,4,1,0.061
2022-04-15,Laptop,Electronics,South,3,3285,292.87,4917,330.93,Frecuente,6.7,11,2,0,0.052
2023-01-14,Smartphone,Electronics,South,6,4872,612.73,3589,1469.28,Frecuente,7.5,6,1,0,0.016
2022-08-24,Smartphone,Electronics,East,9,2466,638.41,9790,165.16,Ocasional,7.9,6,3,0,0.054
2024-10-26,Tablet,Electronics,West,5,2465,497.19,2798,1247.25,Nuevo,8.9,6,4,1,0.051
2023-05-15,Tablet,Electronics,North,3,612,40.15,4409,899.26,Frecuente,8.8,6,2,0,0.127
2022-10-25,Tablet,Electronics,South,5,4170,658.98,1203,382.39,Ocasional,6.8,12,4,1,0.138
2023-03-13,Camera,Electronics,South,8,1088,160.33,8039,1123.6,Nuevo,6.1,12,1,0,0.003
2024-07-30,Keyboard,Accessories,West,2,1626,354.49,6673,145.03,Ocasional,7.2,3,3,0,0.015
2023-11-06,Smartphone,Electronics,North,6,6486,359.49,1305,1166.14,Premium,6.6,3,4,0,0.096
2022-12-14,Monitor,Accessories,West,8,6968,1226.22,2608,893.18,Nuevo,7.6,8,4,1,0.073
2024-01-03,Smartphone,Electronics,North,1,357,82.86,5776,183.91,Premium,9.9,10,1,0,0.045
2024-02-17,Laptop,Electronics,South,1,454,58.4,5633,137.67,Ocasional,6.7,11,1,0,0.039
2024-04-04,Tablet,Electronics,East,3,3582,501.47,8119,1131.24,Ocasional,7.3,5,2,0,0.034
2024-06-25,Tablet,Electronics,West,9,3762,484.75,3027,453.55,Ocasional,8.9,7,2,0,0.079
2024-10-31,Smartwatch,Electronics,South,9,6642,394.48,9284,1336.17,Premium,8.0,2,4,1,0.003
2024-09-25,Monitor,Accessories,West,4,408,45.2,4722,1147.87,Frecuente,6.2,7,3,0,0.111
2024-03-08,Tablet,Electronics,West,1,105,25.26,8314,1053.32,Ocasional,6.6,10,1,0,0.045
2024-05-04,Tablet,Electronics,West,3,2682,584.69,2764,432.34,Premium,9.7,5,2,0,0.064
2022-07-11,Keyboard,Accessories,East,7,497,76.31,851,1069.24,Frecuente,6.4,5,3,0,0.079
2022-08-19,Printer,Office,South,7,4823,420.58,1023,1423.26,Ocasional,8.5,7,3,0,0.032
2024-10-01,Smartwatch,Electronics,North,8,4048,666.1,4040,155.51,Ocasional,9.2,13,4,0,0.133
2023-10-19,Printer,Office,South,7,2758,459.02,9554,502.72,Frecuente,7.1,9,4,0,0.102
2022-12-23,Smartphone,Electronics,North,8,4096,266.35,962,367.31,Frecuente,8.9,13,4,0,0.131
2024-10-11,Printer,Office,North,8,7264,1318.0,4005,602.01,Nuevo,6.7,1,4,0,0.071
2022-04-09,Mouse,Accessories,East,6,4302,957.38,1538,1118.65,Frecuente,7.1,12,2,1,0.065
2022-03-03,Printer,Office,North,7,3297,583.86,9349,721.88,Premium,7.2,1,1,0,0.036
2023-01-27,Printer,Office,North,5,5960,1139.78,6915,864.68,Frecuente,10.0,5,1,0,0.082
2024-01-22,Keyboard,Accessories,West,1,386,114.9,7745,484.95,Frecuente,6.9,6,1,0,0.089
2022-01-20,Printer,Office,West,1,684,170.36,7275,229.11,Nuevo,6.5,4,1,1,0.063
2022-06-15,Laptop,Electronics,South,3,1275,168.64,6741,415.06,Frecuente,9.7,14,2,0,0.022
2023-05-18,Mouse,Accessories,North,9,5949,368.51,7850,1292.33,Premium,6.6,13,2,1,0.041
2023-02-06,Camera,Electronics,East,7,5159,755.22,577,911.58,Ocasional,9.5,8,1,1,0.002
2022-07-01,Monitor,Accessories,North,4,1100,127.13,8721,579.42,Premium,8.6,7,3,1,0.048
2024-01-26,Mouse,Accessories,South,2,290,50.23,7528,1189.06,Frecuente,8.3,11,1,1,0.087
2023-08-05,Smartwatch,Electronics,East,8,7144,492.1,7524,115.4,Nuevo,9.0,10,3,0,0.143
2022-08-09,Keyboard,Accessories,West,5,4200,330.48,4237,395.76,Ocasional,8.9,7,3,1,0.027
2022-02-08,Monitor,Accessories,North,6,5022,291.89,8108,360.55,Premium,6.4,12,1,1,0.008
2024-12-13,Smartphone,Electronics,West,2,2354,371.34,4127,1478.34,Frecuente,10.0,3,4,0,0.044
2024-10-10,Smartphone,Electronics,South,2,2032,149.7,965,1065.03,Frecuente,9.8,4,4,0,0.024
2024-10-15,Printer,Office,South,8,9528,1942.35,9124,934.32,Premium,9.6,1,4,1,0.104
2024-05-25,Keyboard,Accessories,South,2,2372,275.88,2728,27.38,Ocasional,8.5,2,2,0,0.001
2022-02-14,Laptop,Electronics,West,3,2703,609.75,1468,292.78,Ocasional,8.1,3,1,1,0.147
2023-05-04,Laptop,Electronics,South,4,1264,267.82,6408,960.6,Ocasional,8.1,9,2,0,0.128
2024-05-21,Smartphone,Electronics,South,4,1624,333.74,2719,581.98,Nuevo,6.1,12,2,1,0.074
2023-05-14,Mouse,Accessories,West,8,2976,507.77,8652,1387.93,Frecuente,8.0,9,2,0,0.138
2024-07-02,Headphones,Accessories,West,6,4998,863.82,4715,1151.79,Nuevo,8.5,7,3,1,0.094
2024-04-18,Printer,Office,South,1,445,29.57,542,682.13,Ocasional,8.6,4,2,0,0.149
2022-10-20,Printer,Office,West,1,98,28.57,9541,1129.28,Frecuente,7.3,2,4,1,0.042
2022-08-22,Tablet,Electronics,North,7,4102,354.03,5388,1463.6,Ocasional,7.9,9,3,0,0.15
2022-01-11,Printer,Office,North,1,1016,171.31,2998,702.25,Premium,8.5,2,1,0,0.027
2023-08-18,Headphones,Accessories,South,4,1960,234.88,6934,970.94,Ocasional,7.7,12,3,0,0.053
2024-09-15,Mouse,Accessories,West,7,2751,675.95,5540,1379.62,Ocasional,9.8,6,3,0,0.14
2022-07-15,Smartphone,Electronics,East,7,4032,742.98,781,388.04,Frecuente,8.8,5,3,1,0.056
2024-07-28,Smartphone,Electronics,West,7,5978,1791.25,7716,1332.11,Nuevo,6.0,1,3,0,0.031
2023-12-16,Headphones,Accessories,West,7,8050,2129.97,4312,164.37,Frecuente,6.1,4,4,0,0.009
2024-05-24,Monitor,Accessories,East,7,4648,1240.98,7148,979.7,Ocasional,8.8,1,2,1,0.022
2022-06-14,Smartphone,Electronics,North,3,1119,108.68,9008,1178.6,Premium,7.7,11,2,0,0.053
2023-06-14,Printer,Office,South,9,2178,382.67,6300,929.62,Frecuente,9.4,7,2,0,0.063
2024-12-11,Laptop,Electronics,East,1,918,180.31,6880,753.39,Frecuente,6.7,12,4,0,0.081
2023-02-05,Smartphone,Electronics,East,9,6903,837.35,2919,933.67,Nuevo,6.1,8,1,0,0.122
2023-08-21,Keyboard,Accessories,North,5,4855,534.23,2757,244.46,Premium,7.6,14,3,1,0.002
2023-12-18,Camera,Electronics,South,2,2158,483.94,4442,339.04,Nuevo,8.9,11,4,0,0.126
2023-04-13,Mouse,Accessories,North,7,4550,1077.8,8601,419.45,Frecuente,9.9,3,2,0,0.087
2023-09-24,Tablet,Electronics,West,4,3592,249.54,5479,904.71,Frecuente,9.5,2,3,0,0.113
2022-12-19,Tablet,Electronics,South,8,3488,943.25,3806,674.01,Frecuente,7.9,13,4,1,0.114
2022-05-21,Monitor,Accessories,North,2,1214,163.8,7906,381.82,Premium,9.3,4,2,0,0.135
2024-09-21,Mouse,Accessories,West,9,7200,1469.23,8606,1326.56,Nuevo,6.3,11,3,1,0.014
2023-03-24,Laptop,Electronics,East,8,1808,339.31,9074,573.4,Frecuente,8.3,9,1,0,0.086
2022-12-29,Camera,Electronics,West,9,7083,560.88,3339,680.13,Ocasional,9.7,10,4,0,0.136
2024-06-05,Monitor,Accessories,East,4,1060,260.21,7241,626.36,Ocasional,7.6,4,2,1,0.108
2022-11-17,Smartwatch,Electronics,South,9,7182,461.61,6108,289.28,Ocasional,9.8,5,4,0,0.014
2024-05-07,Smartphone,Electronics,West,6,5532,552.74,4765,1102.81,Ocasional,6.9,8,2,0,0.092
2024-08-23,Headphones,Accessories,South,8,1800,326.03,4270,683.72,Nuevo,6.4,1,3,0,0.12
2023-12-17,Headphones,Accessories,South,1,351,32.61,1588,44.06,Ocasional,8.1,5,4,1,0.041
2022-11-10,Smartwatch,Electronics,West,2,1200,191.43,3110,1446.74,Ocasional,9.6,8,4,0,0.095
2023-12-01,Tablet,Electronics,South,9,1593,322.46,5721,1227.33,Ocasional,7.2,3,4,0,0.126
2024-12-15,Monitor,Accessories,East,3,2580,448.02,8922,1090.87,Ocasional,9.2,5,4,0,0.079
2022-03-12,Keyboard,Accessories,East,6,6780,1794.97,8730,1306.26,Frecuente,6.7,14,1,1,0.029
2022-03-25,Smartphone,Electronics,South,2,1298,204.08,2282,1362.07,Ocasional,9.0,5,1,0,0.082
2024-12-24,Smartwatch,Electronics,South,7,4585,383.97,6953,519.48,Frecuente,8.2,13,4,0,0.088
2023-04-16,Tablet,Electronics,North,1,516,70.53,1305,924.22,Ocasional,6.7,13,2,0,0.06
2024-05-14,Tablet,Electronics,West,4,1780,420.28,6912,921.04,Nuevo,8.9,10,2,0,0.102
2022-11-07,Keyboard,Accessories,North,5,365,94.05,3748,415.6,Nuevo,8.9,3,4,0,0.065
2023-02-26,Tablet,Electronics,South,8,3896,735.66,4773,348.49,Ocasional,8.1,3,1,1,0.132
2024-04-28,Laptop,Electronics,South,1,636,169.24,7317,188.58,Ocasional,6.9,14,2,0,0.119
2024-07-27,Monitor,Accessories,East,7,637,87.86,4536,995.79,Ocasional,6.5,1,3,0,0.121
2023-09-26,Keyboard,Accessories,South,3,1302,180.82,8170,1175.76,Frecuente,9.8,8,3,0,0.079
2024-08-24,Smartphone,Electronics,West,1,719,40.42,5569,1146.21,Frecuente,8.6,9,3,0,0.029
2023-08-08,Camera,Electronics,West,6,5106,1341.93,9988,488.09,Frecuente,9.2,12,3,0,0.109
2023-07-11,Mouse,Accessories,West,3,1215,129.8,6563,323.78,Premium,8.8,13,3,0,0.01
2024-05-23,Camera,Electronics,East,9,1791,187.28,3315,691.35,Nuevo,9.3,4,2,0,0.078
2023-09-30,Printer,Office,East,9,6255,452.46,7865,829.28,Nuevo,6.6,8,3,1,0.008
2023-05-02,Printer,Office,East,5,4165,1012.37,4375,1380.25,Ocasional,8.0,9,2,0,0.079
2023-12-31,Monitor,Accessories,South,5,5990,1192.11,5574,1314.74,Frecuente,8.7,14,4,0,0.103
2023-12-01,Tablet,Electronics,South,1,847,142.74,1799,1375.77,Ocasional,6.4,8,4,1,0.063
2024-02-04,Camera,Electronics,East,8,688,131.26,1633,1278.39,Frecuente,6.6,2,1,0,0.063
2023-06-24,Tablet,Electronics,East,2,1188,286.38,5961,1447.58,Ocasional,8.5,13,2,0,0.018
2023-08-20,Camera,Electronics,North,7,3101,926.09,2273,708.94,Nuevo,9.5,8,3,0,0.045
2024-12-30,Headphones,Accessories,West,9,8703,1562.88,9977,90.26,Frecuente,8.6,3,4,1,0.067
2024-10-29,Printer,Office,West,9,9324,2416.93,8628,143.67,Frecuente,6.1,3,4,0,0.13
2024-09-20,Laptop,Electronics,North,1,749,68.17,7158,597.61,Frecuente,9.9,3,3,0,0.135
2024-11-17,Smartwatch,Electronics,West,4,3224,871.53,7479,401.38,Premium,6.6,11,4,0,0.143
2023-10-01,Monitor,Accessories,South,3,459,40.96,6154,271.51,Frecuente,6.9,14,4,0,0.015
2024-12-24,Smartwatch,Electronics,East,7,5726,976.14,1072,1430.74,Premium,9.9,7,4,0,0.044
2022-04-20,Keyboard,Accessories,West,4,616,175.75,4227,309.22,Premium,9.1,2,2,0,0.069
2024-12-24,Laptop,Electronics,North,2,1584,406.25,5210,1439.88,Frecuente,9.7,13,4,1,0.096
2023-06-24,Laptop,Electronics,East,5,3205,368.41,9195,1146.04,Frecuente,9.2,9,2,1,0.105
2024-09-18,Printer,Office,East,1,958,186.76,2585,968.6,Ocasional,8.6,8,3,0,0.118
2023-12-18,Laptop,Electronics,East,9,5139,1315.93,5220,1020.51,Premium,7.1,1,4,0,0.074
2024-11-09,Smartphone,Electronics,West,5,3795,239.15,3768,510.58,Nuevo,7.3,14,4,0,0.083
2024-03-03,Camera,Electronics,East,2,810,229.33,1776,976.71,Frecuente,9.8,2,1,0,0.144
2024-05-11,Camera,Electronics,South,6,5106,1500.2,1478,296.3,Premium,9.4,9,2,0,0.036
2024-06-30,Monitor,Accessories,West,2,798,79.25,3971,1407.8,Premium,7.4,9,2,0,0.121
2022-02-22,Laptop,Electronics,West,5,3165,895.33,1283,466.65,Ocasional,7.5,8,1,1,0.107
2023-09-21,Tablet,Electronics,East,5,5935,875.84,1138,397.68,Frecuente,7.2,8,3,0,0.021
2022-06-27,Keyboard,Accessories,South,4,3352,663.15,3833,1072.52,Ocasional,7.3,6,2,0,0.139
2024-01-29,Smartphone,Electronics,West,9,8343,821.0,2418,991.54,Premium,9.4,9,1,1,0.128
2022-05-25,Monitor,Accessories,East,4,2604,411.38,5770,687.92,Nuevo,6.0,6,2,0,0.117
2023-10-28,Headphones,Accessories,West,1,526,108.88,667,956.02,Premium,7.7,7,4,1,0.019
2023-11-12,Monitor,Accessories,West,9,5220,1324.01,3367,256.05,Frecuente,9.8,10,4,1,0.021
2023-11-12,Printer,Office,North,9,1737,152.98,4806,1016.53,Nuevo,8.2,11,4,0,0.102
2022-10-24,Mouse,Accessories,West,6,3186,841.04,9649,420.5,Frecuente,7.8,3,4,0,0.016
2023-01-13,Smartphone,Electronics,West,6,7014,1202.25,6528,423.8,Frecuente,7.2,14,1,0,0.017
2023-01-17,Mouse,Accessories,South,9,3411,444.87,8866,260.03,Ocasional,6.3,2,1,1,0.06
2022-01-20,Monitor,Accessories,East,1,513,87.58,3761,511.92,Frecuente,6.9,4,1,0,0.001
2022-07-05,Smartphone,Electronics,West,1,1104,277.85,4772,510.25,Premium,6.4,5,3,1,0.108
2022-08-11,Smartphone,Electronics,East,9,2718,271.51,4493,692.18,Frecuente,6.5,5,3,0,0.081
2023-05-14,Headphones,Accessories,North,6,1662,416.3,8930,301.82,Premium,6.7,5,2,1,0.012
2023-12-16,Mouse,Accessories,West,5,1700,360.59,9612,305.65,Nuevo,7.2,5,4,0,0.082
2024-12-06,Tablet,Electronics,South,4,2932,597.65,9642,821.77,Ocasional,6.0,7,4,1,0.008
2023-10-13,Mouse,Accessories,North,4,3604,971.14,7643,210.74,Ocasional,9.8,11,4,0,0.011
2024-03-26,Camera,Electronics,West,4,4596,553.58,5279,1039.57,Frecuente,6.5,12,1,0,0.073
2024-04-05,Smartwatch,Electronics,East,6,930,68.24,5638,1417.04,Ocasional,7.5,5,2,1,0.075
2023-06-24,Tablet,Electronics,North,3,2790,470.93,9814,651.66,Ocasional,9.5,4,2,0,0.051
2022-05-22,Smartphone,Electronics,North,6,4596,1162.75,3203,1353.64,Premium,6.4,10,2,0,0.093
2023-10-15,Keyboard,Accessories,South,1,962,260.28,3793,165.51,Nuevo,7.9,1,4,1,0.058
2024-10-23,Smartphone,Electronics,North,1,92,14.88,9021,83.58,Ocasional,9.4,7,4,1,0.088
2024-09-29,Keyboard,Accessories,North,5,1130,254.99,4170,1087.63,Ocasional,8.2,4,3,0,0.052
2024-04-29,Headphones,Accessories,East,6,6024,1706.41,2733,1146.31,Frecuente,6.8,9,2,0,0.107
2024-01-16,Printer,Office,South,1,879,135.0,5824,1267.73,Premium,8.9,2,1,0,0.087
2022-06-06,Monitor,Accessories,East,8,2384,444.98,3590,104.09,Ocasional,8.7,12,2,0,0.024
2024-12-25,Camera,Electronics,South,4,4644,277.26,8963,1169.82,Ocasional,7.4,4,4,0,0.103
2024-04-04,Keyboard,Accessories,East,1,607,79.78,9136,577.28,Frecuente,6.2,8,2,0,0.118
2022-09-29,Mouse,Accessories,South,7,770,129.11,3407,468.94,Premium,6.0,9,3,0,0.01
2022-11-06,Keyboard,Accessories,South,1,711,158.89,5530,276.08,Ocasional,9.3,7,4,0,0.091
2023-08-02,Keyboard,Accessories,South,2,1088,235.83,9847,1494.1,Frecuente,7.3,7,3,1,0.119
2024-03-05,Laptop,Electronics,East,7,4704,513.14,7552,114.22,Frecuente,6.6,4,1,0,0.017
2022-12-15,Laptop,Electronics,East,5,660,90.86,2548,1243.97,Ocasional,8.1,11,4,0,0.135
2022-11-25,Headphones,Accessories,South,5,4680,516.26,6112,966.45,Premium,9.7,8,4,1,0.062
2022-10-06,Camera,Electronics,East,7,6797,665.29,6388,1107.92,Premium,6.0,4,4,1,0.111
2024-12-11,Mouse,Accessories,North,9,558,38.86,6707,1073.34,Premium,6.2,4,4,0,0.135
2023-09-13,Monitor,Accessories,East,4,4496,1115.75,737,1290.48,Nuevo,7.7,7,3,1,0.148
2022-05-28,Keyboard,Accessories,South,1,713,62.78,3344,292.01,Frecuente,8.7,12,2,0,0.088
2022-08-17,Camera,Electronics,East,2,1310,212.43,8618,21.22,Ocasional,7.9,14,3,0,0.106
2024-10-31,Keyboard,Accessories,West,9,2853,564.05,2793,905.82,Nuevo,9.6,6,4,0,0.038
2023-11-20,Camera,Electronics,South,2,2324,516.06,3347,543.71,Ocasional,6.2,6,4,0,0.044
2024-04-16,Laptop,Electronics,North,1,330,53.42,3563,203.21,Ocasional,7.4,2,2,0,0.128
2023-09-22,Camera,Electronics,South,3,588,100.52,2185,295.49,Ocasional,7.4,8,3,0,0.06
2024-05-07,Smartphone,Electronics,East,1,63,11.91,1976,510.99,Frecuente,7.4,4,2,1,0.123
2022-03-15,Tablet,Electronics,East,7,847,147.71,3796,123.95,Ocasional,8.0,12,1,0,0.008
2024-06-28,Printer,Office,East,1,1037,56.89,8805,104.23,Nuevo,9.2,8,2,0,0.033
2024-01-06,Mouse,Accessories,North,1,373,72.17,514,1375.72,Ocasional,7.3,4,1,0,0.026
2023-12-20,Laptop,Electronics,North,1,1176,157.47,3190,481.91,Frecuente,9.0,13,4,0,0.079
2022-01-11,Smartphone,Electronics,East,3,2139,422.52,1075,1473.7,Frecuente,6.6,12,1,1,0.012
2024-12-11,Monitor,Accessories,West,9,4140,301.12,5834,1447.26,Nuevo,8.2,5,4,1,0.052
2024-01-13,Laptop,Electronics,North,1,1038,63.23,2880,231.01,Premium,7.5,2,1,1,0.148
2024-07-28,Monitor,Accessories,East,8,2024,203.11,8023,1078.09,Ocasional,8.2,4,3,1,0.119
2022-04-15,Smartwatch,Electronics,South,6,6624,1136.09,6057,909.19,Frecuente,6.4,6,2,0,0.114
2023-09-23,Smartwatch,Electronics,East,7,5019,1154.79,7946,1042.16,Ocasional,9.8,6,3,0,0.02
2024-04-15,Smartphone,Electronics,East,5,750,207.77,6531,162.36,Ocasional,9.6,12,2,0,0.055
2023-03-23,Camera,Electronics,North,7,6461,1455.36,4664,299.07,Frecuente,9.3,14,1,1,0.102
2023-11-04,Tablet,Electronics,West,6,2946,208.01,8679,133.43,Frecuente,9.6,11,4,0,0.003
2024-05-24,Monitor,Accessories,South,1,618,81.04,5024,914.12,Ocasional,6.6,12,2,0,0.065
2022-03-27,Printer,Office,South,2,1774,322.49,9524,1480.15,Frecuente,8.0,2,1,0,0.139
2022-05-11,Camera,Electronics,East,9,8586,700.37,9949,1014.54,Frecuente,7.3,3,2,0,0.012
2024-02-13,Laptop,Electronics,South,5,2000,232.41,6095,1071.93,Ocasional,9.5,13,1,0,0.136
2023-02-16,Mouse,Accessories,East,1,849,205.88,6908,1477.19,Frecuente,6.8,9,1,0,0.029
2023-08-13,Mouse,Accessories,East,6,3186,374.63,2928,1023.46,Ocasional,6.9,4,3,0,0.028
2024-05-15,Monitor,Accessories,South,4,2536,495.13,8239,79.47,Premium,8.7,12,2,0,0.029
2024-05-09,Smartwatch,Electronics,South,2,1306,228.41,6880,1303.17,Frecuente,6.4,3,2,1,0.14
2022-05-02,Tablet,Electronics,East,3,2508,631.85,9074,559.72,Nuevo,8.9,11,2,1,0.091
2024-07-13,Tablet,Electronics,North,8,1048,107.56,3036,26.46,Premium,7.1,13,3,0,0.113
2022-11-19,Keyboard,Accessories,East,4,1516,256.96,7982,770.71,Frecuente,8.6,7,4,1,0.055
2024-03-04,Smartphone,Electronics,West,9,10458,1835.21,4967,1406.78,Ocasional,9.5,10,1,1,0.131
2024-05-20,Headphones,Accessories,East,9,2754,259.16,2259,400.85,Nuevo,8.4,11,2,0,0.087
2022-09-28,Printer,Office,West,4,3432,364.27,2126,747.44,Ocasional,6.9,13,3,1,0.09
2022-12-25,Monitor,Accessories,South,2,1234,257.89,5840,277.19,Ocasional,6.2,9,4,1,0.113
2022-07-30,Monitor,Accessories,East,1,847,146.25,3534,105.39,Frecuente,6.2,5,3,0,0.116
2022-10-23,Keyboard,Accessories,South,7,7672,896.11,1467,139.21,Frecuente,6.4,3,4,0,0.102
2024-04-04,Monitor,Accessories,North,9,7596,1454.15,4557,1095.98,Nuevo,8.3,5,2,0,0.018
2024-11-02,Keyboard,Accessories,East,7,7252,1357.27,6702,1298.83,Nuevo,7.4,1,4,0,0.13
2024-12-05,Smartwatch,Electronics,West,6,732,136.59,3530,232.08,Ocasional,7.0,10,4,1,0.039
2023-06-27,Smartphone,Electronics,West,1,173,20.96,9575,446.71,Frecuente,6.9,6,2,0,0.149
2023-03-18,Camera,Electronics,North,3,2805,749.5,7905,308.64,Frecuente,9.8,10,1,0,0.058
2023-09-18,Smartphone,Electronics,West,8,7048,391.96,5370,59.75,Premium,6.5,1,3,1,0.018
2024-08-16,Mouse,Accessories,East,6,4698,1020.11,9379,839.08,Nuevo,7.2,5,3,1,0.047
2024-01-17,Smartwatch,Electronics,South,1,565,148.79,4613,1055.88,Ocasional,7.9,6,1,0,0.086
2023-06-17,Monitor,Accessories,North,1,672,198.75,1826,978.86,Frecuente,6.0,2,2,1,0.059
2022-07-24,Camera,Electronics,South,6,2604,566.34,840,594.32,Frecuente,9.7,12,3,0,0.124
2024-05-31,Tablet,Electronics,West,6,5124,501.5,9411,841.42,Frecuente,6.4,9,2,0,0.102
2022-08-14,Smartwatch,Electronics,West,5,2455,714.35,9617,159.27,Premium,8.7,12,3,0,0.032
2022-03-01,Printer,Office,North,2,1796,225.15,7522,248.37,Ocasional,8.5,12,1,1,0.081
2022-01-25,Laptop,Electronics,South,1,288,61.85,1478,1399.06,Ocasional,9.2,1,1,0,0.118
2023-07-23,Laptop,Electronics,North,5,2160,553.41,3289,1147.03,Frecuente,8.6,13,3,0,0.134
2022-03-10,Tablet,Electronics,West,1,105,27.36,890,1385.65,Ocasional,9.1,1,1,0,0.059
2023-05-05,Monitor,Accessories,South,9,7578,1596.64,986,1376.69,Nuevo,7.7,13,2,1,0.139
2023-03-10,Headphones,Accessories,South,1,365,50.1,2837,981.1,Premium,8.0,10,1,0,0.005
2024-04-23,Camera,Electronics,West,8,3752,537.98,5935,1393.79,Frecuente,8.8,12,2,0,0.102
2024-08-21,Keyboard,Accessories,North,2,1384,316.21,1122,636.72,Frecuente,8.3,7,3,1,0.117
2023-02-21,Smartphone,Electronics,West,5,475,76.22,9853,25.35,Frecuente,8.0,3,1,1,0.064
2023-01-09,Printer,Office,West,4,1116,242.31,4823,112.61,Ocasional,6.8,3,1,0,0.002
2023-08-24,Smartphone,Electronics,West,1,137,39.35,3006,182.04,Ocasional,7.0,2,3,0,0.103
2022-01-12,Headphones,Accessories,South,6,738,158.96,5402,161.12,Frecuente,7.4,12,1,0,0.051
2023-10-09,Camera,Electronics,West,3,1821,543.01,8006,540.52,Frecuente,6.0,8,4,0,0.023
2022-04-22,Keyboard,Accessories,West,7,3654,670.16,3469,1057.88,Nuevo,7.7,4,2,0,0.024
2024-07-14,Keyboard,Accessories,East,6,2592,404.89,951,1190.16,Frecuente,6.0,2,3,1,0.115
2022-04-25,Camera,Electronics,East,6,996,225.75,984,893.52,Ocasional,8.3,2,2,0,0.028
2024-07-10,Mouse,Accessories,North,1,693,62.75,8593,236.73,Ocasional,8.8,4,3,1,0.073
2023-10-24,Keyboard,Accessories,East,3,513,48.23,1560,1126.89,Ocasional,8.2,11,4,0,0.146
2024-05-17,Smartwatch,Electronics,East,8,5736,937.62,6537,545.11,Ocasional,8.8,13,2,1,0.114
2023-04-06,Mouse,Accessories,East,2,1458,208.93,4152,39.23,Ocasional,6.0,9,2,0,0.082
2022-12-03,Smartphone,Electronics,East,8,5496,1104.93,7886,435.27,Ocasional,6.2,14,4,0,0.079
2022-01-07,Tablet,Electronics,North,3,3183,358.87,1075,509.29,Frecuente,8.8,6,1,0,0.025
2023-07-27,Headphones,Accessories,East,6,3990,975.5,9029,425.88,Frecuente,9.2,5,3,0,0.067
2024-02-05,Smartphone,Electronics,West,2,582,76.45,7132,1221.57,Frecuente,8.9,10,1,0,0.022
2022-05-03,Printer,Office,South,5,3340,845.53,4768,1144.69,Frecuente,8.7,2,2,0,0.013
2023-08-30,Monitor,Accessories,West,1,890,59.1,2466,1049.42,Premium,8.8,13,3,1,0.016
2024-09-22,Printer,Office,East,6,4890,689.01,9782,225.73,Frecuente,9.0,11,3,0,0.091
2023-10-19,Keyboard,Accessories,East,3,2625,349.61,3369,1215.59,Frecuente,8.9,1,4,0,0.029
2022-09-14,Smartwatch,Electronics,North,4,1440,200.09,5159,1022.22,Premium,9.0,3,3,0,0.022
2024-12-26,Headphones,Accessories,North,5,505,93.85,4244,308.36,Frecuente,6.3,9,4,1,0.13
2022-01-28,Laptop,Electronics,North,8,8192,1822.87,2690,979.18,Ocasional,6.3,11,1,0,0.018
2023-08-09,Keyboard,Accessories,East,3,1920,144.3,4457,735.6,Ocasional,7.4,4,3,0,0.106
2022-10-18,Smartwatch,Electronics,West,8,8768,1065.8,1939,670.24,Ocasional,8.1,11,4,0,0.063
2022-10-12,Mouse,Accessories,North,1,1140,117.05,515,185.94,Ocasional,9.1,7,4,0,0.087
2023-01-23,Laptop,Electronics,North,4,952,264.61,3254,787.09,Nuevo,7.3,10,1,0,0.004
2024-05-02,Smartphone,Electronics,North,1,225,51.07,1564,167.9,Ocasional,7.1,6,2,0,0.0
2022-08-01,Printer,Office,South,4,1304,336.95,4440,263.1,Premium,9.1,7,3,0,0.123
2023-06-25,Camera,Electronics,East,3,1029,206.83,8696,216.17,Nuevo,7.0,6,2,1,0.071
2024-02-29,Printer,Office,South,3,3402,442.67,2044,1432.08,Premium,9.3,3,1,0,0.011
2022-05-24,Laptop,Electronics,North,9,8460,1201.94,511,441.6,Ocasional,6.7,3,2,0,0.052
2024-03-07,Monitor,Accessories,North,1,104,26.86,1555,545.7,Ocasional,7.4,3,1,0,0.076
2023-12-18,Monitor,Accessories,West,9,10665,1595.08,5327,496.68,Frecuente,7.6,12,4,1,0.02
2023-08-12,Smartwatch,Electronics,East,8,984,183.07,3110,1349.41,Ocasional,7.2,6,3,1,0.082
2024-09-18,Smartphone,Electronics,North,4,2064,359.3,5150,853.19,Frecuente,6.0,6,3,0,0.079
2022-03-08,Laptop,Electronics,North,2,594,172.47,777,1380.36,Premium,6.9,12,1,1,0.09
2023-10-25,Printer,Office,South,8,6016,898.33,3664,463.89,Premium,7.4,13,4,0,0.122
2024-08-22,Smartphone,Electronics,North,8,2864,195.16,4396,189.96,Premium,7.3,4,3,0,0.062
2024-07-17,Tablet,Electronics,North,4,724,186.95,4597,843.2,Premium,9.1,5,3,0,0.133
2024-02-11,Mouse,Accessories,East,6,4098,1174.46,5736,531.39,Ocasional,6.2,6,1,1,0.071
2023-06-12,Monitor,Accessories,North,1,338,32.61,7915,1206.82,Ocasional,7.6,12,2,0,0.069
2024-03-09,Printer,Office,West,8,9280,1596.88,4938,1321.55,Frecuente,6.2,10,1,0,0.098
2022-04-16,Smartwatch,Electronics,East,1,890,57.04,8491,719.41,Ocasional,9.7,8,2,0,0.093
2023-04-26,Tablet,Electronics,South,2,1790,442.75,5532,1457.61,Premium,9.2,4,2,0,0.002
2023-10-01,Tablet,Electronics,North,9,8523,978.97,2973,838.46,Frecuente,9.9,6,4,1,0.147
2023-02-21,Headphones,Accessories,West,9,7776,677.74,2675,420.96,Ocasional,9.6,1,1,0,0.141
2024-03-20,Mouse,Accessories,North,7,3031,417.5,3563,743.68,Nuevo,7.3,10,1,1,0.042
2022-10-02,Camera,Electronics,South,9,4698,1262.47,6175,75.22,Frecuente,8.8,13,4,0,0.084
2023-06-13,Keyboard,Accessories,West,9,4851,1408.41,2803,1209.92,Premium,7.2,12,2,1,0.116
2023-01-22,Camera,Electronics,East,6,4542,1169.16,9184,170.12,Ocasional,9.6,5,1,1,0.138
2022-09-21,Headphones,Accessories,North,2,978,210.75,5058,476.95,Nuevo,7.6,7,3,0,0.088
2022-01-04,Mouse,Accessories,South,9,9378,1740.97,8701,856.67,Frecuente,7.5,14,1,0,0.003
2023-08-06,Smartwatch,Electronics,North,8,9464,2043.73,6990,83.6,Frecuente,9.7,6,3,0,0.102
2024-11-08,Printer,Office,West,8,1720,401.26,3666,137.39,Premium,9.3,12,4,0,0.014
2022-07-11,Keyboard,Accessories,West,8,4752,1124.22,2668,1050.25,Ocasional,9.9,9,3,0,0.101
2023-10-23,Keyboard,Accessories,South,4,584,127.28,7567,126.23,Nuevo,6.3,7,4,1,0.088
2024-07-28,Camera,Electronics,North,9,4554,1031.09,3641,726.08,Ocasional,7.0,9,3,0,0.096
2022-07-23,Tablet,Electronics,South,2,2392,483.39,2845,521.27,Frecuente,7.2,4,3,0,0.028
2023-11-20,Camera,Electronics,South,7,3962,916.13,9338,357.56,Ocasional,7.7,6,4,0,0.074
2023-05-21,Laptop,Electronics,North,3,1308,141.04,5084,299.39,Ocasional,7.9,5,2,0,0.093
2023-09-15,Printer,Office,South,8,5912,1153.18,961,1149.85,Frecuente,7.2,11,3,0,0.045
2023-05-10,Camera,Electronics,South,7,5831,1416.31,5200,1428.28,Ocasional,9.2,9,2,0,0.027
2022-12-11,Camera,Electronics,West,7,5572,690.68,4877,227.47,Frecuente,6.9,6,4,1,0.033
2023-08-11,Monitor,Accessories,North,6,5214,1093.04,8707,1440.33,Frecuente,8.8,12,3,0,0.129
2022-06-18,Mouse,Accessories,East,9,6705,1283.78,7259,900.25,Ocasional,9.4,7,2,0,0.07
2023-01-28,Headphones,Accessories,North,1,426,93.83,2317,969.66,Frecuente,8.4,14,1,0,0.099
2024-11-06,Smartphone,Electronics,West,2,2204,523.82,1929,1070.69,Nuevo,7.4,9,4,0,0.077
2022-08-25,Smartphone,Electronics,North,3,2652,161.67,6234,1062.1,Ocasional,6.8,13,3,0,0.125
2023-07-07,Printer,Office,South,6,3132,919.52,950,1233.32,Frecuente,6.5,14,3,0,0.076
2024-06-04,Printer,Office,West,5,1830,437.35,3530,735.53,Frecuente,9.0,5,2,0,0.014
2024-01-27,Laptop,Electronics,East,9,2763,676.25,1812,809.37,Ocasional,7.9,4,1,1,0.03
2022-09-17,Monitor,Accessories,North,8,9056,2281.97,695,499.26,Frecuente,6.2,12,3,0,0.002
2022-03-10,Camera,Electronics,North,7,5439,1416.62,9228,175.78,Ocasional,9.9,4,1,0,0.125
2022-08-01,Camera,Electronics,South,6,828,47.91,1353,1003.67,Frecuente,8.7,11,3,1,0.099
2024-10-01,Smartwatch,Electronics,East,5,1910,463.07,587,69.74,Frecuente,9.4,3,4,1,0.114
2023-02-19,Tablet,Electronics,North,2,1874,333.86,9362,427.94,Ocasional,7.8,13,1,0,0.107
2023-08-02,Mouse,Accessories,East,1,1032,291.41,2289,159.46,Premium,9.8,10,3,1,0.124
2023-06-26,Keyboard,Accessories,East,3,3264,556.86,8257,302.28,Ocasional,6.8,8,2,1,0.148
2022-11-26,Smartphone,Electronics,West,1,877,110.99,797,965.32,Ocasional,6.7,7,4,0,0.098
2022-05-23,Camera,Electronics,North,3,924,183.18,1958,950.15,Frecuente,9.6,9,2,0,0.038
2023-04-26,Camera,Electronics,West,3,417,114.42,1550,643.16,Ocasional,9.6,6,2,0,0.015
2024-02-21,Laptop,Electronics,West,5,2670,155.89,7209,153.45,Ocasional,8.0,6,1,0,0.088
2024-06-18,Keyboard,Accessories,South,7,2716,512.09,6391,661.39,Ocasional,6.5,3,2,1,0.116
2023-05-18,Headphones,Accessories,West,9,10134,1334.37,5017,542.06,Frecuente,7.2,3,2,0,0.084
2022-01-19,Monitor,Accessories,North,5,5500,1230.98,2795,1086.28,Frecuente,9.0,13,1,0,0.046
2024-12-07,Tablet,Electronics,East,6,6228,1756.82,1344,876.96,Ocasional,9.4,11,4,0,0.108
2024-06-16,Laptop,Electronics,West,7,1092,274.77,5907,747.52,Ocasional,7.4,7,2,0,0.067
2023-06-24,Monitor,Accessories,West,5,3255,332.54,2691,740.73,Ocasional,6.2,12,2,1,0.043
2022-06-28,Tablet,Electronics,West,5,5645,1320.86,6106,1450.12,Ocasional,8.7,9,2,0,0.126
2024-03-20,Smartphone,Electronics,North,9,7578,466.87,7030,1139.32,Ocasional,9.0,9,1,0,0.086
2023-04-21,Keyboard,Accessories,South,9,6282,1594.61,8569,755.53,Frecuente,7.7,2,2,0,0.043
2024-12-29,Laptop,Electronics,South,6,2364,639.29,5192,729.25,Ocasional,8.3,8,4,1,0.049
2023-12-12,Keyboard,Accessories,North,8,6880,1570.91,545,59.19,Frecuente,9.9,2,4,1,0.086
2022-10-30,Smartphone,Electronics,East,6,3288,249.02,3166,1414.91,Frecuente,7.0,10,4,0,0.063
2024-02-01,Monitor,Accessories,East,6,5292,659.58,8607,492.38,Ocasional,8.3,1,1,0,0.024
2023-11-06,Printer,Office,North,3,3522,883.41,5565,398.79,Frecuente,8.4,8,4,0,0.092
2022-10-08,Smartwatch,Electronics,West,2,1518,87.6,6381,1499.13,Frecuente,8.2,6,4,0,0.103
2023-06-17,Tablet,Electronics,North,7,2457,690.55,4849,1083.66,Nuevo,9.5,2,2,0,0.0
2024-01-09,Headphones,Accessories,West,1,309,62.08,2046,90.1,Ocasional,8.4,7,1,0,0.081
2022-01-24,Monitor,Accessories,North,6,6192,717.46,9018,111.59,Ocasional,8.0,3,1,1,0.087
2022-06-04,Camera,Electronics,East,5,4235,747.96,7842,57.74,Nuevo,6.5,4,2,0,0.05
2022-08-13,Smartwatch,Electronics,North,9,7128,457.11,9954,907.44,Frecuente,8.8,13,3,0,0.051
2024-07-23,Tablet,Electronics,North,5,5660,641.69,8627,125.92,Ocasional,6.5,5,3,1,0.048
2024-05-23,Smartphone,Electronics,South,1,787,120.38,3265,1401.41,Frecuente,6.1,6,2,0,0.067
2022-11-13,Mouse,Accessories,West,3,375,107.26,2915,1406.62,Frecuente,8.0,1,4,1,0.122
2023-08-19,Camera,Electronics,South,4,296,44.79,2860,828.16,Frecuente,8.3,5,3,0,0.07
2022-01-01,Keyboard,Accessories,East,6,6372,570.75,9228,932.63,Premium,10.0,5,1,1,0.149
2024-06-16,Mouse,Accessories,West,6,2214,322.73,5790,452.0,Ocasional,8.8,11,2,0,0.056
2024-09-16,Headphones,Accessories,South,6,2640,734.44,4817,114.68,Frecuente,9.4,2,3,1,0.105
2023-11-08,Camera,Electronics,South,7,2240,580.47,9698,1111.44,Ocasional,7.4,14,4,1,0.082
2023-05-06,Smartwatch,Electronics,East,7,6258,1347.74,6232,170.64,Frecuente,8.0,2,2,0,0.114
2024-01-02,Printer,Office,West,8,3816,574.57,9139,146.63,Premium,9.9,10,1,0,0.133
2022-05-15,Smartwatch,Electronics,South,2,390,115.48,9854,480.61,Nuevo,7.7,1,2,0,0.077
2024-07-01,Tablet,Electronics,South,7,630,83.28,1254,38.45,Ocasional,9.2,12,3,0,0.074
2022-09-01,Smartphone,Electronics,South,4,3868,819.26,3934,662.37,Nuevo,8.1,10,3,1,0.141
2023-06-27,Monitor,Accessories,North,1,777,211.31,7474,1067.37,Frecuente,6.9,12,2,0,0.14
2024-05-28,Monitor,Accessories,North,3,1347,196.59,8225,1206.0,Premium,8.3,14,2,1,0.15
2023-05-17,Laptop,Electronics,East,9,7272,500.32,1910,914.37,Ocasional,6.9,12,2,0,0.023
2024-09-28,Printer,Office,North,6,5724,857.33,3524,1273.37,Ocasional,6.0,9,3,0,0.001
2022-05-07,Headphones,Accessories,West,3,312,74.8,5707,621.62,Premium,6.9,12,2,1,0.066
2023-05-18,Laptop,Electronics,East,3,1947,239.63,8092,1276.18,Nuevo,6.8,2,2,0,0.11
2023-10-09,Tablet,Electronics,North,6,1128,207.97,1573,769.58,Ocasional,7.5,10,4,0,0.011
2023-03-05,Laptop,Electronics,East,9,4158,672.32,6206,350.09,Ocasional,9.6,14,1,0,0.056
2024-07-04,Keyboard,Accessories,East,6,2670,782.28,3316,1417.34,Frecuente,7.6,6,3,0,0.087
2024-05-31,Headphones,Accessories,East,1,85,17.71,2555,426.96,Ocasional,9.4,14,2,0,0.032
2023-12-10,Mouse,Accessories,East,8,4136,1056.54,5396,58.78,Frecuente,8.2,8,4,0,0.11
2022-05-07,Tablet,Electronics,North,6,4332,348.61,4433,379.16,Nuevo,6.0,7,2,0,0.034
2024-07-01,Monitor,Accessories,North,8,1600,305.3,6539,562.7,Frecuente,6.8,5,3,1,0.126
2023-10-28,Tablet,Electronics,East,7,5075,471.21,3517,540.0,Frecuente,9.7,2,4,0,0.052
2022-07-27,Tablet,Electronics,South,6,4152,1065.46,8321,796.51,Premium,8.4,13,3,0,0.09
2022-05-13,Printer,Office,East,7,5635,1665.01,1242,1327.03,Ocasional,9.7,11,2,0,0.082
2022-09-16,Smartwatch,Electronics,East,3,3108,220.97,8687,452.66,Nuevo,7.2,6,3,0,0.044
2022-10-24,Smartwatch,Electronics,South,7,4270,1197.44,783,790.74,Nuevo,8.9,14,4,1,0.066
2023-02-15,Monitor,Accessories,West,5,1350,321.9,7491,523.41,Ocasional,9.1,3,1,0,0.127
2024-03-07,Keyboard,Accessories,East,3,330,81.86,3791,1236.22,Nuevo,9.9,11,1,0,0.082
2022-07-13,Camera,Electronics,South,6,4260,504.82,4141,253.25,Ocasional,6.1,7,3,0,0.008
2022-07-31,Headphones,Accessories,North,3,2712,751.52,680,173.2,Frecuente,9.8,9,3,0,0.107
2024-03-26,Smartphone,Electronics,West,1,328,46.23,7169,764.43,Ocasional,7.6,1,1,0,0.027
2023-08-13,Smartphone,Electronics,West,8,7776,498.6,2072,1014.39,Premium,9.4,9,3,0,0.073
2022-05-08,Laptop,Electronics,East,4,2896,522.82,6761,1197.38,Frecuente,8.2,10,2,0,0.07
2023-05-07,Tablet,Electronics,North,2,1902,388.83,7389,892.64,Frecuente,8.3,14,2,0,0.073
2022-01-29,Smartwatch,Electronics,North,7,3255,814.85,8529,1165.3,Frecuente,7.4,5,1,0,0.005
2022-03-02,Keyboard,Accessories,North,3,633,162.4,7226,601.21,Nuevo,9.3,2,1,0,0.041
2023-04-11,Tablet,Electronics,East,7,6209,402.78,3364,68.64,Nuevo,7.1,1,2,0,0.008
2023-05-09,Smartwatch,Electronics,East,9,4698,1167.9,7516,191.83,Frecuente,8.0,3,2,0,0.062
2024-07-11,Smartphone,Electronics,West,8,7424,1878.07,8346,77.31,Ocasional,8.2,5,3,0,0.093
2022-01-26,Printer,Office,East,1,498,58.3,3512,506.84,Frecuente,9.0,12,1,0,0.098
2023-08-30,Headphones,Accessories,East,1,111,27.91,1679,753.33,Premium,7.9,3,3,0,0.01
2023-08-18,Laptop,Electronics,North,8,7520,1201.4,8955,547.35,Frecuente,8.7,3,3,0,0.018
2023-05-31,Camera,Electronics,South,1,182,30.97,1905,849.69,Frecuente,7.9,1,2,0,0.099
2022-02-18,Mouse,Accessories,West,5,5890,309.0,6141,731.3,Frecuente,8.6,6,1,0,0.08
2024-07-17,Laptop,Electronics,South,4,3244,357.55,2744,1023.36,Frecuente,8.7,9,3,0,0.125
2024-04-26,Smartphone,Electronics,South,7,5229,1058.26,1697,1007.1,Premium,8.8,4,2,0,0.031
2022-10-19,Smartwatch,Electronics,North,9,5202,1271.47,7875,490.73,Frecuente,9.3,7,4,0,0.018
2022-03-15,Keyboard,Accessories,West,3,438,67.43,1865,532.4,Nuevo,8.2,4,1,0,0.054
2023-02-14,Keyboard,Accessories,East,6,6900,1109.73,6867,886.02,Premium,6.8,12,1,0,0.096
2022-09-11,Tablet,Electronics,East,3,369,36.07,7084,902.72,Frecuente,8.7,1,3,0,0.073
2024-01-17,Laptop,Electronics,West,4,4140,1229.85,1072,485.76,Ocasional,6.3,3,1,0,0.015
2024-04-13,Printer,Office,South,3,1086,188.65,2142,508.87,Frecuente,6.9,8,2,1,0.011
2023-03-03,Mouse,Accessories,South,2,2134,269.53,8046,1047.19,Ocasional,9.2,12,1,1,0.102
2022-06-16,Laptop,Electronics,North,6,5310,637.81,5319,978.17,Premium,7.7,6,2,0,0.045
2023-08-20,Headphones,Accessories,East,6,2748,682.8,1652,219.88,Ocasional,8.0,1,3,0,0.1
2024-09-18,Printer,Office,South,9,3357,405.61,9921,672.74,Ocasional,9.9,8,3,0,0.044
2023-01-28,Smartwatch,Electronics,West,9,10206,592.77,3017,1341.2,Ocasional,6.9,4,1,1,0.047
2024-10-20,Smartphone,Electronics,South,6,2970,425.9,538,73.73,Ocasional,6.1,5,4,0,0.031
2022-05-18,Mouse,Accessories,West,4,1208,351.47,9279,1285.64,Frecuente,6.4,13,2,0,0.148
2024-06-19,Smartwatch,Electronics,South,3,945,135.59,657,261.5,Frecuente,7.0,14,2,1,0.002
2022-07-06,Monitor,Accessories,East,8,7040,996.02,5756,770.73,Frecuente,8.9,4,3,0,0.019
2023-11-22,Smartphone,Electronics,West,4,3684,1009.1,9934,648.02,Ocasional,9.1,9,4,0,0.125
2024-02-23,Headphones,Accessories,East,2,1262,190.02,5989,34.99,Premium,8.3,8,1,0,0.021
2022-06-24,Mouse,Accessories,South,3,3504,807.65,6054,1374.79,Frecuente,7.0,14,2,0,0.042
2022-12-15,Printer,Office,East,6,4464,1122.37,4187,693.29,Ocasional,8.1,14,4,1,0.039
2024-04-02,Laptop,Electronics,East,4,1324,227.2,1705,1432.32,Premium,6.1,5,2,0,0.105
2023-07-17,Camera,Electronics,East,6,4140,451.27,5940,444.38,Premium,8.7,1,3,0,0.062
2024-04-03,Mouse,Accessories,West,8,2384,120.28,9024,1302.09,Ocasional,8.5,1,2,0,0.126
2022-05-02,Laptop,Electronics,West,8,4624,1313.36,1365,1385.14,Frecuente,6.1,1,2,0,0.112
2023-12-13,Smartwatch,Electronics,West,6,4812,662.54,8863,844.11,Ocasional,9.3,11,4,1,0.08
2022-01-18,Tablet,Electronics,North,6,5640,856.44,4442,319.96,Nuevo,9.1,11,1,1,0.037
2022-09-23,Smartwatch,Electronics,West,5,1840,307.09,5593,1034.17,Nuevo,7.2,12,3,1,0.119
2024-11-01,Keyboard,Accessories,North,7,8071,435.51,2071,832.49,Frecuente,8.5,2,4,1,0.13
2022-10-25,Keyboard,Accessories,North,3,2400,297.07,6407,1417.9,Frecuente,8.4,1,4,0,0.125
2023-07-01,Smartwatch,Electronics,East,6,3570,265.62,2232,670.12,Ocasional,6.6,3,3,0,0.008
2022-03-27,Laptop,Electronics,East,3,1758,245.92,3095,417.4,Ocasional,6.8,9,1,0,0.105
2023-08-06,Monitor,Accessories,North,4,3072,394.2,7355,224.66,Ocasional,8.7,1,3,0,0.106
2023-08-16,Mouse,Accessories,South,5,2185,136.1,979,1053.98,Frecuente,9.7,10,3,0,0.141
2023-02-03,Smartphone,Electronics,North,8,7664,1251.65,4748,1461.68,Premium,8.3,13,1,0,0.04
2024-03-13,Headphones,Accessories,West,5,1710,338.1,6148,61.95,Frecuente,8.3,3,1,0,0.118
2024-08-17,Printer,Office,South,2,1878,386.28,1754,1115.86,Frecuente,8.6,11,3,1,0.103
2023-07-22,Tablet,Electronics,South,1,569,141.33,3300,1391.86,Premium,7.8,8,3,0,0.132
2023-04-05,Smartwatch,Electronics,West,3,1488,296.36,3763,130.68,Nuevo,6.2,14,2,0,0.104
2024-04-20,Mouse,Accessories,West,9,9918,1956.17,6804,183.05,Premium,7.6,4,2,1,0.128
2022-12-19,Smartwatch,Electronics,South,3,432,36.84,9778,1044.1,Ocasional,9.6,4,4,0,0.054
2023-09-18,Tablet,Electronics,East,9,9828,1300.68,8444,978.99,Nuevo,9.2,1,3,0,0.024
2024-12-28,Smartwatch,Electronics,North,5,3625,245.52,2302,121.86,Frecuente,9.7,10,4,0,0.055
2022-05-17,Smartwatch,Electronics,South,3,2187,491.13,672,1254.95,Ocasional,6.6,13,2,1,0.122
2023-10-24,Monitor,Accessories,South,5,5105,1003.4,993,794.67,Ocasional,8.0,1,4,1,0.02
2022-12-09,Headphones,Accessories,South,3,1392,345.78,6159,1362.65,Frecuente,8.3,7,4,0,0.096
2022-11-07,Smartphone,Electronics,North,2,744,110.81,1984,1319.43,Frecuente,6.8,11,4,0,0.148
2023-06-05,Smartwatch,Electronics,South,4,1724,233.21,2697,1222.51,Ocasional,6.8,11,2,0,0.134
2023-10-26,Mouse,Accessories,West,5,1940,423.17,8550,783.53,Ocasional,9.1,14,4,0,0.101
2023-07-28,Mouse,Accessories,South,4,356,59.15,8801,392.53,Ocasional,8.7,11,3,1,0.119
2023-05-26,Monitor,Accessories,West,5,1095,269.87,8470,768.84,Nuevo,8.6,13,2,0,0.017
2022-12-07,Tablet,Electronics,North,8,4064,543.9,2909,169.2,Frecuente,7.1,14,4,1,0.075
2024-11-20,Smartwatch,Electronics,West,7,5453,1592.37,6387,995.09,Ocasional,8.0,13,4,1,0.08
2024-03-31,Monitor,Accessories,South,8,7104,529.35,6302,218.29,Ocasional,6.1,7,1,0,0.117
2024-04-17,Keyboard,Accessories,East,9,2745,660.56,2259,776.54,Ocasional,6.5,6,2,1,0.042
2024-05-06,Camera,Electronics,North,5,1030,64.81,5758,100.49,Ocasional,8.1,6,2,0,0.016
2023-02-25,Tablet,Electronics,North,9,8973,471.86,5489,463.28,Ocasional,7.2,14,1,0,0.105
2022-12-14,Keyboard,Accessories,North,2,794,128.5,4263,363.48,Nuevo,9.9,4,4,1,0.074
2023-12-20,Printer,Office,South,6,2142,476.19,7640,937.65,Frecuente,7.9,11,4,0,0.126
2023-10-13,Headphones,Accessories,East,2,414,51.1,6937,1184.44,Ocasional,6.3,9,4,1,0.072
2023-06-14,Tablet,Electronics,North,3,1416,220.7,5560,104.81,Frecuente,6.1,1,2,0,0.127
2022-04-02,Tablet,Electronics,South,3,2103,541.35,7394,1278.42,Ocasional,8.9,7,2,0,0.076
2024-06-20,Camera,Electronics,West,3,861,173.49,7749,1293.94,Ocasional,6.7,3,2,1,0.117
2024-05-19,Headphones,Accessories,West,3,2367,222.26,5885,526.56,Ocasional,6.8,11,2,0,0.108
2023-01-16,Tablet,Electronics,South,5,2435,688.82,3042,995.33,Frecuente,7.7,7,1,0,0.04
2023-05-07,Printer,Office,South,4,2456,163.61,7705,615.87,Ocasional,7.1,5,2,0,0.046
2023-07-01,Laptop,Electronics,East,4,3216,962.49,7317,248.2,Frecuente,8.5,1,3,0,0.135
2024-07-25,Smartwatch,Electronics,East,4,4324,833.11,9842,802.42,Frecuente,7.9,2,3,0,0.035
2023-09-27,Mouse,Accessories,South,4,2628,727.87,1922,147.81,Frecuente,6.4,11,3,1,0.105
2023-08-12,Keyboard,Accessories,West,8,8992,2018.64,4483,1320.14,Nuevo,9.1,13,3,0,0.022
2024-07-24,Laptop,Electronics,West,6,360,22.16,9280,1387.95,Frecuente,7.7,5,3,1,0.113
2022-07-26,Tablet,Electronics,South,3,2067,479.39,5388,1235.99,Nuevo,8.4,12,3,1,0.033
2024-12-03,Mouse,Accessories,South,9,3573,550.44,9454,852.54,Frecuente,6.0,8,4,0,0.089
2023-08-15,Laptop,Electronics,South,8,1800,142.86,618,845.25,Ocasional,8.5,5,3,0,0.085
2023-11-28,Printer,Office,South,8,3912,334.1,834,1477.22,Ocasional,7.1,7,4,0,0.031
2022-08-03,Headphones,Accessories,North,8,5640,747.26,8062,386.89,Ocasional,8.0,10,3,1,0.074
2022-09-02,Tablet,Electronics,South,1,552,115.74,3905,132.4,Ocasional,7.2,13,3,0,0.132
2022-04-25,Mouse,Accessories,South,7,1428,289.65,5442,851.67,Ocasional,10.0,7,2,0,0.102
2022-01-12,Printer,Office,West,1,349,42.05,4566,506.6,Nuevo,6.9,5,1,1,0.149
2022-10-30,Tablet,Electronics,North,6,6402,1366.28,4375,497.06,Ocasional,9.7,11,4,0,0.118
2023-06-09,Monitor,Accessories,East,9,657,185.95,9425,30.49,Premium,9.7,8,2,0,0.097
2023-01-13,Mouse,Accessories,West,7,5327,950.7,1393,902.43,Frecuente,7.7,6,1,1,0.084
2024-01-27,Keyboard,Accessories,North,4,4196,1152.45,7836,410.77,Ocasional,7.2,7,1,0,0.141
2023-11-04,Laptop,Electronics,East,4,2892,863.47,8951,298.03,Frecuente,7.5,8,4,0,0.079
2024-08-07,Laptop,Electronics,West,9,2772,432.77,6745,79.84,Ocasional,10.0,2,3,0,0.06
2024-07-13,Smartwatch,Electronics,North,6,4692,1044.97,4252,559.26,Ocasional,8.5,1,3,1,0.125
2022-12-07,Mouse,Accessories,East,6,2742,334.48,2020,1320.87,Frecuente,8.2,10,4,1,0.141
2023-01-16,Smartphone,Electronics,North,8,8896,1154.96,6984,518.27,Ocasional,6.1,3,1,1,0.072
2022-11-21,Mouse,Accessories,North,2,2344,385.19,4953,1025.03,Ocasional,9.4,8,4,1,0.021
2022-01-26,Headphones,Accessories,South,7,4186,655.53,1919,1139.69,Ocasional,6.3,11,1,0,0.091
2024-11-14,Tablet,Electronics,East,9,5238,1152.42,3916,505.59,Ocasional,6.2,4,4,0,0.111
2022-10-20,Mouse,Accessories,North,3,2982,452.22,9634,1236.03,Nuevo,7.1,6,4,0,0.056
2024-05-14,Smartwatch,Electronics,West,4,2580,602.5,3021,1043.98,Ocasional,7.9,14,2,1,0.112
2024-01-17,Keyboard,Accessories,West,5,2675,671.6,2195,847.68,Nuevo,9.6,1,1,1,0.08
2024-07-30,Printer,Office,East,4,2396,608.5,6978,21.47,Premium,9.2,11,3,0,0.045
2024-09-30,Laptop,Electronics,West,5,1600,242.25,2395,71.93,Ocasional,6.8,3,3,1,0.094
2023-09-09,Smartwatch,Electronics,North,4,304,34.73,9239,1486.48,Ocasional,7.5,13,3,0,0.058
2024-05-24,Keyboard,Accessories,East,9,2070,457.39,8660,1177.78,Frecuente,9.1,6,2,0,0.118
2022-09-12,Printer,Office,North,5,1230,158.23,9843,1407.6,Frecuente,8.1,1,3,0,0.0
2023-05-29,Camera,Electronics,South,6,6234,758.78,9169,1355.41,Ocasional,6.7,11,2,1,0.123
2024-01-27,Headphones,Accessories,South,2,396,46.33,2815,50.26,Frecuente,7.6,3,1,0,0.046
2023-08-17,Mouse,Accessories,East,9,2349,244.18,2515,1191.93,Nuevo,8.5,6,3,0,0.144
2023-07-15,Headphones,Accessories,North,9,5949,626.92,3755,687.7,Frecuente,9.9,8,3,1,0.114
2022-01-15,Printer,Office,East,7,5957,1433.85,4963,1188.55,Frecuente,8.6,11,1,0,0.036
2024-12-04,Headphones,Accessories,East,3,1989,299.79,8859,29.94,Ocasional,6.1,6,4,0,0.147
2024-11-19,Mouse,Accessories,South,1,1138,243.36,7468,446.53,Frecuente,8.8,13,4,1,0.075
2022-04-15,Tablet,Electronics,West,9,3321,689.64,6622,1131.96,Premium,7.0,7,2,0,0.078
2023-10-03,Camera,Electronics,South,4,4480,592.82,8844,1193.67,Ocasional,9.4,5,4,0,0.136
2023-02-14,Smartwatch,Electronics,East,3,1533,440.88,6635,937.18,Ocasional,7.5,5,1,0,0.138
2024-02-10,Mouse,Accessories,East,1,109,10.35,4101,465.86,Frecuente,6.8,12,1,1,0.105
2024-04-07,Smartphone,Electronics,South,4,2380,594.86,4423,479.34,Ocasional,7.9,10,2,0,0.147
2022-08-22,Printer,Office,South,8,2592,432.37,5411,1450.81,Ocasional,7.0,2,3,0,0.049
2023-12-08,Laptop,Electronics,East,6,5112,1289.47,1343,670.03,Ocasional,6.9,11,4,1,0.035
2023-04-02,Smartwatch,Electronics,North,8,9392,1753.08,7546,681.75,Frecuente,8.3,6,2,0,0.004
2024-10-21,Laptop,Electronics,West,2,2386,381.83,6701,837.45,Frecuente,9.1,5,4,1,0.052
2024-12-03,Smartwatch,Electronics,South,5,465,71.23,7445,626.06,Nuevo,9.3,2,4,1,0.09
2023-04-19,Smartphone,Electronics,West,2,604,102.52,5572,837.95,Ocasional,7.6,14,2,1,0.046
2022-10-02,Smartwatch,Electronics,East,2,2216,650.27,7938,659.86,Premium,6.3,1,4,0,0.087
2023-06-06,Mouse,Accessories,East,4,1168,220.22,9522,1243.54,Ocasional,7.9,14,2,0,0.007
2022-01-26,Monitor,Accessories,South,7,4088,230.43,5914,1365.4,Frecuente,7.7,1,1,0,0.053
2022-02-24,Keyboard,Accessories,West,7,2597,152.09,4721,1399.52,Ocasional,6.8,8,1,1,0.112
2023-08-22,Smartwatch,Electronics,West,3,2151,322.03,1493,855.16,Ocasional,9.6,2,3,1,0.016
2024-09-08,Laptop,Electronics,East,6,462,71.22,7897,674.38,Nuevo,9.9,7,3,0,0.107
2022-10-23,Mouse,Accessories,North,7,5957,1077.86,9087,1063.76,Nuevo,6.2,12,4,0,0.114
2023-12-13,Smartphone,Electronics,West,6,6978,2028.63,7145,1260.72,Frecuente,9.2,9,4,0,0.085
2024-10-20,Headphones,Accessories,South,1,282,72.5,8722,853.21,Ocasional,8.6,8,4,0,0.133
2023-12-05,Camera,Electronics,East,1,157,27.65,8681,1055.97,Frecuente,7.0,2,4,1,0.143
2023-07-14,Monitor,Accessories,North,8,3304,404.33,8081,1129.6,Ocasional,8.5,14,3,1,0.005
2022-02-13,Headphones,Accessories,North,3,3051,201.26,5277,1021.06,Ocasional,6.5,6,1,0,0.102
2024-06-16,Mouse,Accessories,East,9,8082,1783.55,1448,1124.28,Premium,6.3,8,2,1,0.036
2024-10-14,Laptop,Electronics,West,3,510,110.38,530,328.8,Premium,10.0,13,4,0,0.061
2024-04-20,Tablet,Electronics,East,8,3976,1170.36,2441,757.59,Premium,8.5,9,2,0,0.093
2023-12-26,Smartphone,Electronics,East,9,828,59.99,4594,890.64,Premium,7.0,11,4,0,0.107
2023-04-05,Headphones,Accessories,West,7,2457,388.11,7564,23.67,Frecuente,7.8,3,2,0,0.126
2023-08-02,Camera,Electronics,North,4,3924,298.07,4830,1286.82,Nuevo,9.8,7,3,1,0.106
2022-11-30,Headphones,Accessories,West,2,2018,227.75,719,922.84,Ocasional,7.8,8,4,0,0.117
2024-09-08,Monitor,Accessories,West,3,2043,479.9,2498,211.12,Ocasional,9.6,3,3,0,0.09
2024-06-07,Printer,Office,West,5,1035,187.12,9802,1228.21,Ocasional,9.5,6,2,0,0.018
2023-08-12,Smartwatch,Electronics,North,6,2724,675.53,9886,1081.24,Ocasional,7.4,12,3,0,0.003
2023-05-02,Camera,Electronics,East,1,1120,127.32,4082,1142.28,Frecuente,8.8,14,2,0,0.079
2024-10-26,Monitor,Accessories,North,6,3438,631.95,8147,600.22,Nuevo,8.6,12,4,0,0.107
2022-09-27,Smartwatch,Electronics,West,5,3170,379.27,7333,1284.22,Ocasional,9.1,14,3,0,0.016
2023-06-25,Smartwatch,Electronics,East,4,660,83.96,9347,632.76,Ocasional,7.5,14,2,0,0.064
2022-11-05,Tablet,Electronics,East,7,4669,1088.15,8931,864.35,Nuevo,6.2,3,4,1,0.038
2022-08-12,Smartwatch,Electronics,West,5,1045,89.0,6473,20.95,Ocasional,6.7,12,3,0,0.085
2022-02-27,Keyboard,Accessories,North,4,2724,229.47,4248,974.41,Ocasional,8.5,9,1,0,0.059
2023-09-14,Headphones,Accessories,West,8,5312,1583.0,6453,1082.9,Nuevo,9.1,13,3,0,0.03
2024-11-23,Tablet,Electronics,West,4,4252,445.18,3531,859.32,Frecuente,9.0,9,4,0,0.001
2024-10-09,Printer,Office,East,7,8057,1652.27,3806,754.91,Ocasional,8.3,2,4,0,0.048
2023-06-20,Keyboard,Accessories,South,7,2023,274.25,6283,1218.71,Premium,6.3,8,2,0,0.077
2024-03-16,Monitor,Accessories,South,8,9416,2125.54,5928,1028.43,Premium,6.1,11,1,1,0.139
2023-11-27,Monitor,Accessories,East,8,7560,494.34,6019,431.55,Ocasional,9.1,2,4,0,0.034
2023-01-08,Monitor,Accessories,West,2,828,50.07,4154,1439.43,Premium,8.2,8,1,0,0.077
2023-12-07,Mouse,Accessories,West,1,527,27.45,4386,1066.76,Nuevo,9.1,10,4,1,0.085
2022-09-11,Keyboard,Accessories,North,2,1160,206.49,596,1482.15,Premium,6.7,7,3,0,0.097
2022-03-29,Mouse,Accessories,West,5,5430,310.86,6216,1457.47,Ocasional,7.6,12,1,0,0.049
2024-01-15,Tablet,Electronics,South,7,6874,454.53,5969,1379.99,Frecuente,9.7,2,1,0,0.015
2023-07-12,Printer,Office,East,8,8952,1825.37,9386,1137.95,Nuevo,6.7,5,3,0,0.138
2022-06-06,Mouse,Accessories,East,8,416,67.81,5290,921.96,Frecuente,6.2,14,2,0,0.143
2023-11-18,Smartphone,Electronics,South,3,1680,140.27,4942,274.81,Premium,8.6,8,4,1,0.066
2022-08-27,Mouse,Accessories,South,7,4340,383.9,1142,824.16,Premium,8.4,3,3,0,0.087
2022-01-16,Laptop,Electronics,West,9,7650,2130.82,2369,1152.76,Ocasional,9.8,2,1,1,0.004
2024-04-03,Smartwatch,Electronics,West,8,6328,412.76,3711,790.87,Nuevo,9.6,9,2,1,0.007
2022-08-19,Keyboard,Accessories,West,2,1312,344.0,4083,1304.99,Nuevo,9.0,14,3,0,0.012
2022-01-21,Camera,Electronics,East,9,8055,2300.17,3945,182.29,Frecuente,6.1,1,1,0,0.111
2022-03-19,Camera,Electronics,South,2,840,153.61,4244,583.79,Frecuente,7.9,2,1,0,0.034
2023-03-16,Tablet,Electronics,South,9,9423,2794.89,7804,768.83,Premium,9.6,6,1,0,0.028
2023-12-30,Monitor,Accessories,North,8,6520,1113.12,1745,659.84,Ocasional,7.7,3,4,1,0.001
2022-10-20,Laptop,Electronics,North,3,1950,116.12,3656,180.71,Ocasional,9.8,2,4,0,0.003
2023-10-16,Camera,Electronics,South,6,5928,1177.2,2047,247.22,Frecuente,8.6,5,4,1,0.061
2023-07-29,Camera,Electronics,South,7,4809,1418.72,3424,1259.67,Ocasional,6.4,9,3,0,0.081
2023-06-04,Smartphone,Electronics,West,4,356,23.4,7003,736.89,Nuevo,8.0,12,2,0,0.087
2023-04-28,Laptop,Electronics,South,2,570,94.39,944,92.11,Premium,8.8,5,2,0,0.069
2022-05-13,Monitor,Accessories,East,7,7791,907.96,3725,44.41,Frecuente,6.3,10,2,0,0.069
2024-05-10,Smartwatch,Electronics,East,4,4168,494.48,725,720.74,Frecuente,7.4,12,2,0,0.113
2023-08-21,Tablet,Electronics,North,2,684,183.85,9571,263.28,Premium,8.9,1,3,0,0.043
2024-01-05,Smartphone,Electronics,East,7,3857,447.99,7408,1063.59,Frecuente,6.6,12,1,0,0.036
2024-09-07,Camera,Electronics,North,5,3250,699.99,2814,1197.08,Ocasional,7.4,3,3,0,0.128
2023-08-03,Printer,Office,North,6,1194,79.62,2382,357.88,Premium,8.8,10,3,1,0.103
2023-05-07,Laptop,Electronics,West,6,3486,320.91,1439,896.42,Ocasional,9.1,11,2,0,0.072
2022-08-05,Monitor,Accessories,West,7,1554,370.97,4992,248.58,Nuevo,8.1,12,3,0,0.041
2024-07-19,Smartwatch,Electronics,North,3,2601,463.36,7658,469.3,Nuevo,9.8,6,3,1,0.02
2022-11-15,Headphones,Accessories,West,4,3616,745.75,6049,1335.42,Ocasional,9.7,10,4,1,0.006
2023-02-01,Mouse,Accessories,West,5,3350,986.33,8869,825.27,Frecuente,7.9,1,1,1,0.128
2023-12-20,Smartwatch,Electronics,South,5,2545,588.47,3766,1331.12,Premium,6.6,7,4,1,0.089
2024-08-26,Monitor,Accessories,East,1,545,68.28,3142,353.37,Frecuente,9.1,14,3,0,0.007
2023-12-19,Mouse,Accessories,North,7,1470,178.85,5041,508.44,Nuevo,7.0,3,4,0,0.024
2023-11-30,Camera,Electronics,South,3,3126,870.95,2419,717.01,Nuevo,9.4,3,4,0,0.042
2024-12-27,Laptop,Electronics,West,3,1368,302.29,9768,730.52,Frecuente,8.3,10,4,0,0.039
2024-12-21,Headphones,Accessories,East,9,7083,1353.39,2264,1496.52,Frecuente,7.6,8,4,1,0.082
2024-01-28,Printer,Office,East,2,1994,453.74,5049,189.38,Ocasional,8.2,7,1,0,0.06
2022-09-03,Camera,Electronics,North,4,4716,1084.16,5459,1280.91,Frecuente,8.1,4,3,1,0.132
2024-02-29,Monitor,Accessories,South,1,975,125.85,1041,1298.25,Nuevo,9.7,3,1,1,0.108
2023-04-21,Smartphone,Electronics,West,9,9891,1774.03,4949,838.73,Frecuente,6.9,11,2,0,0.137
2024-05-24,Smartwatch,Electronics,South,2,626,159.49,4819,529.18,Frecuente,9.7,6,2,0,0.129
2024-05-19,Monitor,Accessories,East,8,5632,1620.04,2964,788.45,Frecuente,6.1,11,2,1,0.138
2024-09-10,Printer,Office,West,3,2568,734.6,1715,452.85,Premium,9.1,7,3,1,0.147
2023-09-12,Tablet,Electronics,East,7,5285,629.07,929,1202.68,Frecuente,9.7,6,3,1,0.047
2023-11-08,Camera,Electronics,East,2,516,122.77,581,757.45,Nuevo,7.6,4,4,1,0.031
2022-05-31,Monitor,Accessories,East,3,2139,503.08,5074,1390.25,Premium,6.3,10,2,0,0.025
2023-01-05,Laptop,Electronics,East,9,8136,1923.89,1353,941.58,Ocasional,9.2,4,1,0,0.094
2024-10-25,Laptop,Electronics,West,5,2130,318.99,9613,781.19,Frecuente,9.4,13,4,0,0.102
2024-04-01,Headphones,Accessories,South,5,3445,202.15,2825,1072.38,Frecuente,7.3,6,2,0,0.013
2024-12-16,Tablet,Electronics,East,8,5376,429.84,6698,765.82,Premium,8.1,12,4,0,0.123
2023-08-05,Printer,Office,West,6,3006,730.14,6898,1358.67,Frecuente,9.2,7,3,0,0.117
2022-12-31,Headphones,Accessories,North,7,3941,1113.85,5207,292.98,Premium,6.8,6,4,1,0.094
2023-03-10,Monitor,Accessories,North,5,3350,389.95,8894,1460.56,Frecuente,8.5,7,1,0,0.065
2024-05-05,Printer,Office,South,3,2019,265.44,1551,1222.04,Ocasional,7.7,7,2,1,0.023
2022-06-09,Headphones,Accessories,North,8,2416,403.38,2723,1293.89,Ocasional,6.7,7,2,0,0.076
2022-05-13,Monitor,Accessories,West,8,6160,684.71,2898,734.7,Nuevo,9.3,13,2,0,0.024
2022-04-07,Printer,Office,East,4,2796,682.65,1786,1259.06,Frecuente,7.3,10,2,0,0.091
2024-12-19,Smartwatch,Electronics,South,7,7700,1573.41,3300,474.03,Ocasional,9.7,1,4,1,0.046
2024-06-17,Smartwatch,Electronics,West,5,2095,193.93,3470,1147.68,Ocasional,8.3,1,2,1,0.037
2024-09-25,Camera,Electronics,North,5,5990,1548.62,7765,227.87,Frecuente,8.1,1,3,0,0.066
2024-12-27,Smartwatch,Electronics,North,2,1206,307.02,3365,474.44,Frecuente,7.7,10,4,0,0.087
2024-03-15,Smartwatch,Electronics,South,5,1330,285.78,8828,679.68,Ocasional,7.6,3,1,0,0.055
2022-07-25,Camera,Electronics,West,6,2706,766.68,7840,497.03,Ocasional,9.3,6,3,0,0.145
2023-01-14,Laptop,Electronics,East,3,426,50.8,9065,592.79,Frecuente,8.7,12,1,0,0.001
2024-11-13,Tablet,Electronics,West,1,414,50.26,1499,1233.76,Frecuente,9.1,2,4,0,0.137
2024-06-29,Laptop,Electronics,East,5,5465,546.33,9853,399.88,Nuevo,7.7,3,2,1,0.0
2024-05-22,Tablet,Electronics,South,3,726,71.06,6332,1123.02,Premium,7.0,2,2,1,0.033
2022-04-30,Smartwatch,Electronics,East,1,1001,225.75,9832,129.09,Nuevo,6.3,4,2,0,0.149
2022-02-16,Mouse,Accessories,West,9,7362,1866.65,3871,1153.29,Ocasional,9.1,2,1,1,0.109
2022-05-14,Keyboard,Accessories,East,4,2284,576.59,9553,1192.19,Ocasional,7.7,9,2,0,0.097
2022-12-17,Tablet,Electronics,East,4,2940,566.36,6091,614.51,Ocasional,8.0,11,4,1,0.109
2023-05-16,Printer,Office,South,4,3068,868.89,1182,1089.27,Frecuente,7.9,3,2,0,0.061
2024-08-07,Smartphone,Electronics,North,3,3477,862.21,4396,1374.4,Ocasional,7.7,8,3,0,0.118
2024-08-04,Smartwatch,Electronics,West,9,4014,204.48,1809,1205.06,Ocasional,8.7,5,3,1,0.023
2024-08-07,Monitor,Accessories,North,8,7200,804.53,9442,597.86,Ocasional,8.4,2,3,0,0.119
2024-04-03,Smartwatch,Electronics,West,3,735,134.53,3392,736.64,Frecuente,9.9,7,2,1,0.141
2023-01-31,Monitor,Accessories,East,3,2964,446.54,2612,1173.45,Frecuente,6.6,10,1,1,0.129
2022-03-25,Camera,Electronics,West,9,3699,276.07,5752,453.04,Frecuente,8.3,4,1,0,0.111
2022-05-14,Printer,Office,West,3,1563,221.62,4539,1209.75,Frecuente,6.3,12,2,0,0.098
2023-07-13,Mouse,Accessories,South,2,124,32.27,1421,505.55,Ocasional,9.2,14,3,0,0.078
2023-07-03,Mouse,Accessories,North,2,416,71.68,8256,1212.87,Ocasional,8.5,1,3,0,0.059
2023-03-07,Camera,Electronics,South,8,2624,294.24,8535,148.46,Ocasional,7.7,3,1,0,0.13
2024-11-04,Headphones,Accessories,East,4,1636,134.85,7558,85.71,Ocasional,9.2,5,4,1,0.097
2023-12-24,Headphones,Accessories,East,8,8200,1978.93,6359,1496.56,Frecuente,7.8,12,4,0,0.065
2022-03-10,Mouse,Accessories,East,5,5615,715.58,4324,1306.8,Frecuente,6.9,2,1,0,0.118
2022-09-30,Printer,Office,East,5,3085,413.52,5652,1326.61,Frecuente,7.9,7,3,0,0.008
2024-12-07,Keyboard,Accessories,South,6,3198,913.76,5449,1427.89,Frecuente,6.3,8,4,1,0.122
2022-02-13,Camera,Electronics,West,4,1848,374.66,2070,668.71,Premium,9.6,2,1,1,0.122
2023-04-11,Smartwatch,Electronics,North,4,652,116.06,1277,444.52,Frecuente,8.9,1,2,0,0.034
2022-11-22,Mouse,Accessories,South,6,2940,609.99,2905,212.44,Frecuente,9.0,2,4,0,0.006
2022-05-29,Headphones,Accessories,East,4,3912,454.89,4816,761.79,Ocasional,9.5,1,2,1,0.107
2022-10-09,Tablet,Electronics,South,8,9392,891.07,2022,345.67,Premium,9.2,8,4,0,0.03
2022-10-21,Monitor,Accessories,West,1,312,43.01,1513,1404.62,Frecuente,7.7,14,4,1,0.149
2023-11-24,Laptop,Electronics,East,9,7731,1459.74,8593,25.92,Premium,6.5,5,4,1,0.001
2023-06-23,Tablet,Electronics,West,1,1081,229.32,4062,231.93,Ocasional,7.5,4,2,1,0.034
2023-08-16,Smartphone,Electronics,West,6,1926,393.01,6050,384.78,Ocasional,9.7,4,3,0,0.006
2022-07-26,Monitor,Accessories,East,3,936,88.51,5478,314.46,Frecuente,9.8,14,3,1,0.117
2024-12-29,Laptop,Electronics,South,9,8550,1970.98,7483,354.15,Premium,9.1,14,4,1,0.087
2023-08-24,Monitor,Accessories,North,4,2468,457.51,7528,990.95,Nuevo,6.8,10,3,0,0.127
2023-09-04,Tablet,Electronics,West,3,801,90.34,3312,504.72,Ocasional,6.8,7,3,1,0.144
2023-01-03,Laptop,Electronics,East,9,2655,701.11,8555,930.24,Ocasional,9.5,3,1,0,0.092
2023-11-30,Smartwatch,Electronics,West,8,3928,700.38,4026,1337.58,Ocasional,6.6,14,4,1,0.035
2024-07-11,Monitor,Accessories,East,8,6488,1438.34,8434,911.78,Ocasional,8.3,1,3,0,0.014
2024-02-03,Headphones,Accessories,West,9,7695,1749.26,4346,1047.91,Nuevo,7.5,3,1,0,0.13
2023-07-19,Headphones,Accessories,West,2,1856,468.19,1554,560.94,Frecuente,7.2,10,3,0,0.037
2022-04-14,Smartwatch,Electronics,North,7,1519,403.63,7720,256.41,Ocasional,8.7,3,2,0,0.134
2024-01-19,Tablet,Electronics,West,3,3549,996.05,786,494.46,Frecuente,9.8,2,1,0,0.132
2024-09-12,Laptop,Electronics,East,3,1656,378.84,7837,1447.14,Ocasional,9.1,9,3,1,0.094
2024-08-24,Keyboard,Accessories,North,7,812,175.55,910,940.28,Frecuente,7.9,1,3,0,0.091
2022-12-25,Mouse,Accessories,North,5,3730,864.41,2464,430.72,Premium,7.8,4,4,1,0.143
2023-12-24,Monitor,Accessories,South,1,1161,210.87,6231,687.35,Nuevo,9.6,9,4,0,0.113
2022-05-18,Headphones,Accessories,North,3,2256,282.52,9444,1256.56,Nuevo,8.3,3,2,0,0.102
2024-09-28,Monitor,Accessories,East,1,359,78.17,4380,1009.3,Frecuente,8.0,11,3,1,0.065
2024-03-23,Headphones,Accessories,East,2,130,11.1,1646,849.77,Nuevo,8.7,2,1,0,0.073
2022-09-26,Mouse,Accessories,South,8,4248,831.54,2712,1330.04,Frecuente,6.9,9,3,1,0.058
2024-10-04,Camera,Electronics,South,5,1825,221.47,9013,1015.21,Frecuente,6.3,2,4,1,0.142
2024-09-25,Keyboard,Accessories,East,2,876,224.01,7403,971.24,Nuevo,9.4,11,3,0,0.096
2023-01-03,Camera,Electronics,North,9,9180,2752.84,1453,300.86,Frecuente,8.4,11,1,1,0.117
2024-03-26,Monitor,Accessories,West,5,1765,160.89,4156,177.46,Frecuente,6.7,12,1,0,0.006
2022-10-06,Monitor,Accessories,South,2,1504,164.51,3013,1448.41,Ocasional,7.2,4,4,0,0.128
2022-06-30,Keyboard,Accessories,South,9,1881,430.78,2189,906.31,Premium,10.0,4,2,0,0.063
2022-01-16,Keyboard,Accessories,East,9,7425,1533.72,8541,635.21,Frecuente,8.5,14,1,1,0.111
2022-10-16,Tablet,Electronics,East,9,720,192.83,6368,891.75,Frecuente,8.5,11,4,0,0.006
2024-05-07,Smartphone,Electronics,West,5,2985,698.22,2205,111.48,Ocasional,6.3,3,2,0,0.134
2022-01-04,Laptop,Electronics,North,9,711,200.11,6681,1236.75,Premium,9.9,1,1,1,0.099
2024-08-13,Printer,Office,South,6,6276,1396.25,4428,340.64,Frecuente,9.6,5,3,0,0.069
2023-01-13,Mouse,Accessories,East,7,7966,955.8,1084,1210.73,Ocasional,8.2,10,1,1,0.046
2023-03-14,Headphones,Accessories,East,8,4200,854.89,4773,810.88,Frecuente,7.2,6,1,0,0.047
2024-05-17,Laptop,Electronics,East,7,455,80.0,2259,429.33,Frecuente,8.8,12,2,0,0.046
2024-10-15,Keyboard,Accessories,South,8,5040,465.36,2829,64.71,Ocasional,9.3,8,4,0,0.02
2023-09-11,Mouse,Accessories,East,1,856,87.69,8850,1227.43,Ocasional,9.1,14,3,0,0.07
2023-07-20,Monitor,Accessories,West,5,5230,385.77,7247,281.16,Premium,9.9,13,3,0,0.068
2022-03-19,Laptop,Electronics,South,5,4635,769.03,1773,96.67,Nuevo,8.5,7,1,1,0.062
2024-12-07,Laptop,Electronics,East,6,5508,360.28,8587,1138.7,Ocasional,7.3,12,4,1,0.105
2023-06-06,Smartphone,Electronics,North,1,258,27.01,5955,538.06,Frecuente,8.0,7,2,0,0.063
2023-07-13,Smartphone,Electronics,East,1,677,88.41,8808,596.21,Ocasional,9.3,1,3,0,0.013
2023-07-10,Monitor,Accessories,West,5,4545,755.05,7597,385.66,Ocasional,7.1,5,3,0,0.128
2024-09-09,Smartphone,Electronics,South,5,4370,1255.36,3723,1291.58,Ocasional,6.9,6,3,0,0.064
2023-01-06,Keyboard,Accessories,East,3,372,57.51,5581,460.05,Ocasional,8.9,14,1,0,0.098
2024-09-05,Camera,Electronics,West,9,3177,629.96,5543,331.09,Ocasional,7.8,12,3,0,0.139
2023-04-19,Printer,Office,South,7,1659,127.48,7339,477.69,Nuevo,9.3,3,2,1,0.115
2023-04-20,Tablet,Electronics,South,3,3360,759.31,2859,320.66,Ocasional,6.6,1,2,1,0.081
2023-03-02,Smartphone,Electronics,West,2,1132,290.56,3664,490.13,Ocasional,7.3,8,1,1,0.082
2024-10-05,Smartwatch,Electronics,East,5,1815,468.62,2825,142.75,Ocasional,7.1,8,4,0,0.127
2023-11-11,Mouse,Accessories,North,1,459,125.19,3313,254.62,Nuevo,8.8,11,4,0,0.124
2023-11-15,Smartphone,Electronics,West,1,1128,73.74,2031,637.24,Nuevo,9.0,4,4,0,0.027
2024-10-30,Monitor,Accessories,East,6,1170,104.63,847,1321.61,Frecuente,7.8,12,4,0,0.094
2022-08-01,Smartwatch,Electronics,North,5,4420,380.69,9430,104.79,Frecuente,7.9,6,3,0,0.13
2024-02-29,Smartphone,Electronics,West,6,456,69.15,1205,334.76,Ocasional,6.5,5,1,1,0.12
2024-02-25,Tablet,Electronics,North,2,1458,154.79,8935,1364.35,Frecuente,8.8,6,1,0,0.019
2024-06-24,Monitor,Accessories,West,7,2989,197.58,529,1337.22,Ocasional,10.0,14,2,0,0.065
2024-12-20,Camera,Electronics,North,4,3424,845.68,7884,1025.59,Ocasional,9.1,6,4,0,0.078
2024-10-14,Mouse,Accessories,West,2,1226,124.25,3619,375.9,Nuevo,6.9,8,4,1,0.039
2024-11-16,Laptop,Electronics,North,8,6760,1097.63,5417,641.32,Frecuente,8.5,13,4,0,0.102
2023-09-25,Smartphone,Electronics,West,1,111,13.61,3181,332.61,Ocasional,7.2,1,3,1,0.071
2023-06-09,Printer,Office,North,5,3275,222.29,5160,210.31,Frecuente,6.1,8,2,0,0.045
2024-09-08,Headphones,Accessories,North,3,2508,498.69,4789,582.4,Ocasional,6.7,10,3,0,0.051
2024-09-01,Keyboard,Accessories,South,8,904,202.35,5532,872.22,Premium,6.4,13,3,1,0.129
2024-09-05,Printer,Office,West,3,1506,427.84,4236,552.7,Ocasional,6.8,1,3,0,0.13
2022-10-23,Smartphone,Electronics,South,3,987,97.01,5597,924.02,Ocasional,9.2,11,4,1,0.122
2022-01-29,Smartphone,Electronics,East,7,2968,728.94,8341,458.46,Ocasional,7.2,12,1,0,0.137
2022-03-17,Mouse,Accessories,South,5,4200,746.86,4628,531.86,Ocasional,9.0,5,1,0,0.143
2024-01-16,Smartwatch,Electronics,North,5,1645,313.66,3933,1190.2,Frecuente,9.8,11,1,0,0.074
2024-11-25,Printer,Office,East,3,3282,492.59,1751,1319.91,Premium,8.3,7,4,1,0.015
2022-02-13,Headphones,Accessories,East,9,4914,1160.45,3917,496.61,Premium,7.9,10,1,1,0.12
2023-03-30,Laptop,Electronics,North,6,3924,762.96,1693,865.84,Nuevo,9.0,6,1,0,0.095
2023-09-12,Headphones,Accessories,South,6,420,65.62,2233,431.68,Nuevo,6.4,3,3,0,0.057
2024-06-28,Printer,Office,West,4,1544,106.02,9546,98.94,Frecuente,7.7,12,2,0,0.146
2022-08-29,Headphones,Accessories,East,2,2046,233.47,1349,1112.03,Frecuente,8.0,4,3,0,0.051
2023-11-22,Headphones,Accessories,West,2,1548,157.48,5079,273.09,Frecuente,9.3,3,4,0,0.136
2023-05-10,Keyboard,Accessories,North,4,3184,478.27,8425,650.05,Ocasional,9.3,13,2,0,0.089
2024-10-17,Printer,Office,South,5,3385,774.86,9555,740.83,Frecuente,9.4,14,4,1,0.005
2023-10-11,Monitor,Accessories,North,1,59,10.32,1893,293.02,Premium,8.8,9,4,0,0.129
2024-05-18,Monitor,Accessories,South,8,5976,1016.99,2053,159.94,Frecuente,8.1,9,2,0,0.114
2023-01-30,Mouse,Accessories,West,3,1791,122.5,4039,535.06,Frecuente,9.3,6,1,1,0.096
2023-01-13,Smartwatch,Electronics,West,2,1644,189.32,5766,1429.38,Frecuente,9.5,9,1,0,0.092
2024-05-17,Tablet,Electronics,West,8,6584,544.62,9618,930.4,Frecuente,7.9,9,2,1,0.033
2022-08-03,Headphones,Accessories,East,5,1620,325.87,2473,584.49,Ocasional,9.9,8,3,0,0.032
2024-02-06,Mouse,Accessories,West,9,2736,407.22,2061,77.59,Ocasional,9.5,10,1,0,0.004
2024-04-11,Monitor,Accessories,South,4,1064,274.47,2905,908.4,Frecuente,8.0,8,2,0,0.023
2024-06-18,Camera,Electronics,South,7,2667,363.5,8806,156.54,Ocasional,6.3,13,2,0,0.05
2023-04-03,Headphones,Accessories,South,3,735,217.79,785,822.97,Frecuente,6.9,10,2,1,0.081
2024-12-18,Laptop,Electronics,East,1,58,11.25,4111,1132.89,Ocasional,9.1,6,4,0,0.02
2023-04-25,Camera,Electronics,South,7,3136,850.3,1630,646.91,Nuevo,6.4,10,2,0,0.084
2023-09-17,Mouse,Accessories,East,4,3936,374.34,1992,463.13,Premium,7.9,4,3,0,0.039
2022-11-23,Smartphone,Electronics,East,9,6102,947.91,9210,90.13,Nuevo,8.4,3,4,0,0.038
2024-05-17,Smartphone,Electronics,North,8,9408,552.44,515,56.67,Ocasional,9.5,12,2,0,0.142
2022-12-14,Mouse,Accessories,South,9,7875,1243.56,3554,656.44,Ocasional,9.4,9,4,1,0.149
2024-10-13,Keyboard,Accessories,North,9,9900,576.8,9196,1327.35,Frecuente,9.1,1,4,0,0.122
2024-10-16,Keyboard,Accessories,North,2,430,114.91,6277,381.21,Frecuente,7.6,5,4,0,0.008
2023-09-18,Mouse,Accessories,South,3,813,238.1,1181,869.6,Premium,6.6,14,3,0,0.109
2023-12-09,Camera,Electronics,South,4,4176,980.11,4917,1032.77,Nuevo,8.7,9,4,0,0.027
2023-10-02,Camera,Electronics,South,4,3084,348.38,9723,110.03,Ocasional,6.7,13,4,0,0.085
2022-03-31,Mouse,Accessories,West,7,8008,1593.65,4304,246.59,Frecuente,8.2,8,1,1,0.134
2024-06-12,Smartwatch,Electronics,South,4,4608,963.5,5521,510.29,Ocasional,9.9,1,2,1,0.057
2024-06-16,Headphones,Accessories,West,4,4356,614.62,5552,1011.74,Premium,8.2,3,2,0,0.139
2023-09-04,Printer,Office,South,1,566,169.17,6774,669.77,Frecuente,8.6,2,3,0,0.106
2022-12-02,Laptop,Electronics,East,7,945,75.21,2278,1106.61,Ocasional,8.7,11,4,0,0.045
2022-11-12,Smartwatch,Electronics,North,4,2200,484.33,8477,1304.04,Ocasional,9.3,11,4,1,0.014
2024-12-30,Mouse,Accessories,North,1,746,131.25,9891,1142.39,Ocasional,7.7,7,4,0,0.122
2024-12-06,Monitor,Accessories,East,5,3505,678.18,1854,1488.53,Ocasional,8.0,11,4,0,0.069
2024-05-26,Monitor,Accessories,East,5,4795,819.12,8273,1136.45,Ocasional,6.7,8,2,1,0.011
2024-10-20,Monitor,Accessories,North,5,4590,650.05,8260,1281.23,Ocasional,8.5,11,4,0,0.015
2023-05-04,Monitor,Accessories,North,4,2092,467.02,7545,1251.9,Premium,7.2,10,2,1,0.145
2024-05-09,Mouse,Accessories,South,8,3568,334.13,4023,1100.79,Ocasional,8.0,7,2,0,0.036
2023-12-07,Smartphone,Electronics,West,9,10404,2028.21,4953,1206.67,Ocasional,9.1,10,4,0,0.145
2022-12-10,Printer,Office,South,9,7029,1005.58,8472,1403.33,Frecuente,6.1,5,4,0,0.102
2022-11-21,Laptop,Electronics,West,8,664,126.6,1952,723.31,Frecuente,8.3,11,4,0,0.045
2024-11-20,Tablet,Electronics,West,3,1923,274.0,8373,964.66,Frecuente,6.7,13,4,0,0.058
2022-11-30,Printer,Office,West,7,2471,566.51,9246,782.11,Frecuente,7.1,3,4,0,0.117
2024-01-03,Smartphone,Electronics,North,2,258,64.12,6977,1279.53,Ocasional,6.1,10,1,1,0.065
2024-10-29,Smartwatch,Electronics,East,9,1134,267.26,3743,658.41,Premium,6.7,2,4,0,0.011
2024-09-24,Headphones,Accessories,East,5,855,238.83,5811,1233.2,Ocasional,9.9,6,3,0,0.034
2024-04-09,Smartwatch,Electronics,West,9,3231,670.85,976,1203.04,Premium,10.0,10,2,0,0.129
2024-09-05,Tablet,Electronics,South,7,3591,266.59,9352,1443.59,Premium,8.9,4,3,0,0.104
2024-02-03,Camera,Electronics,East,2,254,20.48,3752,388.4,Frecuente,8.4,4,1,1,0.075
2023-03-17,Smartphone,Electronics,South,5,5930,1193.32,1042,1070.24,Frecuente,9.1,6,1,0,0.037
2024-07-15,Headphones,Accessories,West,2,1344,297.99,8047,1140.24,Nuevo,9.6,2,3,1,0.071
2023-03-20,Laptop,Electronics,East,1,920,98.31,6746,1405.69,Frecuente,8.1,9,1,0,0.118
2022-08-28,Printer,Office,North,9,5454,385.51,6415,1362.22,Frecuente,6.1,2,3,0,0.012
2022-12-01,Laptop,Electronics,West,8,9512,663.23,1013,868.82,Frecuente,8.8,5,4,1,0.149
2023-01-21,Mouse,Accessories,North,4,2972,827.46,7632,877.15,Frecuente,9.9,5,1,0,0.129
2024-05-23,Smartwatch,Electronics,West,3,3360,465.02,6554,267.59,Ocasional,7.0,14,2,0,0.048
2022-10-24,Tablet,Electronics,West,4,1004,240.13,8039,1462.94,Ocasional,7.9,14,4,0,0.131
2024-12-25,Headphones,Accessories,West,2,1944,332.55,8359,397.43,Frecuente,7.4,2,4,1,0.102
2023-09-18,Monitor,Accessories,East,5,5055,1200.09,2513,1092.61,Ocasional,7.6,3,3,0,0.1
2022-07-18,Smartwatch,Electronics,West,2,128,8.33,2501,1197.78,Frecuente,8.9,11,3,0,0.021
2024-03-09,Smartphone,Electronics,East,3,633,163.03,9275,673.0,Ocasional,7.5,5,1,0,0.136
2022-12-14,Printer,Office,South,3,2523,506.7,5544,332.57,Ocasional,9.8,10,4,0,0.068
2023-11-06,Printer,Office,West,1,196,39.6,4660,299.66,Frecuente,9.2,13,4,1,0.12
2022-02-11,Printer,Office,East,9,4212,552.96,3228,1287.61,Ocasional,6.1,3,1,0,0.045
2024-03-28,Monitor,Accessories,North,1,63,17.29,6570,775.92,Ocasional,9.3,14,1,0,0.046
2023-07-02,Mouse,Accessories,South,8,2752,394.66,7662,153.4,Frecuente,9.1,1,3,0,0.145
2024-11-11,Mouse,Accessories,West,3,1989,419.61,521,1081.19,Nuevo,8.1,4,4,0,0.074
2024-03-09,Laptop,Electronics,East,8,8032,466.19,5750,390.25,Nuevo,8.0,8,1,1,0.009
2022-01-21,Tablet,Electronics,South,6,3702,407.34,9937,1317.06,Frecuente,9.3,13,1,0,0.125
2022-10-17,Smartwatch,Electronics,East,8,456,90.24,3166,478.17,Ocasional,7.7,8,4,1,0.034
2023-02-10,Camera,Electronics,West,7,5355,1143.16,3168,316.4,Ocasional,6.6,2,1,0,0.132
2024-03-04,Camera,Electronics,West,1,972,261.91,8842,145.59,Ocasional,7.3,4,1,0,0.137
2022-01-08,Headphones,Accessories,South,5,3290,797.82,1089,777.07,Ocasional,7.1,11,1,0,0.011
2022-11-24,Laptop,Electronics,East,1,735,139.31,4276,687.09,Nuevo,8.7,8,4,0,0.087
2024-10-24,Tablet,Electronics,North,3,3336,798.26,4853,1131.94,Ocasional,6.7,1,4,0,0.147
2022-10-03,Keyboard,Accessories,West,3,2082,346.53,8079,707.61,Ocasional,8.6,8,4,0,0.14
2024-07-18,Keyboard,Accessories,East,2,1340,129.89,1725,528.85,Premium,7.9,6,3,1,0.079
2022-03-13,Laptop,Electronics,East,5,1160,227.13,4623,407.25,Frecuente,9.4,1,1,1,0.102
2024-09-21,Monitor,Accessories,East,4,1272,299.84,1947,431.66,Nuevo,7.9,4,3,0,0.091
2022-01-14,Printer,Office,West,3,2817,588.47,7982,1393.21,Ocasional,9.7,14,1,0,0.03
2024-03-05,Monitor,Accessories,East,3,1464,264.67,6506,264.32,Premium,9.6,10,1,1,0.098
2023-02-13,Headphones,Accessories,West,1,307,60.51,5219,1482.5,Nuevo,6.7,1,1,0,0.05
2022-10-01,Tablet,Electronics,West,6,5706,1306.92,4232,503.84,Ocasional,8.7,1,4,0,0.051
2024-05-25,Headphones,Accessories,North,1,1112,100.47,1955,150.82,Ocasional,6.9,5,2,1,0.063
2023-07-15,Keyboard,Accessories,West,1,1147,133.48,9257,388.06,Premium,9.3,7,3,0,0.128
2023-02-11,Laptop,Electronics,North,2,330,66.57,6652,106.45,Ocasional,8.5,7,1,0,0.036
2023-07-12,Monitor,Accessories,North,4,2176,250.89,3531,1189.24,Premium,7.2,10,3,0,0.038
2022-03-19,Headphones,Accessories,South,7,7616,1317.79,4432,778.58,Frecuente,7.0,3,1,0,0.001
2024-07-16,Printer,Office,North,1,1091,258.3,7398,518.74,Ocasional,7.7,1,3,0,0.023
2024-04-03,Tablet,Electronics,East,2,1026,279.76,7335,999.83,Nuevo,9.2,10,2,1,0.147
2024-11-17,Tablet,Electronics,West,2,210,42.04,4880,953.36,Frecuente,9.2,13,4,1,0.065
2022-09-17,Printer,Office,North,2,180,10.78,3377,1411.01,Nuevo,6.1,3,3,0,0.029
2024-09-12,Tablet,Electronics,North,4,380,72.88,6769,1442.67,Nuevo,7.2,6,3,1,0.145
2023-08-13,Monitor,Accessories,West,8,7664,1580.55,6753,1027.41,Premium,7.7,9,3,1,0.004
2022-10-22,Smartphone,Electronics,East,8,6056,1029.9,6197,1230.37,Frecuente,8.3,3,4,0,0.073
2022-01-28,Mouse,Accessories,North,6,606,104.52,1192,1192.79,Ocasional,6.6,13,1,1,0.121
2024-03-30,Monitor,Accessories,North,3,750,193.86,4991,747.13,Ocasional,7.3,4,1,1,0.116
2024-12-11,Printer,Office,East,2,1218,218.88,6332,1062.6,Frecuente,9.5,8,4,1,0.028
2023-03-26,Laptop,Electronics,West,2,2162,355.45,9525,135.82,Ocasional,7.9,5,1,1,0.106
2023-03-13,Headphones,Accessories,East,9,2223,347.01,5492,1141.87,Ocasional,9.0,10,1,0,0.093
2023-09-19,Smartphone,Electronics,West,7,4452,920.05,3755,1443.51,Ocasional,7.9,3,3,0,0.101
2022-02-08,Printer,Office,West,1,184,50.19,5780,145.76,Ocasional,7.9,2,1,1,0.04
2022-04-05,Headphones,Accessories,North,3,288,77.38,2183,1257.45,Premium,8.5,8,2,1,0.122
2024-01-24,Camera,Electronics,West,2,834,150.12,1361,1400.81,Frecuente,7.0,13,1,0,0.084
2023-08-20,Keyboard,Accessories,East,5,4025,923.17,6941,354.76,Premium,7.0,9,3,0,0.109
2023-09-08,Headphones,Accessories,West,7,4732,1084.28,9868,796.72,Nuevo,10.0,11,3,0,0.141
2022-05-19,Headphones,Accessories,West,5,4025,407.72,8537,1393.23,Nuevo,9.5,7,2,1,0.128
2023-07-15,Printer,Office,South,8,2416,500.93,6044,1441.13,Ocasional,9.0,2,3,0,0.117
2024-03-16,Tablet,Electronics,North,7,1897,524.69,882,209.27,Premium,6.5,6,1,0,0.043
2022-04-16,Mouse,Accessories,East,4,840,190.13,9885,536.53,Ocasional,6.1,14,2,0,0.008
2022-01-02,Mouse,Accessories,North,8,6600,360.45,4771,1053.25,Frecuente,6.7,11,1,0,0.086
2022-10-20,Laptop,Electronics,West,2,2362,342.27,3251,347.91,Frecuente,9.8,10,4,1,0.005
2024-02-04,Headphones,Accessories,South,6,2958,577.27,8978,500.66,Frecuente,9.3,5,1,0,0.107
2024-03-22,Tablet,Electronics,East,1,477,56.49,7590,54.47,Ocasional,8.1,9,1,0,0.111
2022-06-04,Keyboard,Accessories,North,3,942,84.8,7621,247.21,Premium,9.9,9,2,0,0.084
2023-01-21,Camera,Electronics,East,2,2084,586.72,3138,852.25,Ocasional,6.6,10,1,1,0.025
2023-08-16,Tablet,Electronics,West,6,4584,473.37,9922,986.57,Nuevo,8.2,13,3,0,0.131
2022-05-28,Printer,Office,East,1,1118,319.28,4802,980.39,Ocasional,6.7,10,2,0,0.089
2024-04-30,Mouse,Accessories,North,9,4005,652.15,5548,1171.97,Premium,7.2,4,2,0,0.077
2024-03-04,Smartwatch,Electronics,East,5,4610,1293.37,7634,634.62,Nuevo,9.8,4,1,1,0.085
2024-10-14,Keyboard,Accessories,South,1,551,86.84,6769,424.77,Ocasional,9.5,9,4,1,0.012
2022-08-05,Printer,Office,West,1,75,19.29,2136,43.06,Frecuente,6.4,13,3,1,0.111
2023-12-19,Mouse,Accessories,South,6,6576,1899.67,3373,325.81,Ocasional,7.0,14,4,0,0.009
2023-03-26,Printer,Office,North,6,6432,1410.52,3931,482.33,Nuevo,8.4,9,1,1,0.087
2022-08-08,Headphones,Accessories,South,7,7763,1444.27,9501,283.75,Frecuente,6.2,8,3,1,0.025
2024-03-02,Monitor,Accessories,East,7,2240,622.29,7287,49.81,Ocasional,8.2,12,1,0,0.031
2022-12-04,Headphones,Accessories,East,6,5298,1209.88,3980,253.02,Frecuente,8.3,14,4,1,0.035
2023-07-15,Smartwatch,Electronics,North,2,116,32.27,7479,1005.83,Premium,7.2,1,3,1,0.002
2022-02-02,Tablet,Electronics,East,8,6728,1140.19,7515,951.79,Ocasional,7.2,5,1,1,0.134
2022-12-02,Monitor,Accessories,North,5,490,55.59,4245,1404.81,Premium,6.9,5,4,1,0.121
2024-01-26,Monitor,Accessories,North,7,2765,699.86,4329,1201.29,Frecuente,9.7,8,1,0,0.005
2022-04-21,Smartphone,Electronics,West,8,2680,598.97,8995,860.28,Frecuente,7.6,5,2,0,0.009
2023-08-19,Camera,Electronics,East,2,2174,335.37,5837,223.58,Frecuente,8.3,5,3,0,0.117
2024-04-11,Monitor,Accessories,North,9,5562,1258.12,1920,854.83,Frecuente,7.2,1,2,0,0.001
2022-09-27,Smartphone,Electronics,East,8,9208,2595.33,7337,111.16,Ocasional,8.8,1,3,0,0.07
2024-08-31,Smartphone,Electronics,West,4,4512,546.71,6100,657.71,Frecuente,6.4,7,3,0,0.016
2024-03-04,Camera,Electronics,West,9,7974,1965.96,5334,597.58,Frecuente,6.3,14,1,1,0.089
2022-04-30,Monitor,Accessories,East,6,4944,1335.04,7388,653.16,Nuevo,9.0,5,2,0,0.15
2022-03-19,Printer,Office,South,3,1611,234.84,9117,434.14,Nuevo,8.9,4,1,1,0.026
2024-07-05,Smartwatch,Electronics,West,9,4599,618.89,3639,1035.03,Frecuente,7.1,4,3,0,0.144
2024-03-21,Laptop,Electronics,East,6,4380,419.3,4483,1264.6,Frecuente,7.4,14,1,0,0.13
2024-10-20,Headphones,Accessories,South,2,2376,580.26,2300,1157.41,Premium,9.8,10,4,0,0.148
2023-01-03,Monitor,Accessories,South,9,6588,1800.9,6647,949.07,Premium,6.4,10,1,0,0.115
2022-01-05,Mouse,Accessories,East,5,3745,720.08,4325,816.75,Frecuente,6.7,3,1,0,0.129
2022-06-18,Camera,Electronics,North,5,5305,1389.25,3752,66.0,Nuevo,7.7,13,2,0,0.089
2023-05-19,Tablet,Electronics,North,8,1608,332.12,7116,1089.94,Ocasional,7.1,3,2,0,0.13
2024-07-18,Monitor,Accessories,East,9,4977,745.81,4377,826.57,Frecuente,8.6,14,3,0,0.017
2022-02-09,Smartphone,Electronics,East,7,4529,273.97,4911,420.7,Nuevo,8.8,14,1,0,0.111
2024-04-15,Camera,Electronics,West,7,4690,319.42,4680,505.21,Frecuente,8.1,8,2,0,0.094
2024-11-12,Keyboard,Accessories,East,4,2424,544.07,2956,1404.7,Frecuente,8.4,13,4,0,0.009
2024-11-27,Keyboard,Accessories,North,6,3594,610.77,1695,944.06,Frecuente,7.7,14,4,0,0.044
2022-05-03,Keyboard,Accessories,North,7,3962,491.9,8358,724.35,Frecuente,9.0,9,2,0,0.032
2024-03-14,Camera,Electronics,East,2,944,149.38,1371,938.96,Nuevo,6.2,11,1,1,0.061
2022-12-20,Smartwatch,Electronics,West,6,6792,1787.97,3586,632.34,Frecuente,7.3,9,4,0,0.03
2023-03-06,Tablet,Electronics,North,7,6804,1383.81,6841,715.87,Ocasional,8.7,8,1,1,0.041
2024-09-20,Camera,Electronics,South,6,816,98.75,1747,449.66,Frecuente,7.3,5,3,1,0.044
2022-07-10,Monitor,Accessories,North,6,5916,544.59,6727,670.98,Nuevo,6.3,10,3,0,0.09
2022-06-17,Mouse,Accessories,South,5,5730,310.58,7464,1034.68,Ocasional,7.4,4,2,0,0.02
2024-05-13,Headphones,Accessories,East,7,8288,785.54,6797,79.11,Frecuente,8.8,3,2,0,0.036
2022-06-24,Headphones,Accessories,South,2,2046,394.93,3397,1196.64,Premium,6.5,4,2,0,0.048
2022-06-05,Tablet,Electronics,East,9,5031,1149.48,687,438.81,Nuevo,8.9,1,2,0,0.067
2022-03-10,Keyboard,Accessories,South,9,1764,417.95,8929,1030.19,Ocasional,9.1,14,1,0,0.006
2022-07-23,Laptop,Electronics,South,8,1880,486.88,3602,971.23,Frecuente,8.5,4,3,1,0.15
2023-12-25,Smartwatch,Electronics,West,2,200,10.45,8147,985.89,Nuevo,7.0,12,4,0,0.045
2022-10-06,Mouse,Accessories,East,3,2688,476.77,2379,920.03,Premium,9.2,7,4,0,0.043
2023-01-02,Laptop,Electronics,West,4,3216,213.81,2042,1439.47,Frecuente,6.9,5,1,1,0.083
2023-12-21,Camera,Electronics,East,8,8440,1504.18,7892,772.35,Ocasional,9.6,4,4,0,0.128
2024-04-26,Tablet,Electronics,East,7,1582,208.42,9427,1103.83,Frecuente,8.8,12,2,0,0.069
2024-07-12,Laptop,Electronics,North,1,58,10.79,8675,1064.07,Frecuente,6.2,8,3,0,0.037
2022-03-26,Smartwatch,Electronics,West,8,608,163.18,7636,369.68,Frecuente,9.2,7,1,0,0.085
2024-11-19,Smartphone,Electronics,North,3,183,41.82,2843,439.29,Premium,8.0,10,4,1,0.072
2024-07-02,Monitor,Accessories,West,5,3105,744.26,9175,647.55,Premium,7.8,12,3,0,0.063
2023-04-13,Monitor,Accessories,North,5,2450,485.18,6844,430.99,Frecuente,7.7,10,2,0,0.148
2022-12-05,Laptop,Electronics,North,3,3024,622.29,2135,562.78,Nuevo,8.4,7,4,0,0.149
2023-04-20,Printer,Office,East,4,3856,747.79,1728,598.62,Ocasional,8.9,13,2,0,0.084
2024-03-11,Keyboard,Accessories,West,7,532,121.03,8776,913.72,Frecuente,9.6,13,1,0,0.01
2023-02-19,Smartphone,Electronics,South,4,3152,307.62,3113,345.44,Frecuente,7.1,14,1,0,0.085
2023-12-04,Monitor,Accessories,East,9,8586,1555.82,7775,1210.35,Ocasional,8.5,2,4,0,0.143
2022-10-21,Monitor,Accessories,South,2,1046,273.38,1817,667.55,Premium,8.7,13,4,0,0.139
2022-02-15,Tablet,Electronics,West,4,3452,560.31,3165,1065.24,Frecuente,8.7,3,1,1,0.032
2022-03-12,Monitor,Accessories,West,4,2368,361.02,3193,140.53,Ocasional,8.0,9,1,1,0.029
2022-10-20,Camera,Electronics,South,2,1924,422.25,3170,715.55,Frecuente,7.6,10,4,1,0.023
2022-09-19,Laptop,Electronics,West,5,4580,1148.06,6909,61.76,Ocasional,9.0,3,3,0,0.123
2024-11-02,Headphones,Accessories,East,5,3735,423.94,9186,1020.35,Nuevo,7.2,1,4,1,0.074
2023-05-13,Monitor,Accessories,North,4,2476,417.16,9148,528.69,Ocasional,6.8,14,2,1,0.051
2023-07-13,Laptop,Electronics,South,2,162,16.51,7544,1424.89,Frecuente,8.2,13,3,0,0.049
2022-07-04,Printer,Office,West,3,258,38.03,2423,499.7,Premium,7.1,3,3,0,0.041
2022-03-19,Keyboard,Accessories,East,4,3524,998.29,9625,854.43,Frecuente,6.1,9,1,0,0.132
2023-05-27,Smartwatch,Electronics,South,8,6184,1796.9,5649,400.93,Ocasional,6.2,3,2,1,0.061
2023-03-07,Monitor,Accessories,West,6,3750,645.69,5686,937.77,Nuevo,8.8,8,1,1,0.037
2022-04-15,Mouse,Accessories,South,5,1465,424.64,7163,711.22,Nuevo,9.9,5,2,1,0.107
2024-03-28,Camera,Electronics,North,4,4480,412.05,7806,568.53,Frecuente,7.8,11,1,0,0.095
2024-02-29,Laptop,Electronics,North,8,1544,281.22,9552,321.46,Ocasional,6.6,9,1,1,0.107
2024-01-21,Headphones,Accessories,North,9,7974,1181.04,6032,185.05,Ocasional,9.3,7,1,0,0.123
2024-03-30,Printer,Office,East,5,5920,1679.15,6295,197.42,Ocasional,7.0,10,1,0,0.015
2024-10-02,Smartwatch,Electronics,South,8,8792,2045.54,7582,1498.58,Ocasional,10.0,7,4,0,0.0
2023-12-18,Smartwatch,Electronics,East,1,294,52.37,2923,630.22,Premium,8.3,1,4,1,0.008
2022-01-23,Camera,Electronics,East,7,1169,264.37,3423,22.86,Premium,6.9,9,1,1,0.106
2024-02-14,Camera,Electronics,West,8,9232,880.52,6442,1430.33,Nuevo,8.0,11,1,0,0.14
2023-10-09,Headphones,Accessories,South,4,1396,135.48,1109,49.57,Frecuente,7.3,7,4,0,0.05
2024-01-23,Camera,Electronics,North,9,10188,1408.18,3544,639.51,Frecuente,9.1,3,1,0,0.117
2022-09-13,Monitor,Accessories,West,2,222,23.65,7320,1081.87,Frecuente,6.4,1,3,0,0.109
2024-04-03,Monitor,Accessories,West,2,1328,358.07,9773,1373.61,Frecuente,9.4,5,2,1,0.147
2024-11-06,Printer,Office,East,9,5085,488.63,5435,1075.07,Nuevo,9.1,11,4,0,0.071
2024-08-02,Mouse,Accessories,West,3,1245,229.73,4296,706.17,Premium,9.4,5,3,0,0.025
2022-08-18,Tablet,Electronics,South,2,960,124.02,4683,1462.17,Premium,9.6,14,3,0,0.115
2024-03-03,Smartphone,Electronics,West,9,5553,329.79,7011,78.19,Ocasional,6.9,5,1,1,0.123
2023-09-10,Keyboard,Accessories,North,2,1790,236.76,5672,1480.6,Ocasional,8.1,6,3,1,0.106
2024-07-11,Keyboard,Accessories,West,8,2712,247.84,720,1277.1,Premium,9.4,11,3,0,0.129
2024-05-06,Laptop,Electronics,North,1,632,89.14,5622,1394.82,Premium,7.5,9,2,0,0.056
2022-01-13,Headphones,Accessories,South,8,4904,520.74,4300,397.06,Frecuente,6.2,1,1,1,0.104
2022-12-05,Keyboard,Accessories,South,1,361,58.8,7157,230.84,Frecuente,7.2,2,4,0,0.04
2022-02-11,Printer,Office,West,9,7290,841.07,8813,1001.71,Premium,7.0,3,1,0,0.067
2024-03-08,Smartwatch,Electronics,South,4,2052,181.64,9643,783.47,Frecuente,9.5,13,1,0,0.036
2024-05-21,Mouse,Accessories,North,3,1842,112.85,6297,794.29,Ocasional,7.9,1,2,1,0.023
2023-12-06,Mouse,Accessories,North,9,10593,2488.69,3944,1388.44,Nuevo,8.7,2,4,1,0.005
2022-08-28,Camera,Electronics,South,6,1218,129.36,4717,937.72,Nuevo,9.8,11,3,0,0.101
2023-11-19,Mouse,Accessories,South,5,4240,426.41,2176,480.37,Frecuente,7.2,9,4,0,0.131
2024-10-29,Keyboard,Accessories,East,2,226,38.52,9391,612.1,Frecuente,9.0,14,4,0,0.047
2022-03-25,Camera,Electronics,East,6,5154,1072.8,8549,217.57,Nuevo,6.1,4,1,0,0.064
2023-07-30,Mouse,Accessories,North,6,1236,304.88,8612,304.62,Ocasional,6.4,10,3,0,0.001
2022-11-14,Tablet,Electronics,South,1,1179,159.42,3617,232.16,Ocasional,6.6,2,4,0,0.062
2024-12-29,Printer,Office,West,5,2275,313.5,3561,1219.23,Frecuente,7.2,9,4,0,0.042
2023-05-21,Smartwatch,Electronics,North,7,6188,1231.3,8637,1063.21,Frecuente,7.6,2,2,0,0.086
2023-12-16,Headphones,Accessories,West,3,2946,666.99,5673,804.91,Ocasional,7.9,13,4,0,0.136
2023-09-10,Headphones,Accessories,South,5,5085,1172.12,7194,574.06,Ocasional,7.0,6,3,0,0.076
2022-05-02,Keyboard,Accessories,North,2,712,205.53,5153,1009.37,Premium,6.3,4,2,1,0.101
2023-02-03,Smartwatch,Electronics,East,6,648,62.25,4706,1223.1,Nuevo,8.7,14,1,0,0.106
2023-02-02,Mouse,Accessories,North,5,2735,483.2,6505,1324.23,Ocasional,6.1,1,1,1,0.023
2022-12-26,Printer,Office,North,6,2910,173.45,8223,829.58,Ocasional,9.2,12,4,1,0.052
2022-05-15,Smartwatch,Electronics,South,1,263,69.39,3674,1233.43,Frecuente,9.7,8,2,1,0.017
2023-12-05,Smartphone,Electronics,North,2,876,66.68,8186,776.73,Ocasional,8.8,10,4,0,0.066
2023-11-05,Mouse,Accessories,West,1,913,162.24,2819,722.3,Ocasional,8.4,4,4,0,0.133
2024-10-13,Laptop,Electronics,South,9,594,93.92,4326,1300.84,Premium,8.6,13,4,0,0.072
2022-02-27,Headphones,Accessories,South,2,956,202.14,9170,591.83,Ocasional,8.6,7,1,0,0.068
2024-06-17,Laptop,Electronics,East,7,7301,2026.43,9567,605.95,Ocasional,9.7,6,2,0,0.031
2023-05-14,Headphones,Accessories,South,6,5754,1628.61,9276,471.27,Ocasional,9.9,7,2,0,0.047
2022-06-21,Headphones,Accessories,East,4,1372,274.47,3502,787.68,Frecuente,7.7,5,2,0,0.14
2022-07-08,Headphones,Accessories,North,8,920,214.27,8511,826.38,Nuevo,8.5,5,3,1,0.045
2024-01-18,Smartphone,Electronics,North,3,885,150.79,9392,997.48,Frecuente,9.2,2,1,0,0.11
2024-12-30,Camera,Electronics,North,1,379,39.41,9792,657.14,Premium,6.0,7,4,1,0.006
2024-09-09,Headphones,Accessories,West,8,1024,201.92,698,342.4,Premium,8.1,7,3,1,0.019
2024-05-04,Keyboard,Accessories,West,4,4312,388.48,7577,1302.93,Frecuente,8.6,6,2,0,0.047
2023-06-06,Mouse,Accessories,East,5,5030,540.73,9969,532.08,Frecuente,8.9,14,2,0,0.135
2022-01-31,Smartphone,Electronics,West,2,1438,315.83,7764,1385.96,Frecuente,7.5,2,1,0,0.033
2022-04-07,Keyboard,Accessories,South,1,419,108.36,2715,326.88,Ocasional,7.2,13,2,1,0.109
2022-02-24,Headphones,Accessories,East,3,3519,935.72,7744,848.89,Frecuente,6.7,13,1,1,0.025
2022-04-03,Tablet,Electronics,East,8,2912,451.97,1499,814.19,Nuevo,8.2,1,2,0,0.092
2023-02-20,Smartphone,Electronics,North,5,4005,226.09,5065,1246.4,Frecuente,9.7,10,1,0,0.088
2023-08-22,Smartwatch,Electronics,South,5,2075,271.71,6449,225.5,Ocasional,9.6,3,3,0,0.093
2023-02-23,Laptop,Electronics,South,2,120,7.74,4836,1366.71,Nuevo,7.4,1,1,1,0.043
2024-08-12,Camera,Electronics,North,4,564,32.8,7148,806.51,Ocasional,7.0,13,3,1,0.024
2023-10-01,Smartwatch,Electronics,East,2,486,62.58,2782,887.44,Ocasional,9.2,2,4,1,0.133
2023-04-15,Smartwatch,Electronics,East,2,1488,342.87,6259,775.05,Ocasional,8.9,5,2,0,0.085
2023-02-24,Laptop,Electronics,West,6,3096,277.68,6625,73.32,Premium,8.0,2,1,0,0.032
2022-11-04,Smartwatch,Electronics,West,8,6488,1845.07,6521,755.69,Premium,7.6,2,4,0,0.062
2024-04-11,Smartwatch,Electronics,West,4,4284,848.44,3248,410.05,Frecuente,6.5,1,2,0,0.01
2022-07-05,Smartwatch,Electronics,North,8,1864,110.81,3401,527.18,Premium,9.1,12,3,0,0.071
2024-05-08,Camera,Electronics,West,5,4435,954.12,2949,980.67,Frecuente,8.5,1,2,1,0.064
2024-10-03,Camera,Electronics,East,4,3296,460.98,4886,756.59,Frecuente,7.5,11,4,1,0.02
2023-05-05,Mouse,Accessories,East,3,780,217.92,6066,157.96,Nuevo,9.7,3,2,0,0.067
2022-06-02,Smartwatch,Electronics,East,7,4396,962.61,3944,128.1,Nuevo,8.6,13,2,0,0.096
2023-05-02,Keyboard,Accessories,South,6,1362,202.68,4394,294.77,Ocasional,9.7,12,2,0,0.139
2022-01-13,Mouse,Accessories,East,7,3843,378.03,3220,302.51,Ocasional,7.9,9,1,1,0.105
2022-09-09,Printer,Office,East,2,2080,450.24,2579,920.29,Frecuente,7.8,12,3,1,0.075
2022-04-07,Mouse,Accessories,South,5,1210,201.45,6745,283.17,Premium,9.7,5,2,0,0.116
2023-11-15,Printer,Office,West,3,2316,356.5,8252,1324.94,Ocasional,9.8,11,4,0,0.042
2023-07-18,Monitor,Accessories,West,6,3366,614.22,3261,330.45,Ocasional,9.8,4,3,0,0.1
2024-06-07,Tablet,Electronics,West,9,6507,1075.51,8675,154.87,Frecuente,9.3,9,2,0,0.001
2024-05-14,Mouse,Accessories,South,1,384,35.36,5924,1316.1,Frecuente,7.8,13,2,0,0.011
2022-01-05,Laptop,Electronics,South,5,3625,563.95,2093,457.08,Frecuente,6.8,11,1,0,0.094
2022-12-14,Tablet,Electronics,South,1,400,45.16,3976,649.63,Frecuente,7.5,4,4,0,0.029
2022-02-22,Monitor,Accessories,North,5,2880,209.58,571,1439.36,Frecuente,9.8,11,1,0,0.103
2023-03-28,Printer,Office,West,6,1608,302.32,872,1417.67,Frecuente,7.5,13,1,0,0.096
2023-02-08,Headphones,Accessories,South,2,1574,196.84,3693,1078.08,Ocasional,9.0,13,1,1,0.01
2024-09-13,Keyboard,Accessories,East,3,2478,584.37,4817,122.03,Nuevo,9.7,11,3,0,0.059
2024-09-20,Headphones,Accessories,East,8,8872,1486.58,8076,898.14,Ocasional,9.9,11,3,0,0.092
2024-03-24,Printer,Office,East,8,2320,668.63,1775,1483.84,Ocasional,9.8,11,1,1,0.107
2023-07-29,Headphones,Accessories,West,3,171,9.02,8472,1421.44,Ocasional,8.2,11,3,0,0.122
2024-11-20,Keyboard,Accessories,South,8,4536,627.13,2727,176.88,Premium,8.0,2,4,0,0.05
2024-06-09,Headphones,Accessories,South,3,1308,73.28,1814,606.03,Ocasional,10.0,12,2,0,0.126
2022-10-27,Laptop,Electronics,North,4,4048,641.23,7148,486.99,Frecuente,6.9,3,4,1,0.053
2022-05-29,Tablet,Electronics,East,9,4041,963.58,7856,212.0,Ocasional,6.8,8,2,0,0.001
2024-05-24,Headphones,Accessories,South,5,5665,332.46,6246,1048.3,Premium,9.9,5,2,0,0.092
2023-11-29,Mouse,Accessories,South,6,6876,1029.92,1599,425.3,Nuevo,8.8,3,4,0,0.036
2023-03-02,Monitor,Accessories,South,1,617,145.37,1595,530.4,Nuevo,8.1,4,1,1,0.019
2022-09-15,Monitor,Accessories,South,6,1440,130.4,4205,153.73,Premium,6.5,2,3,0,0.039
2024-04-17,Smartwatch,Electronics,East,8,472,116.36,4780,756.99,Frecuente,8.1,7,2,0,0.124
2023-06-30,Laptop,Electronics,North,5,5640,1227.77,9986,254.09,Frecuente,9.8,6,2,0,0.137
2022-10-26,Headphones,Accessories,West,6,2640,668.12,3221,659.49,Ocasional,8.4,6,4,0,0.144
2024-07-13,Smartphone,Electronics,South,3,768,72.67,2329,232.15,Ocasional,7.6,2,3,0,0.045
2024-02-22,Keyboard,Accessories,South,1,725,81.96,9486,1431.7,Frecuente,8.2,9,1,0,0.068
2024-04-28,Headphones,Accessories,North,8,1080,210.69,1962,234.57,Ocasional,9.5,3,2,0,0.12
2024-10-30,Headphones,Accessories,South,1,393,40.34,750,792.39,Frecuente,9.7,12,4,0,0.048
2024-06-11,Smartwatch,Electronics,North,4,1264,371.92,4516,311.53,Frecuente,7.6,1,2,1,0.058
2022-09-03,Headphones,Accessories,South,9,4797,1193.95,4310,133.02,Frecuente,8.4,1,3,0,0.036
2022-03-27,Tablet,Electronics,East,8,2080,151.14,6386,319.42,Ocasional,7.1,5,1,0,0.086
2022-02-16,Camera,Electronics,West,4,3812,312.8,8838,101.07,Frecuente,7.8,6,1,1,0.099
2024-02-25,Mouse,Accessories,West,5,3695,463.57,9362,226.31,Frecuente,6.9,14,1,1,0.048
2022-01-31,Mouse,Accessories,South,1,1159,344.22,3251,750.36,Frecuente,8.1,8,1,0,0.004
2024-08-06,Tablet,Electronics,West,9,4149,605.52,9817,984.69,Nuevo,8.3,6,3,1,0.11
2023-12-05,Keyboard,Accessories,East,2,1446,171.73,6510,149.26,Ocasional,7.4,12,4,0,0.092
2024-07-24,Laptop,Electronics,South,1,225,48.82,1161,672.71,Nuevo,7.1,4,3,1,0.033
2022-12-09,Headphones,Accessories,South,1,355,26.8,9415,880.25,Ocasional,6.6,13,4,0,0.047
2023-09-15,Tablet,Electronics,West,7,3164,166.4,1810,366.65,Ocasional,6.6,6,3,0,0.144
2022-10-28,Smartwatch,Electronics,East,1,498,38.67,6091,570.68,Frecuente,8.8,5,4,1,0.095
2023-04-28,Headphones,Accessories,South,5,1315,217.79,8012,126.32,Ocasional,6.9,5,2,0,0.089
2024-09-13,Headphones,Accessories,North,5,2805,438.89,2869,345.79,Frecuente,6.5,1,3,1,0.096
2022-11-01,Monitor,Accessories,East,5,5180,726.62,3071,710.79,Premium,10.0,10,4,0,0.143
2022-06-07,Camera,Electronics,North,5,4045,203.35,5023,1485.85,Frecuente,7.0,9,2,0,0.051
2024-06-22,Laptop,Electronics,North,9,8793,2262.43,8906,1494.47,Premium,9.6,9,2,1,0.042
2024-08-08,Headphones,Accessories,South,8,2592,526.38,2624,1469.84,Nuevo,8.4,10,3,0,0.057
2022-02-08,Keyboard,Accessories,East,7,7819,1708.84,6802,646.17,Nuevo,8.9,1,1,1,0.12
2024-07-11,Smartwatch,Electronics,North,7,2919,325.35,4799,139.41,Ocasional,8.2,13,3,1,0.018
2023-06-03,Printer,Office,South,3,768,85.37,1562,498.89,Premium,6.7,8,2,0,0.031
2023-12-02,Smartphone,Electronics,West,2,1736,388.09,7253,371.82,Nuevo,9.4,10,4,0,0.034
2023-07-18,Smartwatch,Electronics,South,7,6293,389.22,8409,40.91,Ocasional,9.3,1,3,0,0.095
2024-03-21,Headphones,Accessories,South,6,3684,477.02,5968,160.95,Frecuente,7.4,11,1,0,0.096
2024-12-24,Printer,Office,South,9,8370,1064.65,2175,690.72,Ocasional,9.1,10,4,0,0.056
2023-08-24,Keyboard,Accessories,South,4,3788,875.54,1979,522.7,Ocasional,8.2,6,3,0,0.041
2023-08-22,Laptop,Electronics,West,8,8296,1884.18,4523,286.92,Premium,9.6,14,3,1,0.113
2022-10-10,Tablet,Electronics,West,5,325,21.01,5310,1079.83,Ocasional,9.2,10,4,0,0.005
2024-08-16,Camera,Electronics,North,2,2216,444.36,5745,548.53,Ocasional,6.2,13,3,1,0.111
2022-01-31,Laptop,Electronics,North,8,7064,1873.02,2814,1280.76,Frecuente,9.5,12,1,0,0.032
2024-08-08,Mouse,Accessories,East,9,2538,575.41,5257,376.65,Frecuente,9.9,3,3,0,0.135
2024-03-13,Headphones,Accessories,North,1,1151,77.22,3303,816.82,Ocasional,9.0,14,1,0,0.062
2022-01-18,Keyboard,Accessories,East,1,717,137.27,7018,292.53,Ocasional,6.5,11,1,0,0.096
2022-01-12,Smartwatch,Electronics,East,8,3048,444.3,8066,753.04,Nuevo,9.2,3,1,0,0.018
2024-02-19,Keyboard,Accessories,South,3,2070,163.23,6700,245.65,Ocasional,8.6,12,1,0,0.038
2023-08-14,Camera,Electronics,East,5,3630,537.93,511,259.14,Ocasional,7.4,7,3,1,0.105
2022-04-13,Tablet,Electronics,East,7,896,219.98,9924,926.09,Ocasional,9.5,13,2,1,0.083
2024-02-29,Tablet,Electronics,East,7,1981,311.44,725,410.4,Ocasional,8.3,3,1,0,0.116
2023-07-16,Headphones,Accessories,West,6,7140,605.22,9994,275.1,Ocasional,9.4,4,3,1,0.085
2023-04-13,Monitor,Accessories,North,5,1015,85.06,801,1396.06,Premium,8.7,5,2,1,0.085
2024-08-12,Headphones,Accessories,North,4,524,52.31,5406,83.64,Ocasional,7.2,7,3,0,0.129
2023-07-19,Smartwatch,Electronics,North,2,1678,372.78,1506,856.42,Ocasional,9.9,9,3,1,0.064
2023-05-26,Tablet,Electronics,South,4,3260,969.76,1404,831.43,Ocasional,8.3,4,2,0,0.134
2024-10-18,Headphones,Accessories,South,5,720,214.31,6992,390.9,Nuevo,8.1,10,4,0,0.056
2024-05-04,Printer,Office,West,4,1792,417.99,7414,690.1,Ocasional,7.6,1,2,0,0.049
2022-06-18,Tablet,Electronics,South,9,3096,505.08,1623,149.85,Frecuente,6.5,5,2,1,0.117
2024-09-06,Keyboard,Accessories,South,5,1400,273.39,9778,1087.48,Premium,8.7,10,3,1,0.002
2023-02-05,Smartwatch,Electronics,North,4,508,37.94,3544,348.11,Premium,7.7,4,1,1,0.026
2022-09-16,Tablet,Electronics,East,7,2646,380.83,3524,306.21,Frecuente,9.7,7,3,1,0.011
2024-03-07,Mouse,Accessories,East,1,357,79.86,3321,486.02,Frecuente,9.9,9,1,0,0.077
2023-12-28,Tablet,Electronics,North,1,373,53.15,4881,1355.51,Frecuente,9.1,4,4,0,0.094
2023-03-24,Smartphone,Electronics,East,1,266,55.52,2189,1198.77,Frecuente,7.0,14,1,0,0.002
2024-10-07,Smartphone,Electronics,North,4,344,25.7,4535,1421.4,Frecuente,8.9,12,4,0,0.024
2024-06-17,Smartphone,Electronics,North,7,1806,308.92,2494,984.9,Ocasional,6.1,14,2,0,0.045
2023-03-10,Printer,Office,North,9,7281,396.28,988,1001.12,Ocasional,9.3,7,1,1,0.044
2024-06-28,Smartwatch,Electronics,West,7,3094,463.72,4002,730.45,Frecuente,8.0,5,2,0,0.015
2024-06-02,Keyboard,Accessories,East,2,252,67.37,6886,1359.68,Frecuente,9.7,14,2,0,0.026
2022-04-27,Camera,Electronics,East,9,2691,761.16,7749,776.1,Premium,7.5,11,2,1,0.127
2024-04-26,Printer,Office,West,6,990,102.83,3856,545.49,Premium,7.1,12,2,1,0.105
2022-06-05,Smartwatch,Electronics,South,4,3236,655.18,3575,967.76,Frecuente,10.0,3,2,0,0.044
2022-04-27,Laptop,Electronics,East,4,1076,124.56,7980,828.29,Premium,8.1,13,2,0,0.04
2022-08-10,Tablet,Electronics,North,4,1428,160.54,6971,203.55,Frecuente,9.5,8,3,1,0.012
2022-04-22,Keyboard,Accessories,East,5,1000,292.04,8405,601.23,Nuevo,9.6,11,2,0,0.052
2022-06-10,Smartwatch,Electronics,South,9,3429,998.82,9107,483.72,Ocasional,8.1,12,2,0,0.06
2023-10-17,Monitor,Accessories,West,5,4730,1416.1,8301,1273.31,Ocasional,7.8,2,4,0,0.136
2023-11-04,Monitor,Accessories,South,6,6630,512.6,9396,580.69,Premium,8.2,2,4,0,0.111
2024-10-22,Camera,Electronics,South,7,2296,138.93,4458,1235.9,Frecuente,9.4,1,4,0,0.072
2023-01-15,Monitor,Accessories,East,7,7420,1107.31,4249,674.74,Nuevo,9.9,10,1,0,0.02
2022-04-23,Printer,Office,South,7,2338,531.5,3554,1135.18,Frecuente,7.3,13,2,0,0.098
2022-06-11,Keyboard,Accessories,South,7,4039,420.29,2734,220.22,Ocasional,9.0,1,2,0,0.14
2023-05-19,Laptop,Electronics,East,2,990,76.87,7613,1388.48,Nuevo,7.1,2,2,0,0.012
2023-08-05,Laptop,Electronics,West,1,733,54.11,7287,731.23,Ocasional,8.4,7,3,0,0.127
2024-01-24,Smartphone,Electronics,East,3,2421,334.61,8113,404.5,Frecuente,9.2,6,1,0,0.027
2024-03-14,Keyboard,Accessories,East,8,832,214.81,2090,377.4,Ocasional,9.5,2,1,0,0.105
2022-05-13,Smartwatch,Electronics,East,1,483,98.15,5166,412.31,Premium,7.8,9,2,1,0.028
2023-02-27,Keyboard,Accessories,North,6,2508,480.48,2608,562.75,Premium,7.5,13,1,0,0.09
2023-10-01,Keyboard,Accessories,North,7,4032,426.13,8983,1081.93,Premium,7.0,3,4,0,0.036
2022-04-15,Keyboard,Accessories,East,8,3208,840.97,3040,1425.41,Nuevo,6.5,1,2,0,0.081
2024-05-10,Smartwatch,Electronics,South,6,3402,857.61,1867,1010.18,Ocasional,7.5,4,2,1,0.09
2024-12-06,Headphones,Accessories,North,1,541,52.5,5913,829.81,Frecuente,9.5,3,4,0,0.093
2022-02-08,Smartwatch,Electronics,West,7,1806,129.6,8851,683.92,Frecuente,7.7,7,1,0,0.102
2024-08-03,Headphones,Accessories,South,3,2433,515.28,9199,1245.73,Ocasional,7.3,2,3,1,0.01
2023-11-10,Keyboard,Accessories,East,6,5880,454.19,1412,1277.49,Nuevo,9.0,6,4,1,0.106
2023-05-24,Mouse,Accessories,West,3,3375,451.5,3595,453.7,Frecuente,6.9,2,2,0,0.023
2024-05-30,Tablet,Electronics,North,8,6960,1913.58,1958,1431.06,Frecuente,7.0,10,2,0,0.102
2024-08-06,Keyboard,Accessories,West,4,316,32.79,3424,604.77,Nuevo,9.7,7,3,1,0.019
2022-10-10,Tablet,Electronics,North,9,1404,89.43,5571,1204.12,Nuevo,6.3,2,4,1,0.072
2024-03-08,Keyboard,Accessories,North,9,5823,478.22,3165,1450.89,Nuevo,7.7,1,1,1,0.058
2024-05-16,Headphones,Accessories,South,6,2790,719.15,1141,1061.41,Frecuente,8.3,7,2,1,0.145
2024-05-31,Tablet,Electronics,West,7,1169,69.41,5345,259.1,Premium,6.9,9,2,1,0.095
2023-10-26,Printer,Office,East,8,6016,406.13,1001,887.48,Frecuente,7.1,3,4,1,0.013
2022-10-15,Smartwatch,Electronics,North,7,7154,1177.51,2653,195.79,Frecuente,6.9,5,4,0,0.105
2024-01-29,Keyboard,Accessories,West,2,370,102.74,504,1187.93,Nuevo,7.4,9,1,1,0.029
2024-03-16,Monitor,Accessories,West,1,430,113.57,1324,436.35,Premium,9.6,7,1,1,0.043
2022-04-28,Smartwatch,Electronics,West,1,946,280.53,4645,1048.92,Ocasional,7.7,2,2,0,0.057
2024-05-20,Tablet,Electronics,South,8,984,73.84,8581,1366.93,Nuevo,7.7,6,2,0,0.116
2022-11-26,Keyboard,Accessories,East,9,1467,372.17,7858,287.89,Nuevo,7.5,3,4,0,0.142
2023-08-16,Smartphone,Electronics,South,4,2444,155.42,1438,601.43,Ocasional,9.9,13,3,1,0.139
2023-11-02,Mouse,Accessories,North,9,8640,1254.3,830,977.74,Nuevo,6.5,12,4,0,0.026
2023-07-17,Smartwatch,Electronics,West,9,3861,536.04,3711,641.09,Premium,9.5,5,3,0,0.009
2022-07-24,Keyboard,Accessories,North,1,868,60.12,6696,278.73,Frecuente,7.3,4,3,0,0.124
2024-11-03,Laptop,Electronics,South,9,1746,260.5,7593,63.03,Premium,9.8,2,4,0,0.043
2024-08-19,Printer,Office,South,1,915,129.08,8319,621.77,Nuevo,7.3,11,3,0,0.087
2024-09-15,Smartwatch,Electronics,East,9,3591,423.0,3750,980.83,Nuevo,6.3,13,3,0,0.147
2023-01-28,Camera,Electronics,East,6,2562,612.36,2096,869.5,Premium,8.1,4,1,0,0.028
2022-11-28,Smartwatch,Electronics,West,9,5382,1037.04,750,251.24,Premium,6.9,9,4,0,0.056
2024-11-18,Smartwatch,Electronics,East,4,2792,170.96,1895,687.03,Frecuente,9.0,4,4,0,0.13
2022-04-23,Headphones,Accessories,East,4,2160,631.9,1119,566.82,Frecuente,8.6,13,2,0,0.097
2023-05-23,Monitor,Accessories,West,7,6377,1332.86,8677,425.82,Ocasional,8.7,5,2,0,0.141
2024-05-17,Smartphone,Electronics,East,8,5264,1051.5,3049,1099.32,Frecuente,6.8,2,2,1,0.095
2023-12-18,Laptop,Electronics,North,2,1346,196.5,8319,478.29,Ocasional,8.8,13,4,1,0.046
2023-08-19,Camera,Electronics,South,7,7301,1311.65,5755,819.41,Ocasional,7.2,14,3,1,0.121
2023-04-20,Keyboard,Accessories,South,2,2016,198.26,5619,1386.37,Frecuente,10.0,6,2,0,0.114
2022-06-30,Laptop,Electronics,North,6,1266,220.5,4820,818.13,Premium,8.9,13,2,0,0.14
2023-04-11,Mouse,Accessories,West,2,140,35.18,8282,933.19,Nuevo,8.4,4,2,1,0.071
2024-07-22,Camera,Electronics,East,8,6520,1073.62,912,128.4,Ocasional,9.5,4,3,0,0.075
2022-02-19,Keyboard,Accessories,East,1,582,29.91,1381,283.64,Frecuente,8.4,8,1,0,0.049
2024-03-10,Printer,Office,West,1,245,14.5,4522,169.41,Frecuente,8.2,9,1,0,0.04
2024-04-27,Mouse,Accessories,South,1,504,143.12,4247,1151.92,Nuevo,6.9,6,2,0,0.149
2022-10-06,Monitor,Accessories,South,6,6834,1211.75,5683,1257.16,Ocasional,8.7,12,4,0,0.147
2022-10-01,Headphones,Accessories,West,8,5712,1191.02,7509,295.95,Ocasional,7.5,12,4,0,0.079
2023-05-09,Laptop,Electronics,South,5,4485,347.99,6081,344.52,Ocasional,6.2,2,2,0,0.143
2024-06-02,Headphones,Accessories,West,8,2304,291.46,2945,498.35,Nuevo,9.3,14,2,0,0.053
2024-06-23,Mouse,Accessories,North,6,6576,815.56,3609,894.79,Frecuente,6.2,3,2,0,0.127
2022-11-16,Keyboard,Accessories,South,9,10629,2843.54,7647,940.26,Ocasional,8.7,8,4,1,0.095
2022-03-12,Camera,Electronics,East,1,706,153.59,2413,1036.4,Frecuente,6.6,6,1,1,0.108
2022-04-16,Headphones,Accessories,South,1,977,103.82,5289,1359.69,Ocasional,7.7,7,2,0,0.108
2023-04-16,Smartwatch,Electronics,South,4,776,73.16,5618,456.66,Nuevo,9.4,2,2,0,0.095
2022-10-12,Tablet,Electronics,West,4,3932,309.43,7627,994.96,Nuevo,6.4,5,4,0,0.128
2022-10-29,Keyboard,Accessories,East,3,1263,368.46,7286,848.39,Ocasional,8.7,1,4,0,0.059
2022-08-01,Keyboard,Accessories,East,8,7064,745.24,4914,472.64,Ocasional,8.5,14,3,1,0.127
2023-04-20,Keyboard,Accessories,West,4,4740,746.77,3437,1362.97,Nuevo,9.5,3,2,1,0.028
2024-03-25,Printer,Office,South,7,4522,1137.23,3995,161.32,Nuevo,6.7,7,1,0,0.03
2023-12-28,Tablet,Electronics,South,7,2009,183.19,4410,1073.76,Ocasional,9.2,4,4,1,0.108
2024-04-18,Smartphone,Electronics,East,2,2110,548.12,2582,1097.25,Premium,7.8,3,2,0,0.113
2024-09-26,Mouse,Accessories,West,1,95,6.97,6441,1374.68,Frecuente,7.7,6,3,0,0.135
2023-11-19,Smartwatch,Electronics,East,1,384,83.58,2479,787.5,Nuevo,7.4,14,4,1,0.041
2023-04-23,Tablet,Electronics,North,3,3471,200.08,6662,496.0,Ocasional,7.5,7,2,0,0.008
2023-06-20,Tablet,Electronics,West,4,2048,507.01,7639,1245.06,Ocasional,8.1,14,2,0,0.076
2022-08-05,Monitor,Accessories,South,8,9296,2581.06,9637,1160.8,Ocasional,6.4,12,3,1,0.131
2022-05-28,Laptop,Electronics,West,8,5272,1188.16,1629,760.47,Frecuente,7.7,7,2,0,0.146
2024-01-18,Headphones,Accessories,East,1,619,127.58,7717,1156.43,Frecuente,8.6,13,1,0,0.129
2023-04-27,Laptop,Electronics,North,1,448,53.2,1316,416.46,Ocasional,8.0,5,2,0,0.073
2022-06-10,Keyboard,Accessories,North,9,5004,1313.13,3703,892.47,Frecuente,6.7,8,2,0,0.13
2023-12-05,Keyboard,Accessories,North,4,4716,704.99,2174,1300.47,Ocasional,7.5,10,4,0,0.032
2022-05-11,Printer,Office,West,9,7506,827.17,2041,490.62,Ocasional,7.8,9,2,0,0.138
2024-01-11,Keyboard,Accessories,North,7,4095,883.56,2165,735.65,Ocasional,8.7,12,1,0,0.085
2024-07-31,Smartwatch,Electronics,North,7,4459,1037.27,917,1427.55,Frecuente,9.6,3,3,0,0.058
2022-10-31,Tablet,Electronics,South,5,620,62.49,8319,1201.35,Ocasional,8.2,7,4,0,0.087
2022-08-17,Smartwatch,Electronics,West,2,2362,185.89,1080,1332.82,Premium,8.7,10,3,1,0.118
2022-03-28,Printer,Office,North,2,606,154.99,4285,590.17,Premium,6.3,5,1,0,0.036
2024-07-26,Camera,Electronics,East,4,1084,134.42,7142,1494.83,Frecuente,9.8,13,3,0,0.015
2022-02-04,Laptop,Electronics,North,8,2880,315.87,9908,245.8,Premium,7.3,5,1,1,0.11
2023-04-20,Laptop,Electronics,West,8,4544,727.05,8610,787.78,Nuevo,7.4,5,2,0,0.143
2024-09-08,Mouse,Accessories,West,4,556,85.63,1803,729.32,Nuevo,6.9,5,3,0,0.096
2023-11-30,Laptop,Electronics,North,5,505,71.97,9883,1201.68,Premium,6.3,10,4,0,0.021
2023-03-03,Tablet,Electronics,West,5,2595,774.2,6708,1364.75,Ocasional,9.2,2,1,0,0.097
2023-01-24,Headphones,Accessories,South,5,2820,737.68,2205,1102.09,Ocasional,7.0,3,1,1,0.017
2023-10-29,Keyboard,Accessories,East,2,1018,297.21,4762,947.69,Ocasional,7.1,11,4,0,0.046
2023-03-04,Laptop,Electronics,East,4,944,176.56,9219,652.6,Nuevo,6.7,3,1,1,0.005
2023-08-30,Tablet,Electronics,East,1,610,44.99,4232,775.28,Ocasional,9.9,2,3,0,0.073
2024-05-25,Camera,Electronics,South,4,912,81.65,2244,773.76,Premium,9.1,4,2,0,0.048
2023-04-02,Monitor,Accessories,West,9,10413,1738.63,8813,50.15,Premium,9.7,6,2,0,0.015
2023-07-27,Printer,Office,West,8,2176,398.29,9553,764.51,Frecuente,9.4,1,3,0,0.046
2022-01-04,Printer,Office,East,6,6108,1488.4,9768,1286.84,Nuevo,9.6,12,1,0,0.097
2024-02-14,Mouse,Accessories,West,2,1148,173.89,9579,1069.73,Ocasional,7.9,2,1,0,0.043
2024-05-01,Monitor,Accessories,East,8,8824,597.1,8792,1197.65,Frecuente,6.7,6,2,0,0.021
2022-06-17,Headphones,Accessories,North,5,2240,159.58,4817,597.92,Premium,7.3,3,2,1,0.082
2022-02-17,Camera,Electronics,North,2,1312,386.79,2326,802.88,Nuevo,7.2,5,1,1,0.113
2023-02-02,Laptop,Electronics,South,9,10620,2946.93,6362,69.56,Frecuente,8.9,1,1,0,0.125
2024-09-30,Tablet,Electronics,East,2,2178,574.4,2597,586.84,Ocasional,6.1,14,3,1,0.071
2024-05-12,Monitor,Accessories,East,3,1671,94.52,4994,722.14,Ocasional,6.6,14,2,0,0.107
2024-07-28,Monitor,Accessories,East,3,2025,355.59,6732,397.71,Frecuente,8.7,2,3,0,0.125
2024-11-01,Mouse,Accessories,East,6,2886,355.32,9492,66.24,Premium,6.5,3,4,0,0.101
2024-07-27,Printer,Office,East,2,1868,307.32,3246,1041.8,Frecuente,6.2,13,3,0,0.079
2023-01-08,Headphones,Accessories,East,4,3280,826.94,2893,663.93,Frecuente,6.4,6,1,0,0.009
2022-05-18,Tablet,Electronics,West,2,1768,375.86,7479,635.2,Ocasional,8.8,1,2,0,0.044
2022-12-19,Camera,Electronics,West,7,6937,1753.02,561,389.98,Ocasional,6.6,2,4,1,0.048
2024-09-21,Smartwatch,Electronics,North,6,3012,307.47,5880,815.99,Frecuente,6.6,6,3,0,0.059
2024-09-19,Headphones,Accessories,South,3,777,147.93,7586,668.28,Ocasional,6.9,8,3,1,0.143
2024-02-16,Smartphone,Electronics,East,6,4056,452.14,5733,721.5,Premium,9.0,9,1,0,0.031
2024-11-29,Printer,Office,South,4,3212,514.92,4147,879.69,Frecuente,6.8,3,4,0,0.081
2024-08-03,Smartwatch,Electronics,West,1,952,179.4,8371,29.36,Ocasional,6.1,6,3,0,0.149
2022-05-29,Smartphone,Electronics,North,3,1674,106.24,4024,1363.39,Ocasional,9.6,4,2,0,0.093
2024-02-13,Smartwatch,Electronics,East,5,4315,1019.91,7250,125.21,Ocasional,9.5,8,1,0,0.031
2023-12-15,Mouse,Accessories,North,7,1722,162.39,4909,687.37,Premium,6.7,5,4,1,0.144
2022-09-14,Keyboard,Accessories,South,5,2895,334.35,752,326.91,Ocasional,7.1,3,3,0,0.05
2023-07-28,Tablet,Electronics,North,2,1280,335.22,5539,795.2,Frecuente,6.8,12,3,0,0.007
2022-04-10,Headphones,Accessories,East,5,4295,414.42,969,434.74,Nuevo,8.9,8,2,1,0.065
2022-08-07,Printer,Office,South,6,4434,306.63,9344,1292.81,Ocasional,7.0,7,3,0,0.036
2022-07-09,Keyboard,Accessories,North,6,3816,623.78,6214,606.61,Nuevo,9.7,2,3,1,0.123
2024-04-09,Headphones,Accessories,East,7,6335,1137.08,4034,965.36,Premium,9.3,1,2,0,0.033
2024-11-11,Mouse,Accessories,West,3,315,78.41,5118,388.34,Frecuente,8.4,12,4,0,0.123
2024-11-27,Camera,Electronics,East,2,626,168.82,6382,48.72,Ocasional,6.0,14,4,0,0.005
2024-05-23,Smartwatch,Electronics,South,1,1140,85.75,2971,618.15,Frecuente,9.5,9,2,0,0.139
2022-11-16,Smartphone,Electronics,North,5,590,52.55,3239,814.0,Ocasional,8.9,1,4,0,0.006
2022-04-21,Tablet,Electronics,East,1,631,99.31,4477,700.13,Ocasional,9.2,7,2,0,0.141
2024-09-04,Monitor,Accessories,South,8,1944,134.94,2956,1443.78,Nuevo,6.3,4,3,1,0.011
2024-03-24,Smartphone,Electronics,North,6,5100,1461.79,7700,1066.12,Frecuente,8.8,1,1,1,0.131
2024-09-24,Keyboard,Accessories,South,6,1092,176.52,1486,1493.59,Nuevo,9.2,2,3,0,0.125
2023-08-12,Monitor,Accessories,West,7,4662,1007.43,8352,456.69,Frecuente,9.8,7,3,0,0.089
2023-01-18,Headphones,Accessories,West,7,4312,1088.34,3811,1187.8,Frecuente,8.3,6,1,1,0.005
2022-10-20,Mouse,Accessories,North,6,4056,815.1,5831,842.23,Ocasional,8.0,8,4,0,0.093
2023-11-23,Headphones,Accessories,North,3,534,120.53,1998,925.41,Frecuente,7.7,10,4,0,0.093
2023-05-31,Printer,Office,South,5,3475,991.47,4161,1479.06,Nuevo,8.8,4,2,0,0.084
2023-07-11,Tablet,Electronics,South,5,4880,829.03,7668,987.9,Nuevo,9.7,5,3,0,0.095
2024-10-25,Tablet,Electronics,West,8,8336,782.8,3071,1350.25,Nuevo,8.4,10,4,0,0.145
2023-05-08,Mouse,Accessories,North,8,9232,490.66,1756,1094.11,Nuevo,6.9,3,2,1,0.149
2022-01-07,Smartphone,Electronics,South,3,2031,466.25,5458,208.53,Ocasional,6.1,2,1,0,0.078
2022-01-10,Smartwatch,Electronics,North,3,2412,640.35,2043,1055.15,Frecuente,8.5,12,1,1,0.014
2023-12-03,Smartphone,Electronics,East,1,1039,137.24,3490,736.79,Nuevo,9.5,3,4,1,0.02
2023-01-03,Camera,Electronics,West,6,696,100.78,4779,1379.82,Premium,6.3,2,1,0,0.108
2024-06-26,Laptop,Electronics,North,8,6160,1617.32,5858,1214.11,Ocasional,7.6,11,2,1,0.147
2022-12-15,Camera,Electronics,East,3,447,58.4,6574,174.12,Frecuente,9.8,8,4,0,0.065
2023-04-29,Keyboard,Accessories,West,6,6102,364.82,6928,218.2,Ocasional,8.0,3,2,1,0.015
2024-04-03,Camera,Electronics,South,9,5085,1372.83,8520,123.02,Frecuente,6.9,12,2,0,0.053
2024-08-16,Laptop,Electronics,North,7,3038,158.82,1127,750.0,Frecuente,7.4,4,3,0,0.058
2024-03-11,Headphones,Accessories,West,1,882,215.24,3942,139.54,Premium,7.6,10,1,0,0.149
2023-03-15,Monitor,Accessories,West,6,2490,720.06,510,1091.04,Frecuente,6.5,10,1,1,0.103
2024-08-05,Camera,Electronics,North,1,635,101.09,589,837.49,Frecuente,8.6,12,3,0,0.018
2024-07-05,Laptop,Electronics,East,1,1083,152.5,2516,1257.11,Frecuente,8.4,11,3,1,0.051
2023-08-10,Keyboard,Accessories,West,6,720,144.26,6182,434.1,Frecuente,8.6,10,3,0,0.007
2022-09-17,Printer,Office,West,3,3111,382.52,8997,788.33,Ocasional,8.4,1,3,0,0.098
2022-04-09,Smartwatch,Electronics,North,6,1242,87.37,7848,193.87,Frecuente,6.1,14,2,0,0.101
2023-08-02,Smartwatch,Electronics,West,5,5845,978.75,6639,1329.22,Ocasional,6.7,2,3,0,0.009
2023-03-29,Smartwatch,Electronics,West,1,835,131.7,7892,279.01,Premium,6.7,4,1,0,0.05
2022-05-16,Monitor,Accessories,South,2,2314,305.42,2133,171.5,Ocasional,6.4,7,2,0,0.135
2023-02-04,Smartwatch,Electronics,East,7,6041,776.09,8478,323.47,Frecuente,8.9,5,1,1,0.124
2022-03-23,Mouse,Accessories,North,3,369,19.22,8957,1213.22,Ocasional,6.5,9,1,1,0.086
2022-08-12,Tablet,Electronics,West,5,1635,321.84,1403,176.61,Ocasional,8.7,1,3,0,0.073
2022-04-07,Keyboard,Accessories,West,3,2067,465.39,4964,929.35,Ocasional,6.7,7,2,0,0.149
2022-03-04,Smartphone,Electronics,West,6,7128,544.54,8385,1124.35,Frecuente,6.5,5,1,0,0.108
2024-04-24,Printer,Office,North,2,944,94.4,5022,1131.6,Ocasional,6.7,10,2,1,0.143
2022-06-10,Tablet,Electronics,East,5,5160,698.15,8484,301.29,Frecuente,8.0,8,2,1,0.011
2022-06-18,Smartphone,Electronics,West,8,8032,1987.82,9387,111.2,Frecuente,8.6,11,2,1,0.032
2024-12-16,Camera,Electronics,South,2,376,99.16,5009,684.23,Frecuente,9.2,3,4,1,0.005
2024-06-22,Smartphone,Electronics,South,7,4144,426.39,1065,319.68,Ocasional,6.5,14,2,0,0.13
2024-11-04,Camera,Electronics,South,4,2228,293.25,3730,1054.92,Frecuente,8.5,6,4,0,0.104
2022-11-15,Tablet,Electronics,West,1,1178,182.76,2544,547.91,Ocasional,9.1,5,4,1,0.027
2024-04-27,Mouse,Accessories,North,5,2505,303.61,5004,685.04,Frecuente,7.2,8,2,0,0.146
2024-02-28,Smartwatch,Electronics,West,4,1872,418.05,6064,187.96,Frecuente,6.3,3,1,0,0.143
2023-12-29,Printer,Office,West,2,340,59.56,4907,859.97,Frecuente,6.6,12,4,0,0.034
2023-03-08,Laptop,Electronics,West,1,589,158.85,2357,294.58,Premium,6.4,4,1,1,0.097
2023-12-12,Laptop,Electronics,West,3,2598,560.82,3361,1024.9,Ocasional,9.5,13,4,0,0.1
2022-02-17,Tablet,Electronics,North,1,502,92.31,6955,125.33,Ocasional,7.5,3,1,1,0.001
2024-01-24,Laptop,Electronics,South,3,3576,546.44,756,1464.32,Ocasional,8.1,13,1,0,0.103
2023-02-07,Keyboard,Accessories,East,3,2412,468.27,2533,1033.1,Frecuente,9.1,6,1,0,0.033
2024-07-31,Printer,Office,West,5,1145,244.72,8977,288.96,Frecuente,7.5,9,3,0,0.135
2022-02-03,Keyboard,Accessories,West,2,2116,159.3,1441,40.86,Nuevo,8.6,13,1,1,0.126
2024-12-16,Laptop,Electronics,North,1,707,100.16,4440,515.01,Premium,6.3,2,4,0,0.136
2022-11-11,Mouse,Accessories,South,9,657,109.39,2466,246.16,Frecuente,7.9,5,4,1,0.114
2024-10-14,Laptop,Electronics,South,5,5345,1060.46,1494,343.25,Nuevo,6.4,14,4,0,0.025
2024-01-27,Tablet,Electronics,South,8,4032,251.05,4515,1311.67,Frecuente,7.0,3,1,1,0.054
2022-08-30,Camera,Electronics,South,4,3840,552.57,5453,912.74,Premium,7.2,2,3,1,0.106
2023-01-23,Monitor,Accessories,East,5,575,47.35,2173,281.16,Frecuente,8.9,8,1,0,0.048
2023-01-02,Laptop,Electronics,West,9,9315,1808.68,1239,843.86,Ocasional,8.7,1,1,1,0.107
2024-11-25,Mouse,Accessories,East,7,3423,435.06,1779,398.56,Frecuente,9.0,14,4,0,0.05
2023-11-07,Monitor,Accessories,South,6,3942,748.74,6689,1464.78,Ocasional,6.2,13,4,1,0.027
2024-07-15,Laptop,Electronics,South,2,574,70.16,8672,68.48,Frecuente,10.0,3,3,1,0.078
2024-06-04,Headphones,Accessories,North,6,3024,336.28,2212,1103.83,Frecuente,6.2,3,2,0,0.103
2022-03-02,Headphones,Accessories,North,7,952,215.51,3543,1164.04,Frecuente,9.3,11,1,0,0.078
2023-11-25,Smartphone,Electronics,West,9,9090,937.69,3766,119.4,Ocasional,9.0,8,4,1,0.096
2022-05-10,Tablet,Electronics,West,2,1166,170.11,3927,274.37,Frecuente,8.4,12,2,1,0.066
2024-01-09,Keyboard,Accessories,South,3,2925,433.95,2820,588.77,Ocasional,7.8,14,1,0,0.117
2023-12-25,Camera,Electronics,South,5,3455,867.55,1025,1304.87,Frecuente,9.0,6,4,1,0.097
2022-12-06,Smartphone,Electronics,North,2,1614,331.3,5488,814.76,Premium,9.0,4,4,0,0.086
2024-08-07,Mouse,Accessories,West,7,1771,171.26,3895,989.85,Frecuente,6.5,9,3,0,0.065
2023-01-06,Printer,Office,South,6,5658,1504.97,3751,1178.86,Ocasional,9.2,9,1,0,0.08
2024-09-25,Mouse,Accessories,East,9,8460,1515.06,3015,1245.62,Frecuente,6.3,7,3,0,0.008
2023-11-26,Printer,Office,West,5,1925,570.93,9328,724.9,Ocasional,8.0,5,4,0,0.1
2024-02-02,Laptop,Electronics,North,6,2196,572.17,6299,773.01,Nuevo,8.6,4,1,0,0.031
2024-07-05,Keyboard,Accessories,East,2,1696,500.56,4477,1082.65,Ocasional,9.3,8,3,0,0.129
2023-11-16,Printer,Office,South,9,6813,1966.66,2451,409.75,Ocasional,7.9,6,4,0,0.122
2024-10-19,Keyboard,Accessories,North,5,3670,790.67,8110,1284.64,Ocasional,6.9,7,4,1,0.079
2024-10-10,Keyboard,Accessories,South,4,2936,204.55,8939,50.76,Ocasional,8.0,2,4,1,0.127
2024-01-29,Monitor,Accessories,West,5,5165,283.6,807,309.74,Frecuente,7.0,13,1,1,0.101
2024-09-06,Camera,Electronics,East,5,5940,467.31,9331,1204.3,Ocasional,8.1,10,3,0,0.021
2023-06-07,Smartwatch,Electronics,East,6,2664,520.3,7144,523.58,Nuevo,7.9,13,2,1,0.111
2024-04-12,Headphones,Accessories,East,2,1198,134.39,1448,241.75,Frecuente,9.1,12,2,0,0.149
2024-08-22,Headphones,Accessories,North,4,1340,309.8,7654,296.4,Nuevo,7.0,9,3,0,0.006
2022-10-15,Monitor,Accessories,East,9,9657,1233.47,1520,805.52,Ocasional,6.8,5,4,1,0.037
2022-06-28,Camera,Electronics,North,8,2592,191.66,983,1272.35,Frecuente,7.9,10,2,0,0.09
2023-06-10,Camera,Electronics,West,4,1168,135.36,1595,124.56,Nuevo,6.2,8,2,1,0.062
2023-03-23,Headphones,Accessories,South,8,5920,1241.27,4868,65.11,Premium,6.9,13,1,0,0.096
2022-02-17,Smartphone,Electronics,West,2,2260,268.47,6385,708.45,Premium,7.4,4,1,0,0.088
2023-09-19,Printer,Office,West,8,7016,1490.07,4369,1435.16,Frecuente,8.0,1,3,0,0.118
2024-03-29,Headphones,Accessories,North,6,546,79.94,1658,432.93,Ocasional,7.1,2,1,0,0.011
2024-12-02,Laptop,Electronics,East,1,839,228.72,2392,1439.57,Frecuente,8.2,3,4,0,0.066
2024-07-24,Tablet,Electronics,South,8,5176,619.45,8597,1333.77,Nuevo,9.5,10,3,0,0.129
2023-04-02,Laptop,Electronics,West,4,280,24.9,9644,439.04,Frecuente,8.2,3,2,0,0.054
2024-12-28,Monitor,Accessories,North,9,2097,210.59,7665,1229.08,Frecuente,7.1,2,4,1,0.076
2024-05-24,Mouse,Accessories,West,6,4632,799.16,1482,1035.08,Ocasional,6.2,6,2,0,0.003
2023-02-09,Keyboard,Accessories,North,4,1088,283.61,8288,777.5,Premium,6.5,11,1,0,0.034
2023-09-17,Camera,Electronics,North,2,1314,391.55,7073,645.92,Ocasional,8.2,6,3,0,0.07
2023-05-07,Mouse,Accessories,North,8,7960,804.11,5497,1226.94,Frecuente,8.7,4,2,0,0.06
2023-11-22,Printer,Office,North,8,2856,350.32,1860,1193.76,Nuevo,6.2,4,4,0,0.107
2022-06-16,Smartwatch,Electronics,West,4,1680,385.92,9968,1140.27,Ocasional,6.7,12,2,0,0.092
2024-11-20,Monitor,Accessories,North,4,4464,1069.63,4704,1497.42,Premium,7.3,7,4,1,0.132
2023-06-08,Smartphone,Electronics,East,6,2940,184.97,919,728.2,Premium,7.3,6,2,0,0.128
2022-06-12,Monitor,Accessories,West,8,1272,344.45,2494,1214.25,Premium,9.8,11,2,1,0.036
2024-11-21,Printer,Office,East,6,1728,247.86,4312,1296.47,Nuevo,6.8,6,4,0,0.003
2022-09-06,Monitor,Accessories,North,3,3153,563.56,1092,333.17,Ocasional,6.3,5,3,0,0.128
2024-03-23,Smartphone,Electronics,West,4,2536,285.72,3577,82.26,Frecuente,7.4,11,1,0,0.049
2022-03-16,Tablet,Electronics,South,3,2508,431.53,4949,619.03,Frecuente,6.5,5,1,0,0.052
2024-10-18,Tablet,Electronics,East,1,123,12.36,9512,1287.97,Nuevo,6.5,8,4,0,0.024
2023-07-30,Smartphone,Electronics,South,3,2379,148.68,1320,447.87,Frecuente,7.6,10,3,0,0.104
2023-01-04,Printer,Office,West,6,6924,1693.77,5980,1056.02,Ocasional,7.2,3,1,0,0.042
2023-05-31,Smartwatch,Electronics,West,9,9054,644.36,9199,30.88,Ocasional,6.4,2,2,0,0.027
2023-12-08,Camera,Electronics,South,9,9936,2797.45,8158,545.94,Frecuente,8.4,12,4,0,0.076
2022-12-21,Smartphone,Electronics,East,1,393,41.05,9286,930.96,Ocasional,8.0,5,4,1,0.113
2024-08-19,Printer,Office,East,2,308,35.32,2118,212.04,Frecuente,6.3,5,3,1,0.04
2024-10-26,Tablet,Electronics,South,5,4900,347.25,8112,1346.98,Frecuente,9.5,9,4,0,0.108
2024-08-24,Laptop,Electronics,South,1,927,103.95,9797,251.29,Nuevo,7.1,2,3,0,0.069
2023-11-23,Keyboard,Accessories,East,1,266,22.42,3597,1366.49,Ocasional,9.8,1,4,0,0.061
2022-11-04,Printer,Office,South,5,4750,1179.56,5237,340.26,Ocasional,9.7,6,4,1,0.054
2024-07-20,Smartwatch,Electronics,East,8,3272,460.82,5542,1491.53,Ocasional,7.7,14,3,0,0.022
2022-12-10,Mouse,Accessories,East,5,4350,688.77,5189,915.03,Frecuente,6.9,9,4,0,0.05
2024-07-27,Keyboard,Accessories,East,1,706,63.82,3252,144.83,Ocasional,9.3,9,3,1,0.132
2024-05-24,Laptop,Electronics,North,3,213,30.68,9723,116.61,Ocasional,7.4,9,2,0,0.015
2023-10-25,Smartphone,Electronics,East,2,1614,376.31,9586,130.88,Frecuente,6.7,13,4,0,0.144
2023-02-09,Mouse,Accessories,West,8,6232,499.63,4116,893.04,Frecuente,8.2,12,1,1,0.016
2023-02-03,Printer,Office,North,4,3864,717.45,8150,1218.18,Ocasional,8.0,1,1,1,0.054
2024-12-08,Headphones,Accessories,South,3,2601,363.64,4276,616.38,Ocasional,9.4,8,4,0,0.091
2023-02-01,Mouse,Accessories,East,6,4944,758.46,8050,678.36,Frecuente,8.9,8,1,0,0.126
2023-11-16,Printer,Office,South,4,4680,301.91,6055,892.15,Nuevo,9.5,4,4,0,0.022
2022-01-29,Mouse,Accessories,South,8,2112,418.58,4966,808.9,Frecuente,8.9,14,1,0,0.021
2022-04-24,Monitor,Accessories,East,6,7140,869.93,1716,1038.33,Frecuente,8.6,4,2,0,0.094
2022-10-19,Keyboard,Accessories,East,1,750,37.97,6718,718.24,Frecuente,8.0,12,4,0,0.044
2022-08-12,Mouse,Accessories,East,4,392,39.23,3550,1076.51,Ocasional,10.0,2,3,0,0.097
2024-10-02,Laptop,Electronics,South,4,2408,721.8,2560,1496.02,Frecuente,9.8,9,4,1,0.123
2023-09-13,Monitor,Accessories,East,2,2016,151.4,2335,538.44,Frecuente,9.4,11,3,1,0.012
2022-07-25,Monitor,Accessories,South,4,464,47.93,9827,38.08,Frecuente,9.1,8,3,1,0.127
2023-12-09,Headphones,Accessories,East,1,832,227.11,1481,205.93,Ocasional,8.3,2,4,0,0.006
2024-03-31,Headphones,Accessories,East,8,1296,374.8,8085,839.2,Ocasional,7.0,2,1,0,0.135
2022-04-23,Smartphone,Electronics,East,1,300,45.81,8728,529.5,Frecuente,9.5,9,2,0,0.146
2024-07-06,Monitor,Accessories,North,6,2856,226.53,795,1411.17,Nuevo,6.0,13,3,0,0.1
2022-12-10,Tablet,Electronics,West,5,3380,287.05,6098,948.62,Premium,6.9,9,4,0,0.148
2022-01-27,Tablet,Electronics,North,5,400,86.52,5985,790.13,Premium,7.6,2,1,1,0.123
2022-10-14,Camera,Electronics,North,1,722,49.7,3907,1201.1,Ocasional,8.3,11,4,0,0.007
2024-11-23,Laptop,Electronics,South,4,4596,947.45,6833,402.71,Ocasional,8.2,7,4,0,0.001
2023-04-08,Keyboard,Accessories,West,8,1176,313.58,4382,1233.21,Frecuente,6.7,2,2,0,0.003
2022-07-21,Camera,Electronics,North,2,644,45.72,4677,24.53,Ocasional,6.4,6,3,1,0.068
2022-11-07,Smartphone,Electronics,West,8,544,40.78,4599,937.12,Frecuente,6.9,3,4,0,0.094
2023-05-30,Monitor,Accessories,East,2,586,101.64,8106,1403.44,Ocasional,7.4,14,2,0,0.072
2022-04-30,Keyboard,Accessories,North,5,3835,229.11,6514,1186.03,Ocasional,6.1,13,2,0,0.102
2023-12-13,Printer,Office,South,5,1415,358.39,4100,1283.38,Nuevo,8.8,2,4,1,0.067
2023-05-11,Keyboard,Accessories,South,9,1125,138.49,9304,607.49,Frecuente,7.0,9,2,0,0.006
2023-09-11,Camera,Electronics,South,3,3399,489.36,8119,1239.87,Ocasional,7.4,1,3,0,0.034
2022-03-03,Monitor,Accessories,East,6,5370,1501.06,9361,835.23,Ocasional,7.3,7,1,1,0.149
2024-03-30,Keyboard,Accessories,West,3,2331,419.26,7439,935.44,Frecuente,8.0,3,1,1,0.052
2022-06-27,Laptop,Electronics,East,9,10728,1967.84,4219,107.19,Frecuente,9.4,11,2,0,0.049
2023-03-02,Monitor,Accessories,West,8,9056,1860.37,7842,318.3,Nuevo,6.6,2,1,1,0.023
2024-11-04,Monitor,Accessories,West,9,4581,250.06,3627,835.43,Frecuente,7.4,13,4,0,0.148
2024-10-01,Camera,Electronics,North,3,1074,240.44,3073,107.03,Ocasional,8.8,4,4,0,0.035
2023-06-17,Tablet,Electronics,West,4,4572,1199.49,4784,1117.34,Premium,6.2,4,2,0,0.097
2023-11-20,Laptop,Electronics,South,7,8141,651.16,9708,1263.28,Ocasional,9.3,13,4,0,0.006
2023-11-24,Printer,Office,West,4,604,180.93,5895,1382.14,Frecuente,9.8,13,4,0,0.01
2024-05-04,Mouse,Accessories,South,2,906,59.06,4145,170.62,Nuevo,8.4,2,2,1,0.108
2023-04-22,Headphones,Accessories,South,7,1582,278.14,4887,1410.79,Ocasional,9.8,2,2,1,0.095
2024-01-31,Mouse,Accessories,West,6,3306,216.91,3266,120.08,Premium,7.7,12,1,0,0.102
2023-12-24,Headphones,Accessories,West,1,847,237.41,6758,721.6,Ocasional,7.7,14,4,1,0.035
2022-11-09,Printer,Office,East,6,3222,846.27,3829,1263.57,Ocasional,6.4,7,4,1,0.148
2024-11-03,Keyboard,Accessories,East,3,189,33.94,5766,124.06,Frecuente,6.1,3,4,0,0.084
2023-08-12,Laptop,Electronics,South,4,1224,348.91,4013,46.98,Frecuente,7.0,3,3,1,0.145
2023-02-08,Camera,Electronics,South,7,5621,1390.73,3546,56.92,Ocasional,7.9,4,1,1,0.025
2024-01-16,Tablet,Electronics,West,6,966,246.21,9717,776.68,Ocasional,8.0,10,1,1,0.061
2023-08-02,Tablet,Electronics,West,9,1728,179.64,3784,1221.16,Frecuente,6.9,2,3,0,0.05
2024-01-13,Mouse,Accessories,West,9,6138,1478.57,1169,208.59,Nuevo,8.5,9,1,1,0.113
2024-11-20,Monitor,Accessories,South,4,964,184.03,4096,204.42,Frecuente,6.7,12,4,1,0.112
2023-10-13,Smartphone,Electronics,South,7,4697,976.26,5555,861.45,Premium,7.3,3,4,0,0.073
2022-05-09,Smartphone,Electronics,West,2,1232,155.52,1399,366.76,Ocasional,6.8,14,2,0,0.002
2022-12-21,Monitor,Accessories,West,7,6384,734.79,3404,1100.72,Premium,8.8,14,4,0,0.026
2024-11-22,Mouse,Accessories,West,4,780,162.72,2077,1425.46,Frecuente,8.1,5,4,0,0.008
2023-01-27,Printer,Office,West,4,1256,362.22,5256,1153.73,Ocasional,8.9,2,1,0,0.127
2022-05-08,Mouse,Accessories,South,1,1162,220.93,7369,1318.22,Frecuente,6.2,5,2,0,0.043
2023-02-10,Mouse,Accessories,South,8,7520,995.03,9700,788.99,Frecuente,7.7,4,1,1,0.018
2024-03-26,Headphones,Accessories,South,7,2387,463.92,4196,1251.83,Ocasional,9.9,4,1,1,0.053
2023-10-20,Keyboard,Accessories,East,8,2256,316.77,8700,290.7,Ocasional,6.2,13,4,0,0.012
2024-06-06,Monitor,Accessories,North,8,7792,913.12,2538,121.15,Ocasional,7.7,3,2,0,0.147
2023-05-24,Laptop,Electronics,East,8,3944,296.35,7914,990.81,Ocasional,6.2,5,2,0,0.047
2023-12-17,Smartphone,Electronics,South,2,822,183.45,5845,96.89,Frecuente,6.6,12,4,0,0.14
2024-06-20,Headphones,Accessories,North,3,1962,469.94,7702,1340.87,Frecuente,7.9,1,2,0,0.102
2022-12-21,Printer,Office,North,4,1016,269.88,7677,1043.5,Ocasional,6.6,1,4,0,0.085
2023-06-20,Tablet,Electronics,North,2,1980,125.99,5558,1429.26,Frecuente,8.1,5,2,1,0.071
2024-12-08,Headphones,Accessories,West,4,3996,965.26,2945,484.55,Frecuente,9.7,14,4,0,0.103
2022-07-18,Smartwatch,Electronics,North,1,663,183.82,5498,739.51,Ocasional,6.8,12,3,0,0.103
2023-10-05,Laptop,Electronics,South,1,575,104.31,8354,1117.7,Ocasional,6.4,13,4,1,0.002
2023-09-04,Tablet,Electronics,South,1,187,33.76,9721,379.31,Ocasional,9.3,13,3,0,0.136
2023-08-01,Tablet,Electronics,East,7,6216,378.24,9311,821.94,Premium,7.8,2,3,0,0.055
2022-03-05,Camera,Electronics,South,1,189,19.02,2223,996.01,Premium,9.5,6,1,0,0.053
2022-08-13,Tablet,Electronics,South,2,358,41.46,6175,1468.64,Frecuente,7.2,8,3,0,0.061
2022-04-17,Keyboard,Accessories,North,6,6192,316.23,1493,1122.16,Ocasional,8.5,3,2,0,0.103
2023-05-25,Tablet,Electronics,East,7,4382,592.46,6855,194.83,Frecuente,9.7,14,2,1,0.056
2024-10-20,Keyboard,Accessories,East,2,1122,100.78,9927,723.49,Premium,6.7,9,4,0,0.056
2022-06-21,Laptop,Electronics,North,8,8192,2081.72,999,891.38,Frecuente,9.2,12,2,1,0.01
2022-08-22,Laptop,Electronics,South,6,2658,200.79,6737,237.0,Ocasional,8.5,4,3,0,0.062
2023-03-17,Tablet,Electronics,West,6,606,127.68,9482,659.31,Ocasional,9.3,11,1,1,0.022
2024-11-02,Monitor,Accessories,South,8,448,45.43,8548,440.33,Premium,6.7,2,4,0,0.128
2023-01-17,Printer,Office,North,3,1674,435.95,4228,195.86,Premium,7.7,1,1,0,0.05
2022-02-13,Tablet,Electronics,South,6,1944,366.18,1487,777.82,Frecuente,6.5,9,1,0,0.144
2022-02-07,Monitor,Accessories,South,6,1716,302.09,9277,265.14,Premium,9.8,1,1,0,0.103
2022-05-05,Camera,Electronics,South,6,2982,445.01,9252,894.0,Ocasional,6.3,4,2,0,0.113
2022-08-14,Laptop,Electronics,North,9,7497,2241.59,6000,271.15,Premium,6.3,12,3,0,0.142
2024-01-26,Headphones,Accessories,South,3,1026,142.71,9799,1090.92,Ocasional,9.6,7,1,0,0.036
2024-12-11,Laptop,Electronics,South,7,7392,2063.23,543,308.96,Ocasional,7.2,6,4,0,0.085
2024-06-23,Printer,Office,North,4,2604,271.22,6357,1346.5,Nuevo,8.4,5,2,0,0.006
2023-11-23,Smartwatch,Electronics,North,6,1746,289.2,866,58.79,Nuevo,7.1,10,4,0,0.015
2024-02-23,Headphones,Accessories,West,6,5682,1365.87,9389,792.56,Frecuente,8.6,14,1,0,0.055
2024-06-24,Mouse,Accessories,North,8,8664,2131.16,6963,493.76,Premium,6.8,11,2,0,0.102
2023-07-08,Tablet,Electronics,West,3,1887,363.42,9177,353.11,Frecuente,7.8,6,3,0,0.125
2024-10-29,Smartphone,Electronics,East,7,6013,1544.51,5845,717.97,Ocasional,8.1,6,4,0,0.038
2024-01-05,Smartwatch,Electronics,North,2,1578,463.58,1290,1266.19,Premium,7.3,2,1,0,0.112
2022-08-19,Camera,Electronics,South,3,285,38.37,752,1374.61,Frecuente,7.0,3,3,0,0.034
2023-01-27,Laptop,Electronics,West,6,5448,963.82,3687,468.81,Frecuente,6.6,4,1,1,0.001
2024-08-09,Printer,Office,East,2,1710,468.76,7562,248.28,Frecuente,8.8,6,3,1,0.008
2022-11-03,Keyboard,Accessories,West,9,2817,432.67,1934,1085.81,Ocasional,6.7,14,4,0,0.088
2022-04-09,Smartphone,Electronics,East,9,9117,1780.52,8595,881.36,Ocasional,7.2,13,2,0,0.075
2023-08-09,Smartwatch,Electronics,South,2,274,42.37,2775,317.5,Ocasional,7.3,2,3,0,0.041
2023-09-25,Keyboard,Accessories,South,6,6408,885.71,5215,1145.24,Nuevo,7.8,5,3,0,0.001
2022-05-16,Keyboard,Accessories,West,5,5755,1441.84,2429,788.02,Premium,8.8,1,2,0,0.085
2024-12-10,Tablet,Electronics,West,3,2262,245.66,4924,987.02,Premium,7.7,1,4,0,0.123
2024-05-30,Headphones,Accessories,East,7,1785,233.77,4795,551.82,Frecuente,9.5,6,2,0,0.01
2023-06-06,Printer,Office,North,8,5128,657.87,551,669.86,Ocasional,8.7,14,2,0,0.11
2024-01-04,Camera,Electronics,South,8,5176,1400.82,5894,286.91,Ocasional,9.4,3,1,1,0.095
2023-09-16,Keyboard,Accessories,North,5,1510,331.76,7973,1139.64,Premium,8.9,10,3,0,0.072
2023-03-17,Keyboard,Accessories,North,1,947,77.21,9394,252.38,Nuevo,6.6,6,1,1,0.007
2023-12-31,Smartphone,Electronics,North,9,5427,731.33,3641,1171.89,Frecuente,9.9,8,4,1,0.139
2022-04-09,Smartwatch,Electronics,South,4,4560,507.87,8865,1201.05,Frecuente,9.1,13,2,0,0.072
2023-05-03,Tablet,Electronics,South,6,2100,268.4,8848,1124.97,Ocasional,8.3,12,2,1,0.06
2024-05-10,Laptop,Electronics,North,1,1054,288.15,9889,48.75,Nuevo,6.7,12,2,1,0.129
2022-08-18,Smartwatch,Electronics,West,6,7026,1814.21,4044,424.24,Ocasional,6.7,6,3,0,0.127
2022-07-14,Camera,Electronics,North,9,513,151.87,8583,713.14,Nuevo,8.5,1,3,0,0.109
2024-04-29,Headphones,Accessories,South,2,2244,353.83,5868,901.41,Frecuente,7.7,14,2,1,0.124
2024-02-22,Smartphone,Electronics,North,5,1785,134.95,1053,1380.45,Ocasional,8.7,14,1,0,0.019
2023-06-24,Keyboard,Accessories,South,5,725,77.91,3068,575.9,Ocasional,7.5,13,2,0,0.114
2024-11-13,Smartphone,Electronics,North,4,2516,689.29,6884,1315.03,Ocasional,8.1,7,4,0,0.049
2023-05-29,Monitor,Accessories,East,8,6256,1152.99,2025,261.88,Frecuente,6.8,4,2,0,0.13
2023-06-11,Camera,Electronics,North,2,452,74.34,4629,569.5,Nuevo,6.6,3,2,0,0.056
2022-03-05,Laptop,Electronics,South,7,5285,1338.58,7861,97.38,Premium,6.3,6,1,1,0.008
2023-03-19,Smartphone,Electronics,North,6,4872,786.79,1922,1118.88,Frecuente,9.3,5,1,0,0.062
2023-08-22,Keyboard,Accessories,East,5,2495,164.56,5217,242.97,Nuevo,8.2,4,3,0,0.114
2022-02-19,Monitor,Accessories,West,1,442,82.73,2541,400.39,Nuevo,9.8,14,1,0,0.075
2024-09-17,Printer,Office,East,9,8595,1312.19,5596,1167.35,Nuevo,9.0,10,3,0,0.115
2022-04-08,Keyboard,Accessories,East,4,3528,411.5,2786,811.38,Nuevo,9.1,4,2,1,0.005
2024-06-10,Laptop,Electronics,North,7,7777,746.84,9671,40.68,Premium,8.0,9,2,0,0.027
2022-11-05,Smartwatch,Electronics,South,4,2008,451.68,1228,23.31,Nuevo,9.3,10,4,0,0.085
2022-05-03,Mouse,Accessories,North,2,596,41.37,9654,775.78,Frecuente,9.8,8,2,0,0.058
2024-12-25,Smartwatch,Electronics,East,9,4950,1402.67,8022,471.33,Ocasional,8.9,14,4,1,0.102
2024-06-16,Keyboard,Accessories,South,2,630,86.07,8628,286.86,Frecuente,6.4,14,2,1,0.144
2024-07-05,Camera,Electronics,North,6,6144,754.18,8589,928.12,Ocasional,8.6,7,3,0,0.099
2023-12-03,Monitor,Accessories,North,1,140,24.21,2282,358.09,Ocasional,6.5,7,4,0,0.063
2024-01-30,Headphones,Accessories,East,2,2014,215.06,9345,896.47,Ocasional,6.3,4,1,0,0.081
2024-08-06,Mouse,Accessories,West,2,384,99.02,6145,581.31,Frecuente,8.8,11,3,1,0.137
2022-01-18,Printer,Office,East,7,3780,351.51,9640,296.38,Frecuente,9.3,14,1,1,0.101
2023-02-28,Monitor,Accessories,West,7,5047,915.75,8842,224.4,Frecuente,6.6,10,1,0,0.12
2022-08-27,Headphones,Accessories,South,3,2658,175.89,6006,370.55,Premium,6.3,3,3,1,0.045
2023-10-14,Mouse,Accessories,West,8,528,53.91,4057,64.15,Ocasional,9.5,8,4,0,0.112
2022-06-23,Keyboard,Accessories,East,9,6507,1045.14,1614,476.03,Frecuente,6.5,12,2,0,0.021
2023-06-02,Camera,Electronics,South,7,5887,1035.5,1460,1354.89,Ocasional,6.1,1,2,0,0.112
2023-08-13,Headphones,Accessories,East,8,8224,1679.16,4202,1250.42,Premium,8.9,9,3,0,0.132
2022-03-12,Laptop,Electronics,South,3,723,115.25,8204,570.57,Frecuente,9.4,10,1,0,0.135
2023-06-03,Mouse,Accessories,North,2,2272,504.72,5300,872.23,Ocasional,8.1,8,2,0,0.017
2022-07-03,Keyboard,Accessories,East,9,8640,1963.34,5076,859.69,Frecuente,8.2,9,3,1,0.124
2023-09-14,Camera,Electronics,North,8,2984,631.81,2822,1246.53,Frecuente,7.3,13,3,1,0.016
2022-04-28,Smartphone,Electronics,East,2,606,150.95,5861,369.71,Frecuente,7.0,2,2,0,0.072
2022-04-08,Monitor,Accessories,West,2,170,48.69,6561,458.65,Frecuente,9.0,8,2,0,0.102
2022-03-21,Headphones,Accessories,East,9,5283,1550.3,9830,466.64,Ocasional,9.4,12,1,1,0.073
2023-02-27,Smartwatch,Electronics,West,6,1350,356.88,7429,80.49,Frecuente,7.3,12,1,0,0.051
2022-11-28,Headphones,Accessories,South,4,2500,467.34,6268,485.74,Frecuente,7.1,7,4,1,0.103
2022-02-11,Camera,Electronics,North,4,4648,689.85,9145,1319.31,Ocasional,7.1,14,1,0,0.099
2023-05-21,Printer,Office,North,5,650,93.41,4537,1369.74,Ocasional,6.2,5,2,0,0.087
2022-09-14,Monitor,Accessories,North,2,1538,97.15,9382,182.26,Ocasional,7.1,7,3,1,0.079
2024-06-15,Smartwatch,Electronics,East,4,3928,325.32,4014,697.93,Frecuente,6.1,12,2,0,0.106
2022-03-23,Headphones,Accessories,North,2,2258,175.86,1713,584.4,Nuevo,9.2,7,1,0,0.06
2022-06-09,Monitor,Accessories,West,9,2988,447.93,4467,744.25,Frecuente,7.0,5,2,0,0.01
2023-04-07,Headphones,Accessories,South,8,4136,810.82,1723,840.98,Frecuente,8.8,8,2,1,0.081
2023-10-22,Mouse,Accessories,South,7,3605,387.82,1624,49.98,Nuevo,8.2,9,4,1,0.109
2023-08-10,Smartwatch,Electronics,West,3,1656,469.28,8871,1266.52,Ocasional,9.3,14,3,0,0.045
2022-12-24,Printer,Office,West,8,7072,2113.06,8050,1461.02,Ocasional,9.8,9,4,0,0.021
2024-09-04,Keyboard,Accessories,South,8,5368,542.52,2601,987.04,Nuevo,7.5,3,3,0,0.137
2024-01-22,Laptop,Electronics,East,4,1356,374.79,8458,997.47,Premium,6.4,1,1,0,0.13
2024-06-26,Printer,Office,South,6,1326,338.66,1154,801.41,Ocasional,9.0,14,2,0,0.093
2024-10-26,Printer,Office,East,1,730,55.72,3201,514.72,Ocasional,6.1,6,4,0,0.118
2024-05-10,Headphones,Accessories,South,4,4664,294.05,7207,240.49,Frecuente,6.9,3,2,0,0.145
2023-12-04,Laptop,Electronics,North,8,3528,593.11,3386,884.41,Frecuente,6.2,4,4,0,0.085
2023-03-19,Mouse,Accessories,West,3,1497,190.59,7439,86.51,Premium,9.6,2,1,0,0.037
2023-04-21,Tablet,Electronics,North,3,2628,781.94,8806,1240.26,Nuevo,6.0,3,2,0,0.096
2022-11-12,Laptop,Electronics,West,4,4196,655.29,1127,642.95,Premium,8.0,11,4,0,0.137
2022-08-02,Monitor,Accessories,South,7,1204,317.12,727,633.84,Frecuente,7.7,10,3,0,0.104
2023-08-23,Printer,Office,West,7,7119,1555.05,9430,504.21,Ocasional,8.6,9,3,0,0.004
2024-05-12,Tablet,Electronics,West,8,1848,351.02,5444,1454.64,Ocasional,7.2,1,2,0,0.138
2024-05-24,Tablet,Electronics,South,4,2232,531.12,5311,278.88,Frecuente,9.5,10,2,0,0.113
2024-12-19,Mouse,Accessories,West,6,5190,898.86,4904,243.94,Ocasional,8.9,14,4,0,0.06
2022-01-28,Smartphone,Electronics,West,3,1830,403.42,4619,264.99,Ocasional,7.7,13,1,0,0.148
2022-01-29,Mouse,Accessories,West,1,1033,302.68,7056,994.62,Ocasional,7.4,6,1,0,0.108
2022-11-01,Smartwatch,Electronics,South,7,2324,611.7,6007,1488.01,Premium,9.3,9,4,0,0.124
2023-06-04,Keyboard,Accessories,North,2,1942,235.42,2052,368.5,Premium,9.0,5,2,0,0.141
2022-03-27,Printer,Office,South,7,5740,1615.9,6453,1360.31,Ocasional,7.6,13,1,0,0.006
2022-10-22,Smartwatch,Electronics,South,9,6435,1096.88,6849,432.35,Frecuente,7.4,13,4,0,0.116
2022-03-29,Mouse,Accessories,North,2,1168,172.18,1579,978.89,Ocasional,6.2,4,1,0,0.058
2022-08-26,Tablet,Electronics,South,9,7362,441.36,4078,79.94,Premium,6.3,7,3,0,0.13
2023-10-17,Smartwatch,Electronics,West,2,862,105.97,8009,753.57,Ocasional,6.2,4,4,1,0.132
2023-10-25,Mouse,Accessories,West,1,956,167.16,6377,988.76,Nuevo,6.1,9,4,0,0.124
2022-06-07,Smartphone,Electronics,West,7,4438,770.3,1795,813.75,Ocasional,6.6,5,2,1,0.117
2023-10-10,Keyboard,Accessories,East,9,972,100.0,880,372.0,Nuevo,9.4,10,4,0,0.119
2022-09-02,Keyboard,Accessories,West,2,1816,129.24,6021,1246.18,Nuevo,9.2,14,3,1,0.044
2023-04-25,Monitor,Accessories,East,4,596,105.89,4886,1455.8,Frecuente,9.4,13,2,1,0.061
2024-03-24,Mouse,Accessories,East,9,1233,346.9,9629,699.61,Frecuente,8.5,3,1,0,0.017
2023-01-09,Headphones,Accessories,West,1,1055,88.61,5461,961.16,Nuevo,8.5,2,1,0,0.125
2022-11-13,Tablet,Electronics,East,2,952,112.39,9349,1189.81,Nuevo,6.5,12,4,0,0.097
2023-03-04,Mouse,Accessories,West,1,312,40.47,2536,377.4,Nuevo,8.8,2,1,0,0.092
2022-02-12,Tablet,Electronics,South,2,294,35.05,4749,1299.39,Ocasional,7.1,6,1,0,0.037
2022-03-28,Smartwatch,Electronics,North,2,474,120.91,1826,434.7,Frecuente,8.1,14,1,1,0.092
2023-06-02,Camera,Electronics,East,2,788,195.15,5955,1168.23,Nuevo,9.8,7,2,1,0.068
2022-05-15,Mouse,Accessories,North,8,2760,156.53,2290,185.91,Nuevo,9.5,1,2,1,0.149
2023-10-14,Laptop,Electronics,North,4,908,219.79,5176,446.81,Ocasional,6.9,14,4,1,0.129
2022-10-17,Smartphone,Electronics,East,1,593,133.01,3769,809.76,Nuevo,8.9,10,4,1,0.079
2023-07-16,Headphones,Accessories,South,6,1698,193.42,2264,796.88,Ocasional,6.4,5,3,1,0.121
2024-09-23,Printer,Office,East,1,546,124.1,1419,1278.64,Nuevo,6.1,9,3,0,0.025
2022-08-11,Laptop,Electronics,West,5,4380,275.84,5364,1494.27,Premium,6.1,9,3,1,0.015
2023-06-11,Camera,Electronics,West,4,2472,594.62,9499,178.67,Nuevo,6.7,8,2,0,0.095
2024-04-01,Smartphone,Electronics,East,4,1996,396.63,2388,421.65,Premium,8.8,14,2,0,0.109
2024-12-25,Camera,Electronics,West,5,2525,699.74,4347,549.25,Frecuente,7.5,12,4,0,0.008
2022-07-05,Headphones,Accessories,West,9,4041,517.23,2633,728.8,Premium,6.1,4,3,0,0.03
2024-07-16,Keyboard,Accessories,South,3,858,246.86,8185,750.99,Frecuente,10.0,14,3,1,0.081
2022-12-14,Keyboard,Accessories,North,9,4221,1238.6,4441,1287.17,Frecuente,8.1,14,4,0,0.009
2023-02-16,Tablet,Electronics,East,2,858,73.49,9756,1160.43,Nuevo,7.6,1,1,0,0.064
2024-12-05,Keyboard,Accessories,North,1,776,172.19,2829,47.9,Ocasional,8.1,5,4,0,0.072
2023-08-23,Laptop,Electronics,North,7,3654,871.81,1266,693.43,Nuevo,8.1,9,3,0,0.138
2024-02-14,Headphones,Accessories,East,3,384,45.99,6033,934.75,Frecuente,7.9,13,1,0,0.047
2023-09-16,Printer,Office,West,5,535,43.47,6690,701.39,Premium,8.5,11,3,0,0.025
2022-11-26,Headphones,Accessories,North,9,7992,1979.53,9912,213.35,Ocasional,9.5,9,4,0,0.001
2024-07-04,Mouse,Accessories,North,7,3892,350.57,8778,608.26,Ocasional,7.2,5,3,0,0.018
2024-02-26,Tablet,Electronics,East,3,2637,468.6,8899,629.25,Ocasional,7.9,2,1,0,0.113
2024-02-12,Mouse,Accessories,South,8,8664,2349.68,6525,297.82,Ocasional,6.0,13,1,0,0.067
2023-10-03,Smartwatch,Electronics,South,6,918,116.87,3918,1139.33,Ocasional,9.4,8,4,0,0.03
2024-01-17,Monitor,Accessories,West,5,5625,1006.95,4575,495.67,Ocasional,7.2,7,1,1,0.14
2023-06-02,Tablet,Electronics,West,6,6030,511.7,1770,891.7,Nuevo,7.1,14,2,1,0.118
2022-04-22,Printer,Office,West,8,432,98.44,4595,783.28,Ocasional,10.0,3,2,1,0.017
2024-02-21,Laptop,Electronics,South,6,1884,190.58,3962,1318.59,Ocasional,8.3,4,1,0,0.04
2023-02-21,Laptop,Electronics,East,9,9225,2526.27,841,200.58,Frecuente,6.5,12,1,0,0.127
2022-08-04,Printer,Office,North,2,954,71.0,2442,189.11,Premium,7.1,4,3,1,0.104
2023-02-07,Smartwatch,Electronics,West,8,7072,1983.42,5578,464.47,Frecuente,7.4,14,1,1,0.142
2024-08-07,Smartphone,Electronics,North,3,342,89.67,4008,658.2,Ocasional,9.9,13,3,0,0.011
2023-02-05,Printer,Office,South,4,2440,410.86,9938,461.84,Ocasional,7.7,2,1,0,0.116
2024-01-22,Mouse,Accessories,South,5,510,82.47,5046,1149.52,Frecuente,6.9,7,1,0,0.011
2023-10-12,Smartphone,Electronics,South,1,192,16.47,9607,382.99,Ocasional,8.3,11,4,0,0.05
2023-09-26,Mouse,Accessories,East,5,3600,712.3,6776,145.47,Frecuente,7.6,7,3,1,0.113
2024-06-01,Camera,Electronics,West,7,2597,766.32,883,632.42,Frecuente,6.2,4,2,1,0.107
2023-08-12,Camera,Electronics,East,4,772,215.62,2432,1164.6,Nuevo,9.4,1,3,1,0.0
2023-08-06,Mouse,Accessories,West,2,646,180.5,7205,1278.83,Frecuente,6.1,1,3,0,0.03
2024-03-29,Smartphone,Electronics,East,7,2947,809.46,5678,1105.35,Frecuente,9.6,3,1,0,0.117
2023-02-21,Laptop,Electronics,South,5,880,255.9,3366,845.67,Frecuente,9.2,4,1,1,0.019
2022-02-11,Camera,Electronics,West,3,1038,219.69,5459,1091.8,Frecuente,6.3,5,1,0,0.049
2024-08-05,Printer,Office,West,1,714,209.69,9078,1028.46,Ocasional,8.9,12,3,0,0.028
2023-08-04,Laptop,Electronics,South,4,1792,506.56,4192,366.86,Nuevo,9.1,8,3,0,0.017
2022-08-21,Headphones,Accessories,East,6,5874,1386.51,928,835.12,Ocasional,8.4,2,3,0,0.125
2023-08-13,Smartwatch,Electronics,East,6,2496,332.08,3454,1160.5,Ocasional,8.3,2,3,0,0.009
2023-12-13,Smartwatch,Electronics,West,3,795,60.34,9390,489.34,Frecuente,6.2,2,4,1,0.08
2023-01-26,Smartphone,Electronics,East,7,7238,1597.03,7736,987.88,Ocasional,6.2,5,1,0,0.104
2023-08-27,Tablet,Electronics,South,1,430,83.33,8456,732.59,Frecuente,8.9,11,3,0,0.009
2022-01-10,Headphones,Accessories,West,4,1728,239.64,9160,764.68,Premium,6.4,1,1,0,0.095
2022-04-07,Monitor,Accessories,South,3,1833,314.79,1616,153.28,Nuevo,7.0,6,2,0,0.05
2023-10-23,Monitor,Accessories,North,7,7280,1682.79,3185,1006.0,Frecuente,8.0,7,4,0,0.125
2024-03-01,Smartwatch,Electronics,South,1,814,197.91,1068,1301.22,Frecuente,6.7,3,1,0,0.12
2023-03-06,Printer,Office,South,8,4696,410.03,544,229.32,Premium,9.2,1,1,1,0.119
2023-07-27,Mouse,Accessories,South,5,1190,235.64,8429,561.84,Ocasional,9.2,4,3,0,0.06
2024-01-16,Printer,Office,East,1,591,39.06,9400,92.03,Frecuente,9.4,3,1,0,0.123
2023-11-29,Mouse,Accessories,North,9,8100,2203.56,1979,63.86,Frecuente,6.2,12,4,0,0.094
2024-04-06,Laptop,Electronics,South,6,1500,183.31,7360,1484.69,Ocasional,7.7,13,2,0,0.057
2024-07-26,Smartwatch,Electronics,North,2,300,48.69,5581,750.34,Frecuente,9.4,9,3,0,0.012
2023-05-31,Smartwatch,Electronics,North,9,1098,106.97,1157,546.17,Nuevo,7.5,11,2,0,0.01
2024-05-28,Monitor,Accessories,West,4,2336,509.49,9199,426.82,Frecuente,8.8,11,2,0,0.038
2022-10-05,Camera,Electronics,North,5,410,40.96,8776,1470.42,Ocasional,8.4,13,4,0,0.045
2023-10-09,Mouse,Accessories,South,9,594,51.49,5890,393.33,Nuevo,7.4,2,4,0,0.139
2023-09-20,Smartwatch,Electronics,East,2,218,38.93,7224,1094.05,Ocasional,7.1,14,3,0,0.15
2023-03-25,Tablet,Electronics,South,2,1298,123.9,4273,439.96,Ocasional,8.6,7,1,0,0.022
2024-03-28,Tablet,Electronics,North,5,895,180.64,8031,124.32,Frecuente,6.5,8,1,0,0.141
2023-07-31,Keyboard,Accessories,West,4,2828,539.43,4727,1031.25,Ocasional,9.4,12,3,0,0.106
2023-11-15,Tablet,Electronics,West,3,813,188.94,9897,22.41,Nuevo,8.3,7,4,0,0.075
2024-06-19,Monitor,Accessories,West,4,1800,170.19,1099,1020.11,Ocasional,6.4,4,2,1,0.143
2024-07-24,Tablet,Electronics,West,1,99,12.79,2135,390.56,Nuevo,8.8,1,3,0,0.107
2022-09-15,Headphones,Accessories,West,8,7576,1703.42,9703,1124.23,Ocasional,7.7,3,3,1,0.089
2024-01-24,Smartwatch,Electronics,East,3,1317,71.02,3243,1159.23,Ocasional,6.8,2,1,0,0.031
2024-03-21,Smartwatch,Electronics,West,3,957,120.27,3451,1091.68,Frecuente,9.8,6,1,0,0.037
2022-01-17,Mouse,Accessories,South,4,1316,244.13,8017,56.24,Ocasional,8.9,11,1,0,0.137
2024-12-20,Headphones,Accessories,South,6,5346,351.93,2298,1061.53,Nuevo,8.4,5,4,0,0.032
2023-03-07,Smartphone,Electronics,East,1,464,66.26,5378,1485.42,Ocasional,9.4,9,1,1,0.005
2022-09-28,Keyboard,Accessories,North,7,3752,835.34,3217,379.09,Frecuente,8.2,3,3,1,0.04
2024-07-01,Keyboard,Accessories,West,6,1962,301.57,2380,425.87,Ocasional,7.8,9,3,1,0.072
2024-11-27,Smartphone,Electronics,South,6,2310,202.98,9661,1224.02,Ocasional,6.8,14,4,0,0.057
2023-03-01,Tablet,Electronics,East,4,3028,685.23,2399,257.39,Nuevo,6.6,5,1,1,0.14
2023-07-22,Monitor,Accessories,North,3,2994,877.92,1395,997.66,Frecuente,7.7,7,3,0,0.063
2024-06-18,Tablet,Electronics,South,3,3393,313.45,6902,1137.44,Premium,7.8,14,2,1,0.133
2024-11-08,Camera,Electronics,North,3,1209,320.61,8739,75.0,Frecuente,8.9,9,4,0,0.089
2022-11-18,Keyboard,Accessories,East,8,5784,1276.57,1711,839.57,Premium,7.8,6,4,1,0.079
2022-03-10,Laptop,Electronics,West,9,3078,285.05,7224,872.3,Nuevo,8.4,2,1,0,0.024
2024-01-18,Printer,Office,South,4,2464,602.3,5637,469.1,Frecuente,9.3,14,1,0,0.041
2024-12-14,Camera,Electronics,West,5,2445,146.6,8385,1316.99,Ocasional,10.0,9,4,1,0.13
2023-02-24,Keyboard,Accessories,North,8,5312,841.13,1706,260.87,Frecuente,7.3,1,1,0,0.117
2022-03-31,Keyboard,Accessories,South,1,657,101.85,9771,559.01,Frecuente,9.6,8,1,1,0.067
2024-05-17,Keyboard,Accessories,South,3,2580,173.89,6381,1276.03,Nuevo,9.2,14,2,0,0.136
2022-10-05,Laptop,Electronics,East,8,4624,893.74,8500,302.15,Frecuente,6.3,14,4,0,0.123
2023-11-22,Smartwatch,Electronics,North,2,1258,146.7,3938,1235.63,Premium,7.3,3,4,1,0.017
2024-07-28,Camera,Electronics,East,7,6468,398.23,9462,137.02,Frecuente,6.9,6,3,0,0.091
2023-05-24,Monitor,Accessories,West,3,1359,152.85,6450,744.06,Nuevo,8.7,14,2,1,0.12
2024-11-28,Laptop,Electronics,North,1,104,18.67,1705,131.49,Nuevo,8.2,11,4,0,0.121
2023-03-01,Headphones,Accessories,South,3,1785,93.17,9267,1023.3,Frecuente,8.0,8,1,0,0.014
2022-06-04,Monitor,Accessories,North,8,7728,1748.26,8059,1190.09,Ocasional,9.1,5,2,0,0.034
2023-05-27,Smartphone,Electronics,West,6,4188,1231.16,3351,1277.79,Premium,7.3,11,2,0,0.062
2022-06-25,Smartwatch,Electronics,South,8,3520,359.84,5683,1472.27,Ocasional,7.5,9,2,1,0.038
2023-08-12,Camera,Electronics,East,3,2280,365.17,4186,1014.58,Premium,9.5,8,3,1,0.016
2024-07-09,Printer,Office,North,9,2484,655.54,5663,1158.21,Ocasional,9.9,13,3,0,0.094
2024-04-17,Tablet,Electronics,West,3,1248,348.19,9671,768.52,Nuevo,9.1,6,2,0,0.076
2023-12-12,Smartwatch,Electronics,West,2,850,59.92,9039,1370.85,Frecuente,6.9,9,4,0,0.023
2022-01-07,Printer,Office,East,4,1412,150.13,2547,972.76,Frecuente,6.5,1,1,0,0.088
2022-05-30,Headphones,Accessories,North,1,465,26.5,9732,1327.66,Premium,6.8,10,2,1,0.009
2024-05-28,Printer,Office,West,1,293,29.58,4660,368.47,Frecuente,7.7,8,2,0,0.057
2022-01-01,Tablet,Electronics,North,9,9234,2523.67,7195,755.17,Premium,6.9,13,1,0,0.119
2022-12-01,Tablet,Electronics,North,2,1298,239.45,7760,1100.13,Frecuente,9.6,5,4,0,0.134
2024-08-07,Printer,Office,East,9,9477,2443.62,5087,320.03,Nuevo,8.7,13,3,0,0.037
2024-05-29,Printer,Office,South,7,6713,457.99,4838,332.78,Premium,7.7,9,2,1,0.129
2022-04-25,Laptop,Electronics,South,5,5700,999.26,4835,1467.5,Nuevo,7.1,3,2,0,0.134
2024-07-29,Camera,Electronics,West,6,4146,700.46,8694,663.22,Premium,7.5,3,3,0,0.091
2023-10-11,Tablet,Electronics,North,8,6968,704.55,4170,289.09,Ocasional,7.9,3,4,0,0.147
2024-09-09,Camera,Electronics,East,2,1054,243.5,3159,510.57,Frecuente,8.9,5,3,0,0.037
2022-03-15,Keyboard,Accessories,West,3,1983,453.09,3935,608.12,Nuevo,6.4,8,1,0,0.01
2023-10-26,Keyboard,Accessories,South,5,875,70.72,2351,942.17,Frecuente,9.4,13,4,1,0.127
2023-09-25,Printer,Office,North,2,268,63.01,4219,1386.06,Frecuente,6.5,14,3,0,0.074
2024-07-17,Headphones,Accessories,West,6,5370,1045.1,1583,1480.15,Ocasional,7.0,10,3,0,0.052
2024-01-10,Monitor,Accessories,West,8,3624,1071.43,1352,984.51,Ocasional,10.0,7,1,0,0.008
2024-09-22,Smartwatch,Electronics,West,4,1932,301.16,7376,1055.89,Ocasional,6.8,9,3,1,0.01
2022-09-05,Smartphone,Electronics,North,7,6020,384.74,1235,496.31,Premium,6.4,5,3,0,0.014
2024-05-02,Headphones,Accessories,East,5,1775,234.67,5897,1288.59,Frecuente,8.6,4,2,0,0.028
2023-03-09,Smartwatch,Electronics,West,3,1488,382.09,7908,342.34,Ocasional,7.6,8,1,1,0.146
2024-09-21,Keyboard,Accessories,East,6,6720,1113.56,7382,177.44,Ocasional,6.4,12,3,0,0.042
2022-04-06,Mouse,Accessories,East,7,5047,1356.23,4737,1460.42,Ocasional,6.0,1,2,1,0.123
2022-03-07,Tablet,Electronics,East,5,3735,957.13,2339,1298.93,Frecuente,6.3,2,1,1,0.003
2024-02-26,Keyboard,Accessories,East,5,1250,120.74,9341,469.39,Frecuente,8.1,3,1,1,0.048
2022-01-11,Tablet,Electronics,North,7,2751,548.05,8434,1019.25,Nuevo,6.9,3,1,0,0.136
2023-07-14,Laptop,Electronics,East,9,468,58.98,6316,711.19,Ocasional,9.1,3,3,0,0.028
2023-07-06,Printer,Office,North,4,632,114.82,1324,498.23,Premium,9.4,2,3,1,0.043
2022-09-15,Keyboard,Accessories,South,7,798,219.2,834,444.43,Nuevo,6.6,1,3,0,0.124
2022-01-28,Smartwatch,Electronics,South,5,1295,104.26,3494,221.32,Ocasional,7.3,5,1,0,0.018
2024-12-10,Camera,Electronics,West,4,3360,540.38,1996,832.99,Frecuente,6.6,11,4,0,0.008
2023-06-11,Camera,Electronics,North,5,995,206.95,8673,680.96,Frecuente,7.1,3,2,0,0.145
2024-12-20,Smartwatch,Electronics,East,5,550,28.72,2455,778.04,Ocasional,7.0,5,4,0,0.061
2023-02-27,Monitor,Accessories,West,8,5384,724.8,3185,338.73,Frecuente,9.1,14,1,1,0.099
2023-11-19,Printer,Office,East,3,3534,489.06,9769,1409.14,Ocasional,7.4,3,4,0,0.019
2024-02-20,Smartphone,Electronics,West,9,6813,890.05,8273,965.11,Ocasional,8.0,14,1,0,0.033
2023-11-27,Smartwatch,Electronics,East,6,5508,1632.37,2577,1351.41,Frecuente,8.7,8,4,1,0.069
2022-01-27,Headphones,Accessories,East,1,966,202.53,4143,181.72,Nuevo,9.3,11,1,0,0.101
2024-07-04,Mouse,Accessories,South,4,460,92.24,5399,941.82,Frecuente,7.2,5,3,0,0.044
2023-06-26,Smartphone,Electronics,North,6,7026,459.4,6810,1277.2,Frecuente,6.8,5,2,0,0.133
2024-05-24,Smartphone,Electronics,South,5,910,116.47,9393,509.76,Ocasional,9.9,6,2,0,0.117
2022-08-22,Monitor,Accessories,West,9,5796,1729.18,8775,308.81,Ocasional,7.3,2,3,0,0.083
2022-09-28,Monitor,Accessories,North,3,1050,292.64,9783,412.23,Frecuente,8.7,5,3,0,0.069
2024-05-28,Mouse,Accessories,West,1,1043,151.13,886,423.94,Ocasional,8.7,13,2,0,0.093
2022-10-08,Printer,Office,South,3,3330,503.85,2745,681.85,Nuevo,8.1,1,4,0,0.11
2022-01-19,Mouse,Accessories,East,8,1896,448.53,5848,502.43,Ocasional,6.9,9,1,0,0.02
2023-04-29,Camera,Electronics,West,5,5170,1248.66,966,421.49,Ocasional,6.6,10,2,0,0.128
2023-04-24,Printer,Office,North,2,466,25.04,3875,979.8,Frecuente,7.9,2,2,0,0.073
2023-06-15,Mouse,Accessories,North,8,6032,1636.61,1959,98.49,Frecuente,8.0,2,2,0,0.14
2023-03-22,Camera,Electronics,South,1,1084,103.06,9362,523.74,Ocasional,9.1,8,1,0,0.143
2023-09-20,Keyboard,Accessories,North,2,490,45.34,1101,1040.83,Premium,8.8,4,3,1,0.005
2022-06-30,Monitor,Accessories,North,6,558,57.01,1909,280.26,Ocasional,9.6,14,2,0,0.058
2024-02-18,Monitor,Accessories,East,4,4024,787.06,2353,346.97,Frecuente,9.9,3,1,1,0.079
2023-02-02,Mouse,Accessories,East,4,1560,461.15,1911,316.99,Frecuente,8.9,2,1,0,0.081
2024-03-08,Laptop,Electronics,North,1,126,26.62,5901,21.37,Frecuente,6.3,5,1,0,0.123
2023-10-08,Mouse,Accessories,South,7,4921,827.87,3961,721.18,Frecuente,7.6,5,4,0,0.021
2023-10-10,Headphones,Accessories,West,5,2665,532.76,9168,77.66,Frecuente,8.4,3,4,0,0.093
2023-04-05,Headphones,Accessories,South,4,200,58.42,2977,423.95,Ocasional,8.4,10,2,0,0.141
2024-08-01,Smartwatch,Electronics,East,2,186,32.48,5603,1492.31,Ocasional,6.7,5,3,1,0.15
2024-10-12,Monitor,Accessories,South,8,5456,898.06,6770,1379.23,Frecuente,8.3,8,4,1,0.002
2022-07-29,Smartwatch,Electronics,West,9,3321,540.67,6446,338.31,Frecuente,7.4,4,3,1,0.146
2024-02-13,Headphones,Accessories,North,7,3766,914.49,8065,478.8,Ocasional,7.4,2,1,1,0.018
2022-05-07,Keyboard,Accessories,West,6,3150,498.63,2417,706.28,Premium,9.3,1,2,0,0.081
2022-05-19,Laptop,Electronics,East,2,646,110.13,5320,1269.73,Ocasional,7.7,1,2,0,0.037
2022-08-12,Smartphone,Electronics,South,5,2665,369.73,8105,1207.92,Ocasional,8.1,13,3,0,0.091
2023-10-13,Smartwatch,Electronics,North,9,1467,384.22,8698,206.84,Ocasional,8.3,4,4,0,0.006
2024-07-05,Tablet,Electronics,North,7,4620,990.79,6368,204.18,Nuevo,8.3,5,3,1,0.036
2023-03-17,Tablet,Electronics,West,8,1184,148.69,6692,636.76,Ocasional,6.9,9,1,0,0.045
2023-11-01,Camera,Electronics,East,1,113,20.07,8709,1307.74,Nuevo,8.4,2,4,0,0.137
2024-10-02,Printer,Office,East,8,3336,492.76,6436,1325.49,Nuevo,7.3,9,4,0,0.088
2023-04-09,Smartphone,Electronics,South,4,4224,477.33,9514,178.9,Frecuente,8.6,8,2,1,0.106
2022-07-09,Headphones,Accessories,North,3,1098,144.24,1712,869.96,Frecuente,6.6,12,3,0,0.101
2024-03-10,Camera,Electronics,South,8,4400,351.82,3805,250.4,Frecuente,10.0,2,1,1,0.059
2022-05-08,Printer,Office,North,8,5616,723.42,1565,1035.47,Frecuente,9.1,1,2,0,0.002
2024-03-02,Printer,Office,North,7,4676,520.38,1360,1376.32,Ocasional,7.7,11,1,0,0.016
2022-07-19,Smartwatch,Electronics,North,2,2370,641.23,4983,693.06,Frecuente,7.2,6,3,0,0.069
2023-01-24,Mouse,Accessories,West,7,4487,688.76,2646,142.96,Frecuente,7.6,1,1,1,0.141
2024-10-01,Camera,Electronics,North,6,6384,1754.15,4367,877.3,Frecuente,8.9,8,4,1,0.037
2023-03-30,Keyboard,Accessories,South,8,2960,878.11,4659,624.6,Ocasional,8.6,7,1,0,0.105
2022-03-24,Smartwatch,Electronics,East,1,897,250.78,6398,1220.13,Ocasional,8.8,14,1,0,0.124
2023-03-25,Smartphone,Electronics,East,2,1178,120.51,9484,523.71,Nuevo,9.6,14,1,0,0.136
2023-01-20,Smartwatch,Electronics,East,2,1026,64.51,8569,1314.85,Frecuente,7.8,8,1,0,0.044
2022-05-22,Printer,Office,South,1,1148,89.04,4093,425.08,Frecuente,8.7,3,2,0,0.14
2023-02-15,Printer,Office,West,7,3185,765.41,3593,253.13,Nuevo,7.8,11,1,0,0.091
2022-03-03,Smartphone,Electronics,East,7,5180,463.35,7822,473.59,Ocasional,8.6,3,1,0,0.076
2022-11-02,Headphones,Accessories,South,5,2025,295.13,1674,71.68,Ocasional,7.9,12,4,1,0.117
2024-12-24,Tablet,Electronics,North,9,1359,187.72,5634,436.24,Ocasional,9.1,9,4,1,0.036
2023-03-30,Camera,Electronics,South,4,1836,462.52,4518,996.97,Premium,6.0,5,1,1,0.122
2022-12-03,Tablet,Electronics,West,2,702,112.04,2236,230.58,Nuevo,6.9,14,4,1,0.097
2024-12-07,Smartphone,Electronics,West,8,6576,1337.38,6356,184.82,Ocasional,7.2,8,4,1,0.12
2024-03-07,Smartwatch,Electronics,West,2,1428,398.24,3546,215.93,Ocasional,9.8,6,1,0,0.128
2023-01-08,Camera,Electronics,North,7,6853,1259.03,2263,134.78,Ocasional,8.0,3,1,0,0.093
2022-05-16,Camera,Electronics,West,2,1492,276.56,6705,1314.46,Frecuente,7.5,10,2,0,0.006
2024-04-29,Printer,Office,North,6,1938,146.73,2154,1417.29,Frecuente,7.6,4,2,1,0.045
2023-01-08,Camera,Electronics,South,5,905,70.91,6892,88.91,Ocasional,7.8,3,1,0,0.132
2022-02-25,Printer,Office,North,3,2571,510.01,2039,1144.91,Ocasional,9.5,2,1,0,0.094
2024-04-08,Tablet,Electronics,West,4,1500,127.81,4630,1110.98,Premium,9.8,9,2,0,0.134
2023-03-17,Smartwatch,Electronics,South,9,8712,1034.27,8175,1495.43,Frecuente,9.4,13,1,0,0.058
2024-07-23,Monitor,Accessories,East,4,1308,368.28,2672,534.85,Nuevo,9.4,4,3,0,0.076
2024-03-06,Smartphone,Electronics,South,4,2648,707.32,7792,442.55,Frecuente,6.8,4,1,1,0.129
2022-03-18,Camera,Electronics,South,9,9810,1666.96,7358,690.56,Frecuente,7.1,9,1,0,0.114
2024-05-03,Headphones,Accessories,North,3,3291,274.1,9075,1287.73,Ocasional,8.4,3,2,1,0.057
2022-09-22,Smartwatch,Electronics,North,1,758,96.44,2104,1098.32,Ocasional,8.6,2,3,0,0.003
2022-09-29,Keyboard,Accessories,East,7,2436,715.14,7293,718.0,Ocasional,6.8,9,3,1,0.132
2024-06-01,Smartwatch,Electronics,North,7,560,163.16,9398,381.95,Nuevo,9.0,8,2,0,0.118
2022-10-20,Smartphone,Electronics,West,8,4240,519.72,7748,1095.98,Premium,6.8,1,4,0,0.067
2024-09-05,Monitor,Accessories,East,8,5416,403.52,2285,1284.7,Nuevo,7.1,4,3,1,0.082
2023-07-16,Smartphone,Electronics,East,8,1728,477.7,8310,611.93,Nuevo,7.2,3,3,1,0.031
2023-07-15,Keyboard,Accessories,West,9,6309,801.15,1519,1009.51,Ocasional,9.4,10,3,1,0.062
2023-08-08,Keyboard,Accessories,North,8,3400,758.57,6094,612.31,Ocasional,8.9,10,3,1,0.024
2022-04-29,Laptop,Electronics,East,1,403,72.45,5227,728.17,Frecuente,8.1,11,2,0,0.032
2022-12-17,Keyboard,Accessories,South,4,2108,375.62,5545,796.87,Frecuente,9.3,2,4,0,0.127
2022-09-30,Headphones,Accessories,West,2,1090,296.12,5435,1168.07,Frecuente,9.3,12,3,0,0.054
2022-11-06,Keyboard,Accessories,North,7,1274,317.92,799,1466.71,Premium,7.6,3,4,1,0.122
2024-04-11,Mouse,Accessories,South,3,1056,70.54,5327,677.66,Nuevo,9.1,14,2,1,0.071
2023-06-01,Mouse,Accessories,North,9,5247,921.09,9399,526.63,Frecuente,6.8,13,2,1,0.011
2023-11-06,Mouse,Accessories,West,7,6006,1595.22,4648,572.91,Ocasional,8.0,7,4,1,0.054
2024-01-18,Monitor,Accessories,West,5,5415,1261.65,3130,218.16,Frecuente,6.5,11,1,0,0.024
2022-02-24,Smartphone,Electronics,West,1,632,81.54,9950,459.47,Frecuente,7.7,10,1,0,0.104
2024-01-31,Printer,Office,West,8,6160,947.96,1440,147.94,Frecuente,8.1,11,1,0,0.137
2023-05-26,Printer,Office,South,1,857,172.91,5119,653.28,Frecuente,6.3,1,2,0,0.114
2023-01-28,Tablet,Electronics,East,1,169,22.99,5369,267.69,Ocasional,7.9,2,1,1,0.117
2023-10-01,Tablet,Electronics,West,7,1463,175.13,5040,532.68,Nuevo,8.6,13,4,0,0.129
2022-12-18,Camera,Electronics,East,8,7528,1283.07,9256,1194.5,Frecuente,8.5,11,4,1,0.116
2022-12-24,Smartwatch,Electronics,West,2,1158,227.61,4506,383.97,Nuevo,6.2,9,4,0,0.085
2022-06-17,Monitor,Accessories,West,4,200,20.25,9746,925.6,Ocasional,6.4,5,2,0,0.107
2023-01-01,Smartphone,Electronics,West,2,1514,180.67,1134,1353.75,Ocasional,7.4,6,1,1,0.062
2024-07-07,Smartwatch,Electronics,South,7,2632,738.93,7472,859.06,Frecuente,9.4,6,3,0,0.011
2022-07-31,Keyboard,Accessories,North,1,358,77.84,6133,306.81,Premium,9.5,7,3,1,0.106
2023-06-04,Camera,Electronics,East,8,2360,653.3,2785,530.25,Nuevo,7.2,9,2,0,0.108
2023-08-29,Keyboard,Accessories,South,5,5275,594.29,2665,893.75,Ocasional,8.9,11,3,0,0.034
2023-04-06,Monitor,Accessories,East,9,1719,251.85,7336,769.78,Frecuente,8.3,6,2,0,0.143
2023-02-04,Smartphone,Electronics,West,6,1956,434.03,6557,239.96,Ocasional,9.9,12,1,0,0.008
2022-08-27,Keyboard,Accessories,West,3,1875,152.07,6306,681.26,Frecuente,6.4,2,3,1,0.11
2022-06-13,Monitor,Accessories,South,4,984,157.72,982,823.74,Ocasional,8.2,12,2,1,0.145
2023-08-20,Camera,Electronics,South,4,3616,789.63,6179,415.65,Frecuente,8.4,10,3,1,0.046
2024-10-18,Tablet,Electronics,West,5,4560,1180.8,9823,926.42,Nuevo,7.2,8,4,0,0.137
2024-09-14,Smartphone,Electronics,West,8,7496,2019.32,664,123.84,Frecuente,6.2,6,3,1,0.124
2022-08-17,Camera,Electronics,North,5,5070,889.97,4955,518.18,Premium,6.2,6,3,0,0.112
2022-04-21,Smartwatch,Electronics,North,5,4505,1351.28,5196,1210.33,Ocasional,7.8,6,2,0,0.143
2022-01-13,Tablet,Electronics,South,2,1916,503.83,9019,403.74,Frecuente,8.8,14,1,1,0.098
2024-08-28,Camera,Electronics,West,7,8113,1103.57,3187,915.66,Nuevo,8.8,1,3,1,0.074
2022-08-13,Laptop,Electronics,North,9,1809,392.44,5017,626.84,Ocasional,6.7,9,3,1,0.101
2023-09-01,Laptop,Electronics,South,3,1227,229.75,7313,488.36,Frecuente,9.4,14,3,1,0.062
2023-07-20,Laptop,Electronics,South,6,2040,124.65,1073,1375.87,Frecuente,7.5,8,3,0,0.049
2022-12-22,Tablet,Electronics,West,6,6324,629.2,8110,528.03,Nuevo,9.9,9,4,0,0.012
2023-03-25,Printer,Office,North,3,2724,521.24,8311,370.28,Ocasional,6.5,9,1,0,0.057
2023-05-14,Laptop,Electronics,South,1,1188,110.32,7336,1365.77,Nuevo,9.3,8,2,0,0.12
2024-01-23,Keyboard,Accessories,East,8,8776,1561.07,6657,1124.0,Premium,9.6,9,1,0,0.142
2023-03-25,Laptop,Electronics,South,9,5553,1432.76,7602,1029.06,Nuevo,9.3,13,1,0,0.146
2022-08-27,Smartphone,Electronics,South,2,970,262.19,7926,93.31,Ocasional,9.2,10,3,0,0.031
2022-07-15,Keyboard,Accessories,South,5,940,56.7,9082,214.18,Ocasional,7.4,12,3,0,0.086
2024-07-08,Printer,Office,East,1,1175,171.51,4567,964.74,Frecuente,8.9,8,3,1,0.086
2022-11-07,Laptop,Electronics,East,9,4860,1425.54,4832,329.96,Premium,8.3,11,4,0,0.026
2022-10-18,Headphones,Accessories,North,1,987,207.69,6560,353.94,Nuevo,7.7,13,4,0,0.087
2024-05-17,Camera,Electronics,East,7,2968,485.13,2334,1173.13,Nuevo,10.0,3,2,0,0.054
2022-03-09,Mouse,Accessories,East,3,2172,364.77,8634,443.17,Frecuente,7.2,13,1,0,0.141
2022-01-01,Headphones,Accessories,South,7,3941,628.96,7819,125.95,Nuevo,7.7,10,1,0,0.038
2022-06-22,Headphones,Accessories,North,7,2261,566.36,6495,73.92,Frecuente,9.6,7,2,0,0.125
2022-07-15,Smartwatch,Electronics,West,9,8802,2519.93,3365,675.9,Frecuente,7.2,11,3,1,0.135
2023-03-15,Printer,Office,South,5,3025,172.43,3802,933.35,Premium,6.6,3,1,1,0.11
2022-01-16,Printer,Office,North,4,4428,600.55,4632,1305.95,Frecuente,7.2,10,1,0,0.032
2024-10-28,Mouse,Accessories,West,9,7344,1417.84,6794,183.99,Premium,9.0,9,4,0,0.039
2024-08-23,Keyboard,Accessories,East,4,2236,167.78,7891,311.08,Frecuente,9.4,13,3,0,0.146
2024-11-24,Smartphone,Electronics,South,8,536,57.08,6882,804.1,Premium,6.5,9,4,0,0.011
2024-10-20,Monitor,Accessories,North,5,1980,249.22,9334,558.88,Ocasional,8.5,8,4,0,0.018
2022-01-26,Printer,Office,East,6,2100,202.86,9625,734.16,Ocasional,8.3,8,1,1,0.147
2023-04-16,Smartwatch,Electronics,West,3,1497,122.76,7196,1387.7,Ocasional,8.7,8,2,0,0.117
2024-07-18,Laptop,Electronics,North,6,4200,1013.7,4023,826.44,Frecuente,8.7,13,3,0,0.112
2022-11-21,Headphones,Accessories,South,2,1242,191.82,6191,634.38,Ocasional,9.8,11,4,1,0.024
2022-11-29,Smartwatch,Electronics,South,5,1570,312.81,4538,1484.37,Frecuente,7.4,2,4,0,0.073
2023-07-01,Monitor,Accessories,East,4,428,86.62,6476,116.52,Ocasional,7.2,8,3,0,0.126
2023-02-02,Printer,Office,South,1,914,270.74,8215,1399.53,Ocasional,8.3,5,1,0,0.049
2024-12-13,Tablet,Electronics,North,3,465,98.93,4008,762.46,Frecuente,7.7,3,4,0,0.029
2022-08-27,Smartwatch,Electronics,North,2,1062,83.49,5304,765.56,Premium,7.9,13,3,0,0.002
2022-05-26,Camera,Electronics,South,8,8720,1984.11,933,1384.51,Ocasional,6.3,13,2,1,0.093
2024-02-04,Mouse,Accessories,South,6,1308,343.61,7497,770.84,Nuevo,6.6,14,1,0,0.044
2024-12-12,Headphones,Accessories,South,9,8514,1291.97,5153,668.84,Ocasional,9.7,6,4,1,0.13
2023-02-07,Tablet,Electronics,North,2,1212,151.07,4867,423.28,Nuevo,6.3,6,1,0,0.043
2023-04-24,Headphones,Accessories,West,4,2576,503.57,5558,995.05,Nuevo,8.4,11,2,1,0.023
2023-09-26,Keyboard,Accessories,East,8,4800,606.19,2547,863.07,Frecuente,9.0,3,3,0,0.144
2022-10-02,Smartwatch,Electronics,East,5,1440,274.54,6180,337.23,Ocasional,6.0,1,4,0,0.145
2022-09-12,Smartwatch,Electronics,North,9,10251,737.45,7579,1069.93,Frecuente,6.9,6,3,0,0.103
2023-01-18,Smartphone,Electronics,North,7,3038,570.98,3821,973.25,Frecuente,7.5,9,1,0,0.139
2022-11-24,Monitor,Accessories,West,9,6993,1945.56,1745,608.05,Frecuente,8.0,7,4,0,0.024
2024-03-07,Monitor,Accessories,East,4,1632,247.88,4174,26.51,Nuevo,7.4,3,1,0,0.069
2024-10-07,Keyboard,Accessories,East,9,5706,1704.8,2386,680.94,Ocasional,8.6,8,4,1,0.031
2022-08-29,Camera,Electronics,North,9,9657,1187.22,4052,28.97,Frecuente,6.9,14,3,0,0.072
2022-01-31,Smartwatch,Electronics,East,5,4405,450.83,6454,131.0,Frecuente,6.1,4,1,0,0.119
2023-12-14,Keyboard,Accessories,East,4,1720,360.78,1577,657.3,Frecuente,6.0,6,4,1,0.127
2023-08-13,Camera,Electronics,South,7,4557,234.62,7599,141.24,Ocasional,7.4,5,3,0,0.001
2024-12-12,Headphones,Accessories,West,7,2380,431.43,2633,427.98,Nuevo,7.4,5,4,0,0.058
2022-02-11,Headphones,Accessories,North,8,456,74.99,8999,990.13,Frecuente,9.8,10,1,1,0.149
2023-11-16,Camera,Electronics,East,6,6534,355.03,7458,476.75,Frecuente,6.2,6,4,1,0.088
2022-03-04,Smartphone,Electronics,North,6,3456,307.46,3089,1496.52,Ocasional,8.1,9,1,0,0.044
2022-06-29,Keyboard,Accessories,West,9,8163,2352.46,5850,1376.13,Frecuente,8.3,1,2,0,0.058
2023-08-28,Headphones,Accessories,North,6,4656,601.71,1551,886.26,Ocasional,8.8,10,3,0,0.048
2022-09-16,Smartphone,Electronics,West,2,966,241.54,1447,1451.08,Premium,8.6,2,3,0,0.067
2022-12-02,Mouse,Accessories,East,4,2580,669.67,9582,1304.67,Frecuente,6.0,6,4,1,0.067
2022-10-02,Camera,Electronics,South,9,8127,1906.5,8123,491.97,Frecuente,8.5,13,4,1,0.076
2022-05-19,Smartwatch,Electronics,South,4,2128,614.05,1967,1129.4,Nuevo,7.3,5,2,0,0.07
2022-06-05,Smartphone,Electronics,South,9,6417,1100.52,3185,222.51,Frecuente,9.1,10,2,0,0.077
2022-06-11,Keyboard,Accessories,East,7,3997,494.78,2377,1033.14,Frecuente,6.8,5,2,1,0.004
2023-03-14,Laptop,Electronics,West,1,879,149.52,4254,746.8,Ocasional,8.9,13,1,0,0.008
2023-11-17,Laptop,Electronics,North,3,2415,538.39,3267,44.9,Nuevo,8.5,14,4,1,0.056
2024-09-27,Camera,Electronics,West,4,1064,314.84,3616,425.86,Frecuente,8.6,13,3,0,0.133
2022-02-17,Mouse,Accessories,South,4,1156,326.92,5529,1433.97,Premium,6.7,6,1,0,0.119
2022-05-12,Smartphone,Electronics,North,1,1184,218.27,2296,487.43,Ocasional,8.7,5,2,0,0.017
2022-02-05,Keyboard,Accessories,South,3,1950,211.16,8886,288.55,Frecuente,8.9,9,1,1,0.074
2022-08-29,Laptop,Electronics,South,4,1088,295.09,7412,297.55,Ocasional,8.0,12,3,0,0.091
2023-12-04,Printer,Office,South,6,4380,522.3,7725,729.24,Frecuente,7.4,8,4,1,0.072
2024-04-20,Camera,Electronics,South,1,998,196.17,2110,1267.12,Premium,6.7,11,2,0,0.105
2024-05-25,Smartphone,Electronics,East,6,5766,675.17,7227,1141.84,Frecuente,7.2,13,2,0,0.15
2024-10-09,Tablet,Electronics,West,6,3120,274.65,8444,666.54,Ocasional,9.1,11,4,0,0.014
2022-03-07,Printer,Office,East,7,637,68.11,2164,328.92,Frecuente,7.6,6,1,0,0.077
2023-10-26,Laptop,Electronics,West,6,3306,697.74,7637,88.18,Frecuente,8.8,4,4,0,0.077
2022-05-31,Monitor,Accessories,South,6,7020,726.72,3897,704.69,Frecuente,9.0,7,2,0,0.084
2022-09-16,Camera,Electronics,South,7,5971,502.14,7982,1225.87,Ocasional,8.7,9,3,0,0.025
2023-11-22,Laptop,Electronics,North,2,750,77.68,5044,1099.93,Premium,8.7,12,4,0,0.096
2024-04-26,Tablet,Electronics,North,3,2379,523.0,8120,624.73,Ocasional,8.4,5,2,1,0.007
2022-08-21,Camera,Electronics,North,1,699,108.94,1900,900.16,Ocasional,8.1,3,3,1,0.111
2023-01-16,Camera,Electronics,West,9,6876,1895.24,4196,665.64,Frecuente,6.8,5,1,0,0.099
2022-02-02,Monitor,Accessories,North,8,1800,494.02,3097,876.94,Nuevo,9.4,9,1,0,0.05
2024-07-11,Tablet,Electronics,South,5,1255,236.25,2859,785.91,Nuevo,9.9,4,3,1,0.148
2022-06-04,Smartwatch,Electronics,East,9,1998,343.58,3429,1027.83,Frecuente,7.9,6,2,0,0.124
2022-11-26,Headphones,Accessories,East,1,307,80.19,4133,771.41,Premium,9.7,4,4,1,0.081
2024-06-25,Printer,Office,West,1,235,54.87,1709,1412.1,Frecuente,10.0,14,2,0,0.149
2023-11-01,Monitor,Accessories,South,6,1506,407.73,7217,653.48,Frecuente,7.9,8,4,1,0.125
2024-10-26,Tablet,Electronics,North,8,2464,216.51,5727,43.56,Ocasional,8.9,11,4,0,0.021
2023-05-12,Smartwatch,Electronics,South,2,322,42.03,8378,369.83,Nuevo,8.6,8,2,0,0.089
2023-03-04,Printer,Office,West,4,1100,100.02,7197,760.9,Nuevo,6.9,1,1,0,0.087
2022-03-08,Keyboard,Accessories,South,4,2188,265.54,1915,820.05,Frecuente,6.2,4,1,0,0.098
2023-12-22,Printer,Office,West,9,2934,473.34,1164,837.53,Frecuente,7.8,12,4,0,0.141
2022-11-04,Headphones,Accessories,South,8,9224,514.06,4516,1077.54,Premium,9.1,8,4,1,0.074
2022-12-15,Monitor,Accessories,East,4,2436,142.81,5070,426.48,Ocasional,7.3,10,4,0,0.012
2022-09-23,Smartwatch,Electronics,West,4,972,97.55,2782,1004.06,Premium,9.1,11,3,0,0.072
2024-10-03,Laptop,Electronics,South,6,5484,540.4,7931,1061.97,Nuevo,8.6,8,4,0,0.118
2024-10-17,Camera,Electronics,West,8,3152,337.36,6025,628.7,Nuevo,8.8,9,4,0,0.054
2024-03-22,Keyboard,Accessories,East,8,6032,870.17,7605,615.21,Frecuente,7.1,4,1,0,0.004
2023-04-10,Camera,Electronics,West,7,6384,1324.49,1535,284.81,Ocasional,7.9,4,2,0,0.045
2023-07-10,Printer,Office,East,5,3705,707.08,8243,632.7,Ocasional,6.7,3,3,1,0.102
2022-11-04,Smartwatch,Electronics,South,6,5580,394.03,2457,1184.49,Ocasional,7.0,5,4,1,0.013
2022-04-16,Camera,Electronics,East,2,1236,120.74,4758,1365.28,Frecuente,6.4,9,2,0,0.056
2023-04-02,Camera,Electronics,North,8,7040,1969.93,4674,898.55,Frecuente,6.5,13,2,1,0.02
2024-06-11,Camera,Electronics,East,9,909,138.04,8295,463.07,Ocasional,6.8,7,2,0,0.071
2024-12-26,Mouse,Accessories,South,1,106,7.24,3130,1029.79,Premium,8.3,9,4,0,0.021
2024-11-12,Smartwatch,Electronics,South,1,281,67.85,2787,1115.42,Ocasional,7.8,13,4,1,0.016
2022-09-25,Camera,Electronics,East,6,6768,1851.01,3726,511.67,Frecuente,7.1,10,3,1,0.105
2023-03-07,Laptop,Electronics,West,6,4302,276.35,3927,1243.29,Ocasional,9.4,4,1,0,0.024
2022-11-19,Smartphone,Electronics,North,9,7146,2125.44,2226,129.07,Ocasional,8.1,4,4,0,0.023
2023-02-16,Smartphone,Electronics,South,3,582,48.08,2175,35.92,Premium,9.7,9,1,0,0.089
2024-08-01,Headphones,Accessories,North,6,576,162.75,2697,202.0,Frecuente,8.5,5,3,0,0.007
2023-09-24,Keyboard,Accessories,South,5,4265,796.12,4941,250.89,Ocasional,6.1,4,3,0,0.005
2023-06-24,Smartwatch,Electronics,East,8,5368,333.53,3761,1320.81,Frecuente,9.7,9,2,0,0.065
2023-12-04,Headphones,Accessories,South,1,314,66.23,4224,648.97,Ocasional,9.4,9,4,1,0.055
2024-12-24,Tablet,Electronics,West,6,2676,646.7,7331,426.9,Ocasional,8.5,4,4,1,0.082
2022-02-13,Laptop,Electronics,North,4,3384,947.52,2788,655.03,Frecuente,8.1,1,1,0,0.149
2023-07-20,Mouse,Accessories,West,6,3186,794.94,9143,604.36,Ocasional,7.8,11,3,1,0.065
2024-12-20,Smartwatch,Electronics,South,4,1832,528.69,7641,466.16,Ocasional,7.9,6,4,1,0.086
2024-11-02,Printer,Office,South,8,4784,769.91,2159,224.09,Ocasional,9.1,9,4,0,0.138
2024-02-16,Tablet,Electronics,West,1,381,63.18,3481,990.75,Premium,8.1,3,1,0,0.072
2022-11-29,Smartphone,Electronics,South,9,4527,677.34,2243,222.17,Premium,6.7,5,4,1,0.117
2022-05-25,Printer,Office,South,4,1612,240.42,3091,1167.63,Premium,6.2,9,2,1,0.082
2023-10-04,Printer,Office,East,2,1918,435.56,3972,318.5,Nuevo,6.5,2,4,0,0.096
2024-01-04,Camera,Electronics,East,1,179,42.37,1743,1102.43,Nuevo,7.0,5,1,0,0.14
2024-05-31,Smartwatch,Electronics,West,3,3153,224.29,637,1212.27,Ocasional,7.5,11,2,1,0.0
2023-04-18,Tablet,Electronics,East,8,3864,855.75,4668,205.48,Frecuente,9.6,11,2,1,0.135
2023-05-13,Printer,Office,South,5,2440,570.78,7159,148.38,Ocasional,7.0,5,2,0,0.075
2023-03-31,Camera,Electronics,South,6,3660,675.38,3378,1425.37,Ocasional,7.3,2,1,0,0.091
2024-08-03,Smartwatch,Electronics,East,3,318,49.93,8674,705.31,Ocasional,6.9,1,3,1,0.068
2023-12-16,Mouse,Accessories,South,3,483,63.27,4008,952.75,Premium,8.2,8,4,0,0.039
2024-08-21,Headphones,Accessories,North,6,6774,960.41,9057,54.43,Nuevo,8.5,10,3,0,0.01
2024-01-02,Monitor,Accessories,West,5,5310,806.12,2741,432.49,Frecuente,8.1,9,1,0,0.142
2024-03-06,Keyboard,Accessories,West,6,5154,779.43,5623,767.99,Frecuente,9.8,6,1,0,0.094
2023-09-19,Keyboard,Accessories,East,9,6741,823.17,7749,1331.6,Nuevo,10.0,1,3,1,0.131
2022-05-13,Camera,Electronics,North,2,520,61.33,1060,421.73,Frecuente,9.3,4,2,0,0.044
2024-06-19,Tablet,Electronics,East,7,1120,111.79,9335,1167.28,Frecuente,9.2,1,2,1,0.042
2022-07-12,Keyboard,Accessories,East,1,911,155.3,3967,1000.08,Ocasional,7.5,7,3,0,0.05
2022-03-21,Monitor,Accessories,South,8,1064,190.73,5230,190.6,Nuevo,8.3,5,1,1,0.035
2024-04-28,Laptop,Electronics,North,7,1981,404.3,6470,454.2,Premium,7.4,1,2,0,0.075
2022-04-20,Camera,Electronics,South,5,4280,540.47,6608,372.04,Ocasional,9.1,9,2,0,0.14
2024-06-25,Smartwatch,Electronics,South,5,5125,268.39,724,674.94,Frecuente,6.7,6,2,1,0.131
2024-12-26,Monitor,Accessories,West,7,1575,313.96,8738,960.29,Premium,6.9,14,4,1,0.074
2024-04-28,Tablet,Electronics,East,9,9972,1868.64,6424,661.46,Frecuente,6.2,6,2,0,0.052
2022-10-01,Smartphone,Electronics,East,8,4576,900.04,9988,381.91,Ocasional,8.4,2,4,0,0.092
2024-06-01,Monitor,Accessories,South,7,6559,1141.32,4979,1049.9,Frecuente,8.8,10,2,0,0.092
2023-07-20,Tablet,Electronics,South,1,619,35.36,6328,885.02,Frecuente,6.0,10,3,1,0.103
2024-06-09,Headphones,Accessories,West,8,2488,151.95,4690,788.58,Ocasional,8.0,14,2,0,0.08
2022-10-29,Mouse,Accessories,West,4,2536,148.85,8952,840.54,Ocasional,7.5,10,4,1,0.004
2022-02-03,Tablet,Electronics,West,8,5416,297.5,8407,348.41,Ocasional,9.2,6,1,0,0.011
2023-02-13,Smartwatch,Electronics,East,2,2334,158.07,9131,1027.04,Ocasional,6.2,10,1,1,0.146
2022-07-28,Camera,Electronics,East,9,1080,183.42,5290,593.5,Frecuente,6.2,12,3,0,0.112
2024-05-08,Tablet,Electronics,South,4,1324,127.07,8018,557.93,Frecuente,8.5,8,2,0,0.142
2023-07-16,Camera,Electronics,West,2,2304,444.08,3908,241.61,Frecuente,8.4,12,3,1,0.051
2024-02-21,Smartphone,Electronics,East,4,4736,1026.24,4878,903.32,Ocasional,9.3,14,1,0,0.08
2023-08-14,Mouse,Accessories,West,9,2925,457.49,7722,911.94,Premium,8.4,11,3,1,0.048
2023-01-27,Laptop,Electronics,East,9,6345,1627.26,1270,523.64,Frecuente,9.8,8,1,0,0.136
2022-06-13,Headphones,Accessories,East,9,4221,912.84,7249,1292.58,Frecuente,7.3,7,2,0,0.043
2022-12-06,Headphones,Accessories,South,7,462,56.89,650,1271.28,Frecuente,7.6,12,4,1,0.104
2022-05-13,Monitor,Accessories,North,7,7588,1625.55,6016,181.4,Nuevo,9.9,13,2,0,0.026
2022-12-12,Keyboard,Accessories,North,6,5232,1270.64,5033,1048.66,Ocasional,6.4,4,4,0,0.016
2024-08-01,Camera,Electronics,East,8,1440,402.06,4952,602.88,Frecuente,9.2,1,3,0,0.023
2023-03-31,Monitor,Accessories,North,2,1026,226.4,5195,1499.58,Ocasional,6.0,12,1,0,0.079
2024-09-21,Camera,Electronics,North,7,7455,1008.42,5173,353.03,Ocasional,7.9,4,3,1,0.127
2023-11-29,Printer,Office,East,8,2456,404.35,4369,435.18,Frecuente,6.6,14,4,0,0.15
2022-11-01,Camera,Electronics,North,3,2859,404.56,4787,674.32,Frecuente,8.4,1,4,0,0.093
2024-01-08,Keyboard,Accessories,East,1,311,50.66,5897,417.7,Ocasional,9.2,13,1,0,0.08
2022-10-28,Printer,Office,East,9,1260,246.6,7752,1044.15,Premium,6.1,10,4,0,0.118
2022-01-18,Keyboard,Accessories,South,1,466,102.48,5745,731.74,Ocasional,6.7,5,1,1,0.01
2023-02-22,Laptop,Electronics,West,3,867,58.2,6603,346.9,Ocasional,7.4,1,1,1,0.121
2023-02-24,Monitor,Accessories,South,6,3888,275.72,8447,769.43,Ocasional,7.0,12,1,0,0.114
2024-04-12,Tablet,Electronics,North,4,3032,347.2,9900,1335.41,Nuevo,7.5,2,2,0,0.079
2023-12-22,Tablet,Electronics,North,7,4704,978.81,1532,1192.75,Ocasional,9.8,2,4,0,0.003
2022-10-27,Printer,Office,West,3,3186,527.75,7272,758.27,Ocasional,6.4,12,4,1,0.03
2024-08-18,Printer,Office,North,9,6183,359.54,2639,446.97,Frecuente,7.7,10,3,0,0.055
2022-10-14,Smartwatch,Electronics,West,1,243,21.75,2369,286.23,Ocasional,7.8,2,4,0,0.141
2023-06-20,Smartphone,Electronics,North,3,897,235.67,8033,1320.01,Ocasional,7.1,5,2,0,0.096
2023-12-19,Headphones,Accessories,West,9,4563,675.62,1152,1071.05,Nuevo,7.1,10,4,1,0.077
2022-09-18,Laptop,Electronics,South,4,628,156.98,8554,866.8,Ocasional,8.9,10,3,0,0.073
2024-12-21,Monitor,Accessories,East,6,1050,172.83,7820,1321.56,Frecuente,8.5,6,4,0,0.117
2022-05-16,Monitor,Accessories,North,8,3032,278.85,9950,200.1,Ocasional,9.3,6,2,1,0.049
2023-09-27,Keyboard,Accessories,West,1,920,118.24,6845,1030.08,Nuevo,7.6,2,3,1,0.014
2024-03-02,Laptop,Electronics,South,2,668,90.67,8792,340.73,Ocasional,8.4,1,1,0,0.102
2024-05-31,Mouse,Accessories,East,5,5990,1403.53,1626,198.45,Ocasional,9.6,14,2,1,0.049
2024-03-04,Tablet,Electronics,South,9,9324,1223.9,8954,709.1,Ocasional,9.4,4,1,0,0.049
2023-04-11,Keyboard,Accessories,East,8,5768,368.49,2023,593.34,Ocasional,9.7,13,2,0,0.068
2024-05-01,Laptop,Electronics,North,1,1123,318.09,3486,1412.94,Frecuente,7.1,1,2,0,0.036
2024-12-20,Keyboard,Accessories,West,4,2336,453.04,1717,499.49,Premium,9.9,14,4,1,0.138
2023-11-22,Laptop,Electronics,West,6,438,26.03,4315,1226.06,Ocasional,9.3,6,4,1,0.127
2022-12-23,Tablet,Electronics,North,6,5940,318.72,7615,1128.26,Nuevo,9.2,12,4,0,0.149
2022-06-22,Camera,Electronics,West,3,1848,549.34,3046,1008.53,Nuevo,8.7,12,2,0,0.145
2023-03-17,Keyboard,Accessories,North,3,2118,321.05,8310,1382.19,Frecuente,9.9,5,1,1,0.047
2022-01-16,Smartphone,Electronics,North,3,231,36.73,6259,623.73,Premium,7.8,11,1,0,0.057
2024-01-12,Headphones,Accessories,South,6,978,182.46,6474,596.71,Frecuente,9.0,5,1,0,0.105
2023-05-22,Monitor,Accessories,North,5,4960,420.98,9418,258.2,Ocasional,8.8,12,2,1,0.002
2022-03-09,Camera,Electronics,South,3,1377,330.44,4602,428.13,Ocasional,8.9,14,1,0,0.149
2023-02-09,Camera,Electronics,West,2,1958,227.77,3774,1322.07,Nuevo,9.0,12,1,0,0.002
2023-06-12,Mouse,Accessories,West,7,5607,1288.04,9948,722.09,Frecuente,6.8,11,2,0,0.08
2022-11-24,Smartwatch,Electronics,South,6,3504,980.7,5791,525.2,Ocasional,7.4,6,4,0,0.1
2024-11-21,Mouse,Accessories,North,4,796,75.15,6338,339.85,Ocasional,7.6,2,4,0,0.137
2024-08-14,Monitor,Accessories,North,1,342,37.64,3314,737.74,Frecuente,9.0,8,3,1,0.097
2024-08-14,Monitor,Accessories,South,7,6769,1549.67,2546,1080.66,Nuevo,8.9,2,3,1,0.09
2023-08-29,Headphones,Accessories,South,9,10080,1794.73,2113,444.3,Ocasional,9.3,8,3,0,0.045
2024-01-11,Smartwatch,Electronics,East,7,3948,758.36,2623,1141.42,Premium,9.2,13,1,1,0.089
2023-06-27,Headphones,Accessories,South,4,1488,74.52,2354,952.09,Premium,8.4,2,2,0,0.112
2024-01-17,Mouse,Accessories,South,5,1200,201.8,7593,1185.59,Nuevo,6.6,13,1,1,0.077
2023-01-10,Smartwatch,Electronics,North,4,4476,977.6,1050,391.35,Ocasional,8.5,9,1,0,0.117
2023-08-01,Monitor,Accessories,West,1,1178,292.15,6479,953.92,Ocasional,9.5,1,3,0,0.01
2024-12-26,Smartwatch,Electronics,South,8,2888,149.92,9518,247.53,Ocasional,8.6,11,4,0,0.05
2024-12-13,Smartphone,Electronics,South,6,1704,193.18,7772,558.42,Frecuente,9.6,1,4,0,0.144
2022-10-17,Printer,Office,West,8,4200,1017.94,4327,1092.05,Ocasional,10.0,9,4,1,0.049
2024-03-12,Keyboard,Accessories,East,7,4417,562.79,1064,954.87,Nuevo,7.4,8,1,0,0.093
2024-05-20,Camera,Electronics,West,4,764,178.83,8424,298.03,Frecuente,8.9,11,2,0,0.078
2024-06-28,Headphones,Accessories,South,4,4000,964.43,529,1290.35,Ocasional,8.2,6,2,0,0.14
2024-10-21,Monitor,Accessories,East,9,2331,558.0,6972,98.96,Frecuente,7.8,2,4,0,0.024
2023-01-31,Mouse,Accessories,West,9,8172,1296.29,6874,900.92,Frecuente,7.0,6,1,0,0.045
2024-12-20,Laptop,Electronics,North,1,761,61.15,2323,1476.05,Frecuente,7.0,11,4,0,0.129
2023-11-25,Camera,Electronics,East,2,494,56.41,7528,806.63,Nuevo,6.7,14,4,0,0.1
2023-09-05,Headphones,Accessories,East,2,194,52.16,2166,1204.99,Premium,8.5,3,3,1,0.081
2024-03-20,Tablet,Electronics,West,6,5820,1423.67,2643,900.87,Frecuente,6.6,5,1,0,0.059
2022-04-11,Camera,Electronics,North,5,410,121.77,8213,1178.97,Ocasional,7.7,13,2,0,0.062
2024-12-06,Smartphone,Electronics,East,6,1254,360.87,9801,990.28,Premium,8.1,5,4,0,0.14
2022-06-04,Tablet,Electronics,East,6,3432,452.4,3014,1042.88,Ocasional,7.8,4,2,1,0.101
2024-03-22,Camera,Electronics,North,4,3792,997.99,9252,357.16,Nuevo,9.4,12,1,1,0.139
2024-11-19,Tablet,Electronics,West,7,546,117.9,9176,1117.89,Premium,7.8,7,4,0,0.146
2022-02-24,Smartwatch,Electronics,East,3,1452,217.06,7809,372.11,Frecuente,6.3,9,1,0,0.082
2022-11-14,Keyboard,Accessories,West,8,9296,1556.05,1830,1471.35,Nuevo,10.0,7,4,0,0.091
2023-12-01,Mouse,Accessories,North,1,1160,149.81,3344,357.13,Frecuente,9.4,9,4,0,0.098
2024-01-14,Laptop,Electronics,West,6,4728,682.01,6938,370.29,Premium,8.6,4,1,1,0.126
2023-02-12,Camera,Electronics,North,6,1836,508.81,9992,1290.84,Nuevo,9.0,11,1,1,0.099
2023-09-13,Smartwatch,Electronics,South,7,6237,1784.89,8237,379.62,Nuevo,6.5,6,3,0,0.017
2024-09-01,Laptop,Electronics,West,5,5845,941.79,4492,554.14,Ocasional,9.1,8,3,1,0.141
2023-12-27,Monitor,Accessories,South,9,6138,851.14,2734,1077.67,Ocasional,6.8,3,4,1,0.099
2022-03-23,Camera,Electronics,West,2,1416,136.75,9623,254.95,Nuevo,8.0,1,1,1,0.13
2024-12-27,Keyboard,Accessories,West,3,1851,348.9,3123,255.43,Ocasional,6.7,8,4,1,0.064
2022-11-10,Printer,Office,South,9,7452,1259.82,3751,739.81,Ocasional,9.0,2,4,0,0.071
2023-11-29,Tablet,Electronics,North,5,1630,190.38,9662,380.67,Ocasional,7.0,13,4,1,0.103
2022-08-16,Camera,Electronics,West,6,4800,930.44,5835,368.77,Ocasional,7.0,14,3,0,0.116
2023-11-23,Smartwatch,Electronics,South,1,61,16.11,3013,33.67,Ocasional,6.4,5,4,0,0.012
2023-09-21,Monitor,Accessories,East,6,942,80.27,550,568.27,Frecuente,8.9,5,3,0,0.061
2023-07-30,Smartphone,Electronics,South,8,7640,1663.63,4584,491.01,Ocasional,7.2,8,3,1,0.115
2022-05-12,Camera,Electronics,South,5,4540,939.71,9867,66.11,Ocasional,8.1,3,2,0,0.149
2022-11-27,Headphones,Accessories,North,1,1030,190.47,4608,939.43,Frecuente,7.3,13,4,0,0.002
2023-09-20,Printer,Office,North,2,384,30.84,7145,947.45,Frecuente,9.1,2,3,1,0.04
2024-11-24,Smartwatch,Electronics,West,8,8560,991.94,2903,124.78,Ocasional,6.9,7,4,0,0.07
2022-08-23,Camera,Electronics,West,9,1557,117.36,7868,489.22,Frecuente,9.8,3,3,0,0.033
2023-05-04,Tablet,Electronics,East,7,707,124.59,7870,1311.75,Premium,7.3,12,2,0,0.004
2022-08-05,Mouse,Accessories,West,5,3405,476.39,6278,881.61,Frecuente,6.4,3,3,1,0.081
2024-11-15,Tablet,Electronics,West,6,4722,522.16,7832,629.72,Frecuente,7.0,7,4,0,0.097
2022-01-04,Headphones,Accessories,North,2,2150,625.93,5998,708.35,Ocasional,6.3,12,1,0,0.062
2022-11-04,Monitor,Accessories,West,7,3619,827.39,4094,328.25,Frecuente,7.9,7,4,0,0.055
2023-08-09,Smartwatch,Electronics,South,4,3892,909.22,7509,1221.58,Frecuente,7.0,3,3,1,0.148
2022-08-02,Camera,Electronics,South,1,54,13.29,8433,1372.73,Ocasional,9.5,3,3,1,0.072
2023-12-04,Keyboard,Accessories,South,1,612,136.25,8490,1367.78,Premium,8.1,9,4,0,0.12
2022-09-03,Monitor,Accessories,East,5,3850,419.55,2524,351.42,Frecuente,6.9,2,3,1,0.043
2024-04-20,Camera,Electronics,East,5,3005,389.93,6927,479.9,Ocasional,7.8,5,2,1,0.125
2024-07-15,Headphones,Accessories,North,9,5256,1296.65,540,257.72,Ocasional,6.8,9,3,1,0.124
2023-03-13,Printer,Office,East,6,3576,1033.3,5933,474.66,Ocasional,6.7,6,1,0,0.04
2022-11-08,Tablet,Electronics,West,5,3415,496.48,5926,512.55,Ocasional,7.2,12,4,0,0.098
2023-01-13,Camera,Electronics,West,3,1722,203.04,3953,957.0,Nuevo,6.4,10,1,1,0.102
2022-04-14,Mouse,Accessories,East,8,4088,853.36,9943,300.68,Premium,6.8,2,2,0,0.066
2024-02-09,Headphones,Accessories,West,5,5320,882.84,8888,1380.71,Ocasional,9.8,12,1,0,0.116
2022-11-27,Mouse,Accessories,West,6,3660,1079.0,867,172.59,Ocasional,8.7,13,4,0,0.046
2024-05-13,Camera,Electronics,West,6,5250,1228.49,2483,30.18,Frecuente,9.7,3,2,0,0.073
2022-04-17,Laptop,Electronics,North,4,328,90.89,2475,1285.32,Nuevo,7.0,6,2,0,0.149
2023-09-29,Smartphone,Electronics,West,7,1596,359.71,9026,1061.58,Frecuente,9.4,6,3,0,0.027
2023-02-11,Printer,Office,South,7,2443,661.21,5429,545.93,Nuevo,7.4,6,1,0,0.022
2023-07-23,Smartwatch,Electronics,East,7,5432,870.08,7424,901.34,Ocasional,6.6,7,3,1,0.021
2022-04-04,Printer,Office,North,3,1254,221.19,8194,350.85,Ocasional,9.2,13,2,0,0.15
2022-02-19,Tablet,Electronics,East,5,5495,1276.27,7792,269.22,Frecuente,6.2,10,1,0,0.024
2023-12-07,Headphones,Accessories,North,4,596,72.65,1345,717.3,Nuevo,7.6,13,4,0,0.029
2024-10-18,Printer,Office,South,6,3696,597.66,1833,542.72,Ocasional,9.3,5,4,0,0.104
2022-04-18,Mouse,Accessories,North,6,4488,939.05,4254,930.54,Premium,8.5,8,2,1,0.114
2023-10-18,Camera,Electronics,West,6,6846,932.21,3714,342.86,Premium,8.1,2,4,0,0.079
2023-12-29,Mouse,Accessories,West,8,2960,607.64,7597,1001.13,Ocasional,7.4,4,4,1,0.147
2023-07-31,Smartphone,Electronics,South,1,419,99.5,1984,1154.96,Frecuente,6.3,9,3,1,0.006
2024-09-03,Laptop,Electronics,West,6,6246,327.14,4029,266.62,Ocasional,10.0,3,3,0,0.093
2022-09-12,Tablet,Electronics,South,4,1900,372.18,2747,84.91,Ocasional,6.7,14,3,0,0.091
2023-06-08,Monitor,Accessories,North,7,3451,397.29,2293,670.59,Frecuente,7.0,4,2,0,0.048
2024-11-24,Smartphone,Electronics,West,2,1612,344.37,2141,1165.56,Ocasional,6.9,3,4,0,0.135
2022-08-13,Laptop,Electronics,South,5,4445,642.83,2357,983.15,Frecuente,9.6,11,3,0,0.083
2024-08-06,Smartwatch,Electronics,North,5,720,63.84,5861,1058.78,Nuevo,9.1,2,3,0,0.037
2024-04-16,Mouse,Accessories,East,2,1428,234.49,4395,616.2,Nuevo,7.8,5,2,0,0.013
2024-12-27,Tablet,Electronics,East,4,3532,665.2,4635,367.72,Frecuente,9.8,3,4,0,0.016
2024-09-08,Camera,Electronics,North,6,6528,549.62,5054,807.03,Ocasional,6.2,10,3,0,0.135
2023-09-04,Monitor,Accessories,East,1,743,216.5,7540,322.46,Ocasional,9.6,12,3,0,0.038
2023-10-13,Smartwatch,Electronics,East,6,1758,287.36,8687,1094.82,Nuevo,6.2,3,4,0,0.136
2023-11-29,Headphones,Accessories,South,8,1008,100.61,5501,311.51,Frecuente,7.6,6,4,1,0.018
2024-10-21,Smartphone,Electronics,East,1,995,149.86,6601,451.07,Ocasional,6.2,7,4,0,0.148
2024-10-05,Keyboard,Accessories,West,9,4032,876.91,7516,769.69,Nuevo,10.0,10,4,0,0.125
2022-10-29,Smartphone,Electronics,East,6,480,131.08,7058,740.33,Frecuente,9.7,5,4,0,0.017
2024-10-25,Laptop,Electronics,East,1,989,149.99,1775,909.26,Ocasional,8.3,8,4,1,0.013
2022-01-24,Smartphone,Electronics,North,9,6606,759.55,9838,667.42,Premium,6.9,8,1,1,0.121
2024-02-06,Smartwatch,Electronics,East,6,912,256.58,2065,1380.82,Ocasional,7.1,1,1,0,0.012
2022-07-21,Mouse,Accessories,South,4,2912,331.11,4412,1263.1,Frecuente,7.8,8,3,0,0.039
2023-02-03,Camera,Electronics,West,5,845,69.35,6699,1321.09,Nuevo,7.3,8,1,0,0.12
2023-08-10,Monitor,Accessories,South,4,2804,382.82,4331,951.68,Frecuente,6.1,14,3,0,0.136
2024-12-28,Laptop,Electronics,East,2,208,11.53,2809,959.81,Premium,8.6,8,4,0,0.115
2022-11-19,Smartwatch,Electronics,East,1,379,42.24,9271,921.61,Ocasional,8.5,13,4,0,0.133
2024-05-18,Mouse,Accessories,West,3,1227,113.38,1179,663.63,Ocasional,9.6,5,2,1,0.084
2023-08-03,Headphones,Accessories,East,7,5551,392.37,2835,496.72,Ocasional,7.9,10,3,0,0.117
2022-08-06,Headphones,Accessories,West,1,423,115.44,9933,896.16,Ocasional,7.4,13,3,0,0.052
2022-01-26,Headphones,Accessories,West,6,5982,944.81,7433,57.79,Frecuente,8.0,3,1,0,0.118
2022-12-07,Smartphone,Electronics,West,4,3732,468.6,1326,31.04,Ocasional,6.8,8,4,0,0.102
2023-03-02,Printer,Office,North,9,5904,1152.23,7668,1280.43,Premium,8.5,13,1,1,0.086
2024-02-01,Headphones,Accessories,East,5,1810,171.47,9710,88.71,Frecuente,9.1,8,1,1,0.149
2023-01-30,Smartphone,Electronics,South,6,5604,615.07,1428,796.7,Nuevo,6.6,13,1,0,0.07
2022-04-28,Laptop,Electronics,West,2,432,81.31,4433,930.18,Ocasional,7.3,6,2,1,0.093
2024-11-27,Keyboard,Accessories,East,2,416,68.58,4948,313.29,Frecuente,9.5,13,4,0,0.076
2022-09-07,Monitor,Accessories,North,8,1224,281.43,1744,1345.68,Premium,8.0,9,3,0,0.039
2022-03-12,Printer,Office,West,8,5168,672.6,2405,301.34,Nuevo,8.1,7,1,0,0.05
2022-11-10,Monitor,Accessories,East,6,6522,502.98,2150,1329.08,Premium,8.9,4,4,0,0.147
2022-09-03,Keyboard,Accessories,South,5,1090,140.7,2261,1149.23,Frecuente,8.3,3,3,0,0.059
2024-09-30,Laptop,Electronics,South,3,1737,353.17,4333,376.3,Frecuente,6.3,5,3,0,0.102
2024-03-08,Printer,Office,West,9,7281,1358.17,4906,243.1,Premium,9.2,11,1,0,0.085
2024-03-19,Smartwatch,Electronics,South,9,5832,1007.54,2760,488.02,Frecuente,9.7,7,1,1,0.133
2024-07-21,Printer,Office,East,9,7020,623.97,3249,608.97,Nuevo,6.2,6,3,0,0.114
2023-06-07,Mouse,Accessories,South,3,2001,420.08,2326,383.76,Frecuente,6.5,7,2,0,0.012
2024-08-13,Monitor,Accessories,West,2,1832,489.21,8062,1498.36,Ocasional,8.8,5,3,1,0.053
2024-05-05,Smartwatch,Electronics,East,6,3372,934.42,2511,359.89,Ocasional,8.4,12,2,0,0.107
2024-12-20,Tablet,Electronics,West,6,3384,503.86,9122,1249.34,Ocasional,7.5,6,4,0,0.024
2024-11-30,Monitor,Accessories,East,1,351,31.95,5619,255.49,Ocasional,8.2,7,4,0,0.076
2024-12-16,Camera,Electronics,South,2,2092,549.42,8125,1470.76,Ocasional,8.8,8,4,0,0.048
2023-03-19,Monitor,Accessories,South,7,1309,138.46,6545,353.77,Ocasional,8.0,10,1,0,0.01
2024-04-28,Keyboard,Accessories,North,9,6696,407.36,3027,644.1,Ocasional,6.6,5,2,0,0.15
2022-09-29,Keyboard,Accessories,East,5,1020,162.36,6212,846.67,Ocasional,6.4,2,3,0,0.139
2022-05-30,Keyboard,Accessories,East,8,8240,2006.72,3104,198.02,Ocasional,7.8,10,2,0,0.112
2022-10-07,Headphones,Accessories,South,9,9810,1008.6,1626,1228.89,Ocasional,9.7,8,4,1,0.03
2023-01-13,Tablet,Electronics,West,1,853,97.5,2919,426.53,Premium,8.2,10,1,1,0.148
2023-01-06,Camera,Electronics,East,4,4416,1081.53,3118,832.92,Ocasional,7.4,8,1,0,0.095
2023-01-11,Headphones,Accessories,North,8,3832,741.44,1782,833.46,Ocasional,9.6,8,1,1,0.145
2024-12-16,Monitor,Accessories,South,4,1876,221.18,724,911.91,Frecuente,7.6,14,4,1,0.006
2024-03-14,Laptop,Electronics,South,3,2634,392.21,9466,102.12,Nuevo,8.0,1,1,1,0.026
2023-08-26,Laptop,Electronics,North,1,1027,259.92,5377,269.56,Frecuente,6.5,2,3,1,0.102
2023-07-10,Printer,Office,West,5,3100,911.86,4319,258.56,Frecuente,8.9,14,3,0,0.136
2022-03-18,Mouse,Accessories,West,1,104,29.67,9334,467.04,Nuevo,8.8,13,1,0,0.026
2024-06-18,Mouse,Accessories,East,2,1590,147.2,2634,234.47,Frecuente,9.2,6,2,1,0.048
2024-08-20,Camera,Electronics,South,4,1104,63.57,4327,1384.44,Frecuente,7.3,8,3,0,0.088
2024-09-18,Smartphone,Electronics,South,3,1851,198.71,8543,779.17,Frecuente,7.7,7,3,1,0.15
2024-11-06,Smartphone,Electronics,South,2,1408,193.09,6504,942.89,Nuevo,6.7,14,4,1,0.12
2022-05-24,Laptop,Electronics,South,7,4641,1341.98,4292,549.08,Frecuente,9.9,7,2,0,0.139
2022-10-01,Tablet,Electronics,West,7,2611,539.37,2930,428.84,Ocasional,6.3,11,4,0,0.101
2023-12-05,Laptop,Electronics,North,4,3824,711.92,833,764.7,Ocasional,8.6,6,4,1,0.132
2023-03-08,Smartphone,Electronics,East,2,2042,501.34,1307,455.6,Ocasional,8.8,6,1,0,0.076
2023-07-30,Tablet,Electronics,North,6,6378,1408.28,2038,528.6,Nuevo,6.6,10,3,1,0.019
2023-03-14,Camera,Electronics,East,4,4692,409.07,7972,690.07,Ocasional,7.5,6,1,1,0.106
2024-06-30,Laptop,Electronics,West,6,6234,1829.07,6572,768.49,Frecuente,6.2,1,2,0,0.09
2024-09-25,Smartphone,Electronics,West,4,1852,535.07,4617,1476.78,Nuevo,8.2,3,3,0,0.073
2022-02-05,Monitor,Accessories,South,3,3075,804.06,7937,350.52,Ocasional,10.0,13,1,0,0.041
2023-10-24,Printer,Office,North,5,370,92.45,2027,742.2,Premium,7.7,6,4,1,0.118
2024-12-11,Keyboard,Accessories,North,6,624,66.99,2503,241.28,Frecuente,10.0,2,4,0,0.123
2023-07-13,Smartwatch,Electronics,South,2,1734,310.76,4230,538.0,Ocasional,6.5,14,3,0,0.055
2023-05-05,Printer,Office,West,9,2268,361.62,9215,1081.62,Frecuente,7.6,14,2,0,0.139
2022-08-31,Camera,Electronics,East,5,3670,924.95,6335,278.2,Ocasional,9.6,7,3,0,0.055
2024-08-16,Smartwatch,Electronics,North,7,4634,1358.44,8584,880.4,Frecuente,9.5,9,3,0,0.016
2024-01-20,Headphones,Accessories,North,9,1440,94.41,2857,636.72,Ocasional,7.3,11,1,0,0.025
2023-04-11,Laptop,Electronics,West,6,5136,1225.4,8559,96.34,Premium,8.7,1,2,1,0.074
2024-09-20,Smartphone,Electronics,East,1,166,31.72,1188,1400.95,Ocasional,9.5,5,3,0,0.012
2022-02-03,Keyboard,Accessories,East,3,1422,328.98,2662,632.13,Frecuente,9.1,8,1,1,0.108
2023-09-11,Headphones,Accessories,East,8,1832,532.97,5468,1180.21,Premium,8.5,8,3,1,0.119
2022-10-29,Printer,Office,South,1,668,94.08,980,636.14,Frecuente,6.6,5,4,0,0.082
2024-12-22,Camera,Electronics,West,6,1272,336.3,8653,1407.29,Frecuente,6.3,1,4,0,0.134
2023-06-26,Keyboard,Accessories,North,8,984,72.54,8740,449.9,Ocasional,8.5,14,2,0,0.143
2024-07-25,Printer,Office,South,7,7896,484.76,5643,630.1,Ocasional,8.0,9,3,0,0.067
2022-11-12,Smartphone,Electronics,North,1,636,42.4,3405,1143.12,Premium,7.0,11,4,0,0.013
2023-08-05,Laptop,Electronics,North,3,2031,450.23,1440,528.63,Nuevo,7.2,7,3,0,0.035
2022-02-23,Mouse,Accessories,West,9,3186,483.22,6379,559.25,Frecuente,7.6,8,1,0,0.099
2022-05-06,Headphones,Accessories,South,1,134,33.12,5607,1492.34,Premium,8.0,7,2,0,0.061
2024-04-27,Tablet,Electronics,South,5,1765,347.42,7719,842.31,Ocasional,7.6,7,2,0,0.103
2023-07-28,Keyboard,Accessories,East,4,3628,717.81,6224,1040.28,Ocasional,7.5,10,3,0,0.1
2024-12-06,Monitor,Accessories,West,4,1000,198.92,1718,972.32,Ocasional,6.5,14,4,0,0.091
2023-03-08,Camera,Electronics,North,2,2134,119.89,1656,1245.33,Frecuente,9.5,11,1,0,0.024
2023-05-25,Smartwatch,Electronics,North,7,6706,1687.22,7917,1295.5,Frecuente,8.4,10,2,0,0.043
2024-11-03,Laptop,Electronics,East,3,321,72.13,2010,853.62,Ocasional,6.6,1,4,0,0.057
2023-02-19,Camera,Electronics,South,3,3126,710.14,9415,455.94,Premium,7.7,8,1,0,0.124
2023-11-05,Monitor,Accessories,South,7,5446,697.21,1506,53.74,Frecuente,7.7,14,4,0,0.102
2023-05-02,Tablet,Electronics,East,1,1131,140.55,7419,929.32,Nuevo,8.4,6,2,0,0.097
2023-07-24,Printer,Office,East,2,1946,141.75,9764,1241.69,Ocasional,8.4,8,3,0,0.101
2023-09-16,Laptop,Electronics,North,7,6818,1348.26,4691,686.8,Frecuente,8.6,5,3,1,0.075
2023-03-29,Smartphone,Electronics,East,7,2317,677.61,1038,263.77,Frecuente,8.8,3,1,0,0.006
2023-01-27,Smartwatch,Electronics,East,6,396,89.51,8828,446.36,Ocasional,6.4,10,1,0,0.03
2023-11-16,Smartphone,Electronics,South,1,558,49.81,2279,774.78,Frecuente,7.2,5,4,0,0.021
2023-03-21,Smartphone,Electronics,East,9,2034,593.13,5510,1258.29,Frecuente,6.1,9,1,1,0.01
2022-06-01,Mouse,Accessories,West,8,6080,1171.93,9853,274.19,Frecuente,7.8,9,2,1,0.048
2023-02-04,Smartwatch,Electronics,East,2,1378,183.1,7575,925.98,Ocasional,7.7,12,1,0,0.118
2024-03-04,Monitor,Accessories,East,3,483,120.11,940,1134.99,Ocasional,8.9,14,1,0,0.017
2022-10-19,Keyboard,Accessories,South,8,7864,1615.58,8294,1405.35,Premium,6.7,8,4,0,0.017
2022-01-27,Printer,Office,North,2,1268,141.76,2031,192.72,Premium,8.5,1,1,1,0.019
2022-10-06,Printer,Office,West,6,3774,606.94,7618,1391.06,Ocasional,7.2,9,4,0,0.04
2023-09-16,Smartwatch,Electronics,East,9,9090,727.64,6399,910.17,Ocasional,7.5,13,3,1,0.03
2024-01-10,Camera,Electronics,North,5,3720,1077.21,3234,1154.72,Ocasional,8.9,7,1,0,0.002
2022-07-02,Smartphone,Electronics,East,8,8896,1825.26,4524,99.59,Frecuente,6.3,8,3,0,0.041
2024-10-01,Mouse,Accessories,South,4,3264,639.8,1619,769.1,Ocasional,7.4,11,4,0,0.149
2023-03-04,Printer,Office,West,2,146,15.48,9874,941.49,Nuevo,7.6,7,1,0,0.05
2024-05-26,Headphones,Accessories,East,3,1683,129.64,2764,474.11,Ocasional,8.9,6,2,0,0.032
2022-01-10,Camera,Electronics,West,7,6076,788.14,3432,658.84,Frecuente,6.8,7,1,1,0.074
2023-07-19,Smartwatch,Electronics,West,2,2388,492.54,5277,840.36,Ocasional,9.8,12,3,0,0.034
2023-07-11,Smartphone,Electronics,East,6,882,180.63,6887,837.77,Frecuente,10.0,7,3,0,0.084
2022-06-05,Laptop,Electronics,West,3,3561,206.87,5300,81.96,Premium,9.3,5,2,1,0.06
2024-10-20,Tablet,Electronics,East,7,3395,350.26,5298,670.43,Frecuente,7.2,9,4,1,0.135
2022-01-31,Smartphone,Electronics,South,6,3366,460.75,6035,336.45,Nuevo,8.7,10,1,1,0.139
2022-11-30,Mouse,Accessories,East,2,630,144.14,8648,1376.71,Frecuente,6.3,13,4,1,0.107
2023-07-14,Camera,Electronics,South,1,440,34.74,4253,1465.34,Nuevo,9.5,13,3,0,0.032
2024-09-22,Smartwatch,Electronics,East,6,6462,1466.15,8405,463.48,Ocasional,8.1,11,3,1,0.071
2024-12-29,Monitor,Accessories,South,6,5004,1197.36,7975,279.27,Ocasional,6.7,11,4,0,0.046
2022-02-16,Laptop,Electronics,South,8,1840,461.21,9629,344.87,Premium,7.3,7,1,1,0.12
2022-11-06,Tablet,Electronics,South,7,4466,763.14,9174,727.07,Ocasional,9.2,5,4,1,0.004
2022-12-27,Tablet,Electronics,South,6,3048,823.36,8082,1314.27,Premium,9.5,8,4,0,0.099
2024-06-03,Mouse,Accessories,South,7,4977,516.7,2843,760.05,Frecuente,8.1,10,2,0,0.048
2022-07-01,Keyboard,Accessories,South,3,2010,387.31,7855,101.98,Frecuente,7.9,8,3,1,0.072
2022-01-30,Camera,Electronics,South,8,5352,1133.57,7496,79.03,Frecuente,9.0,3,1,0,0.048
2024-01-07,Camera,Electronics,North,4,4136,294.21,3250,356.54,Ocasional,9.3,1,1,0,0.055
2022-04-30,Camera,Electronics,West,8,6336,439.42,6940,1267.3,Premium,9.1,1,2,1,0.101
2023-11-28,Laptop,Electronics,East,9,5481,1540.75,2903,939.79,Frecuente,7.5,6,4,0,0.089
2024-10-15,Camera,Electronics,West,6,6366,318.97,5469,853.18,Nuevo,8.6,12,4,0,0.037
2023-09-20,Printer,Office,West,1,623,81.24,8069,492.07,Premium,9.4,12,3,0,0.007
2024-12-20,Mouse,Accessories,South,3,237,49.94,2291,1395.55,Frecuente,6.6,12,4,0,0.128
2022-03-18,Keyboard,Accessories,North,9,8370,1525.8,3701,510.14,Frecuente,7.6,10,1,0,0.074
2023-04-11,Headphones,Accessories,South,5,4965,774.74,8054,1255.72,Frecuente,6.2,1,2,1,0.093
2024-08-04,Camera,Electronics,South,7,7791,1844.69,4811,1345.94,Ocasional,7.6,13,3,0,0.073
2024-09-29,Smartphone,Electronics,West,1,158,32.89,9625,735.34,Frecuente,9.1,14,3,1,0.093
2023-03-11,Keyboard,Accessories,West,7,4347,712.79,575,1343.55,Frecuente,6.8,12,1,1,0.094
2022-09-13,Smartphone,Electronics,East,4,3364,527.28,7357,429.67,Ocasional,8.2,7,3,0,0.002
2023-07-29,Camera,Electronics,South,3,1098,77.81,8234,994.48,Frecuente,6.1,4,3,1,0.08
2022-05-14,Headphones,Accessories,West,3,1083,257.44,9219,150.19,Nuevo,9.6,13,2,1,0.075
2022-09-09,Laptop,Electronics,East,4,1628,314.96,1989,721.42,Nuevo,9.3,3,3,0,0.014
2024-11-19,Keyboard,Accessories,South,4,1472,387.27,9849,341.65,Premium,8.1,12,4,0,0.112
2024-09-19,Printer,Office,West,9,3753,1114.87,4226,112.89,Frecuente,8.8,14,3,0,0.035
2023-07-03,Monitor,Accessories,South,6,6402,1602.79,3844,25.51,Frecuente,6.4,13,3,0,0.008
2024-04-17,Monitor,Accessories,West,3,2565,510.73,3877,500.63,Frecuente,9.4,8,2,0,0.12
2024-10-18,Mouse,Accessories,South,3,2214,127.34,6563,892.51,Frecuente,8.9,12,4,0,0.13
2024-06-16,Monitor,Accessories,West,3,975,291.81,6763,693.74,Ocasional,6.5,12,2,1,0.036
2023-10-14,Printer,Office,East,8,3312,854.12,5002,466.62,Frecuente,9.9,14,4,1,0.103
2023-10-12,Printer,Office,East,1,267,41.85,1174,1486.98,Frecuente,6.1,6,4,1,0.001
2022-04-11,Smartphone,Electronics,East,9,8145,2384.42,9872,1410.5,Frecuente,8.5,9,2,1,0.108
2022-01-06,Printer,Office,North,1,232,34.26,2609,205.97,Nuevo,6.7,12,1,0,0.07
2024-10-06,Smartphone,Electronics,North,3,300,38.44,1391,634.36,Nuevo,8.9,4,4,0,0.119
2024-02-27,Monitor,Accessories,East,2,2248,473.21,6175,980.29,Premium,6.3,4,1,0,0.059
2023-10-10,Monitor,Accessories,North,6,1614,166.62,4417,1105.57,Ocasional,6.3,6,4,0,0.053
2022-05-03,Monitor,Accessories,West,2,1476,195.74,6347,562.23,Frecuente,7.9,6,2,0,0.126
2024-11-05,Printer,Office,South,5,4375,347.43,8817,1124.5,Ocasional,10.0,11,4,1,0.006
2024-09-03,Smartwatch,Electronics,North,4,1064,263.48,1424,203.74,Ocasional,7.1,14,3,0,0.028
2022-10-04,Headphones,Accessories,North,6,1068,190.77,3198,511.08,Nuevo,8.5,3,4,0,0.062
2023-12-17,Keyboard,Accessories,East,1,190,27.43,5407,1080.32,Premium,8.1,5,4,0,0.089
2022-06-27,Printer,Office,South,7,7868,862.38,7984,946.01,Frecuente,9.4,14,2,0,0.001
2024-12-03,Keyboard,Accessories,North,3,1239,143.35,6206,1259.07,Nuevo,7.2,9,4,0,0.086
2023-09-10,Monitor,Accessories,East,2,1394,408.32,4136,89.35,Frecuente,8.2,3,3,0,0.057
2024-02-07,Smartphone,Electronics,North,5,2060,403.19,6295,278.1,Premium,9.8,9,1,1,0.095
2023-06-09,Laptop,Electronics,East,1,1060,57.26,9809,91.77,Ocasional,7.3,13,2,1,0.136
2022-12-16,Monitor,Accessories,North,7,7812,1478.43,5060,304.33,Ocasional,7.8,6,4,0,0.066
2024-06-17,Camera,Electronics,North,7,7077,804.15,8893,26.34,Ocasional,9.6,7,2,0,0.083
2023-06-10,Smartphone,Electronics,West,7,5712,929.42,7909,766.23,Ocasional,7.3,9,2,0,0.069
2023-01-22,Printer,Office,North,6,4146,966.79,3362,801.91,Ocasional,7.5,12,1,0,0.018
2024-06-18,Tablet,Electronics,West,2,992,238.18,2870,993.68,Premium,7.2,8,2,0,0.119
2022-04-13,Smartwatch,Electronics,North,2,1756,165.6,7816,589.67,Ocasional,9.2,14,2,0,0.133
2023-04-09,Monitor,Accessories,West,4,3632,566.81,2471,24.75,Ocasional,9.7,11,2,0,0.122
2024-03-17,Headphones,Accessories,East,4,3912,550.09,3700,1017.36,Nuevo,8.5,6,1,0,0.142
2023-05-19,Printer,Office,North,9,3123,741.23,2736,100.35,Frecuente,8.5,7,2,0,0.07
2022-09-20,Printer,Office,West,4,700,120.19,6260,1301.93,Premium,7.6,10,3,1,0.098
2022-11-02,Tablet,Electronics,South,8,408,83.16,3294,53.53,Ocasional,6.0,1,4,0,0.025
2022-12-18,Smartphone,Electronics,South,4,4056,768.81,6755,805.1,Frecuente,6.7,4,4,0,0.147
2024-05-07,Laptop,Electronics,West,1,770,121.75,9381,1344.48,Premium,6.6,4,2,0,0.087
2022-02-07,Smartwatch,Electronics,North,3,531,73.35,8381,867.28,Ocasional,6.5,12,1,1,0.039
2023-06-03,Monitor,Accessories,South,5,280,79.77,9505,920.46,Ocasional,8.6,12,2,0,0.121
2024-04-01,Laptop,Electronics,East,7,4550,892.73,732,1028.78,Frecuente,6.5,12,2,0,0.088
2023-04-07,Smartwatch,Electronics,West,5,2480,601.66,4826,201.17,Premium,6.3,2,2,0,0.142
2022-05-18,Printer,Office,West,6,2604,305.73,2591,1018.89,Premium,7.5,5,2,1,0.115
2022-02-25,Keyboard,Accessories,West,7,1351,310.03,9219,1322.93,Ocasional,7.0,5,1,1,0.132
2023-09-03,Monitor,Accessories,South,5,4615,251.0,7263,1461.85,Frecuente,6.6,1,3,0,0.082
2024-03-22,Mouse,Accessories,West,1,829,165.05,3542,675.72,Premium,6.6,4,1,0,0.078
2024-03-15,Camera,Electronics,West,3,177,43.41,5853,529.87,Frecuente,7.0,7,1,0,0.114
2022-12-23,Headphones,Accessories,West,1,1086,161.05,6251,1134.9,Frecuente,8.1,13,4,0,0.016
2023-04-26,Laptop,Electronics,South,5,275,64.9,5208,823.45,Premium,9.0,3,2,0,0.008
2022-12-15,Mouse,Accessories,North,1,564,164.5,5006,400.81,Frecuente,9.4,13,4,0,0.148
2024-08-13,Keyboard,Accessories,South,2,684,71.39,1024,274.79,Ocasional,9.0,12,3,0,0.137
2023-10-20,Laptop,Electronics,South,4,2656,687.63,4798,271.94,Frecuente,8.5,3,4,1,0.143
2024-07-12,Laptop,Electronics,West,5,1190,346.79,3808,699.58,Frecuente,9.6,4,3,0,0.009
2024-12-01,Printer,Office,South,6,4854,510.88,8273,271.78,Frecuente,8.1,7,4,0,0.04
2024-02-14,Printer,Office,West,5,1060,217.96,8718,49.18,Frecuente,8.5,14,1,1,0.135
2024-08-31,Laptop,Electronics,South,3,1527,364.05,7628,97.09,Premium,7.6,11,3,1,0.013
2023-10-19,Mouse,Accessories,East,4,1168,177.54,793,1396.23,Premium,7.3,14,4,0,0.068
2023-04-16,Tablet,Electronics,South,8,6328,1257.81,8491,127.98,Premium,7.3,5,2,0,0.051
2024-06-17,Smartphone,Electronics,North,3,2193,477.95,4266,128.31,Frecuente,6.6,13,2,0,0.132
2023-04-28,Smartwatch,Electronics,East,8,7600,1099.88,4455,687.76,Ocasional,9.2,14,2,1,0.078
2023-03-15,Printer,Office,West,9,1764,322.11,9478,382.75,Premium,6.2,9,1,0,0.044
2022-05-20,Keyboard,Accessories,East,2,1270,84.29,8739,1444.79,Ocasional,8.7,3,2,1,0.079
2023-01-21,Tablet,Electronics,North,1,607,33.77,983,1368.26,Ocasional,9.5,4,1,0,0.017
2023-03-23,Mouse,Accessories,South,2,1672,469.64,3918,619.02,Premium,8.0,2,1,0,0.11
2023-06-28,Keyboard,Accessories,South,6,5718,1358.26,7622,684.12,Premium,6.3,12,2,0,0.093
2022-04-30,Headphones,Accessories,South,8,584,107.27,5619,575.17,Frecuente,7.7,5,2,0,0.09
2023-03-24,Camera,Electronics,West,7,7455,966.64,2947,76.04,Premium,7.4,10,1,0,0.066
2022-03-25,Keyboard,Accessories,North,7,7679,2270.08,5485,453.41,Ocasional,9.9,4,1,1,0.044
2022-06-02,Tablet,Electronics,West,7,847,154.05,8732,201.56,Premium,8.8,14,2,0,0.01
2022-07-31,Mouse,Accessories,West,3,1278,178.78,2621,171.51,Ocasional,8.9,11,3,1,0.142
2024-01-21,Keyboard,Accessories,East,8,6592,1024.82,7587,850.08,Frecuente,8.1,6,1,0,0.062
2023-09-13,Monitor,Accessories,East,8,3544,454.14,7480,166.17,Ocasional,8.8,7,3,0,0.074
2023-12-19,Camera,Electronics,West,3,1959,274.27,8914,172.34,Ocasional,8.9,1,4,0,0.056
2022-08-02,Mouse,Accessories,South,6,3384,924.03,3330,731.16,Ocasional,6.3,2,3,0,0.148
2023-11-25,Smartphone,Electronics,North,1,307,50.2,2551,674.58,Nuevo,6.9,14,4,0,0.119
2022-07-29,Camera,Electronics,West,9,10017,1468.72,5702,223.7,Nuevo,6.1,12,3,1,0.014
2024-11-04,Tablet,Electronics,South,7,7931,504.39,5547,26.58,Frecuente,8.0,12,4,0,0.091
2024-10-20,Laptop,Electronics,North,2,1168,198.4,4390,305.6,Premium,9.5,10,4,0,0.073
2024-03-19,Smartphone,Electronics,South,9,9765,909.99,7903,369.12,Frecuente,8.4,4,1,0,0.119
2023-09-21,Tablet,Electronics,South,8,1456,271.26,8090,1204.37,Frecuente,8.0,2,3,0,0.15
2022-12-11,Smartphone,Electronics,South,5,950,61.9,2834,1374.85,Ocasional,9.7,11,4,0,0.112
2022-06-24,Smartwatch,Electronics,West,2,2314,600.76,8057,620.8,Frecuente,6.7,5,2,0,0.13
2023-10-06,Smartwatch,Electronics,North,1,915,264.3,2692,619.44,Frecuente,6.3,1,4,0,0.075
2022-12-06,Laptop,Electronics,North,1,290,61.14,4372,1074.47,Ocasional,9.7,1,4,1,0.056
2022-01-15,Tablet,Electronics,North,7,3584,940.88,758,947.84,Frecuente,9.6,8,1,0,0.096
2024-03-04,Mouse,Accessories,West,6,1254,205.57,3733,292.53,Ocasional,8.7,12,1,0,0.112
2023-01-24,Laptop,Electronics,North,5,2410,636.83,9605,179.38,Frecuente,7.0,6,1,0,0.034
2023-10-01,Printer,Office,North,2,800,118.68,4704,667.67,Ocasional,9.9,14,4,0,0.076
2022-06-28,Smartwatch,Electronics,West,5,990,87.61,7245,855.95,Ocasional,9.1,6,2,1,0.017
2023-05-14,Laptop,Electronics,West,9,9702,2771.49,1525,225.29,Premium,8.7,11,2,1,0.032
2023-09-04,Keyboard,Accessories,East,8,5888,354.27,6537,454.04,Ocasional,6.9,4,3,1,0.132
2023-09-20,Tablet,Electronics,East,4,1768,345.33,4029,472.8,Frecuente,8.1,9,3,1,0.022
2022-06-01,Headphones,Accessories,North,2,1022,76.04,7567,406.72,Ocasional,9.3,4,2,0,0.122
2023-12-03,Tablet,Electronics,North,3,2883,671.91,9316,701.93,Ocasional,9.4,11,4,0,0.056
2023-02-15,Monitor,Accessories,North,4,4064,771.16,5550,986.53,Frecuente,8.2,7,1,0,0.1
2022-09-18,Monitor,Accessories,East,1,1117,119.89,1476,773.9,Ocasional,8.1,1,3,1,0.137
2022-04-12,Laptop,Electronics,South,4,260,66.02,5023,318.16,Nuevo,8.8,4,2,1,0.117
2022-01-18,Printer,Office,South,3,222,50.28,1669,172.35,Ocasional,8.1,5,1,0,0.124
2024-11-01,Smartwatch,Electronics,East,9,10530,1777.32,4770,1236.37,Ocasional,7.7,7,4,0,0.039
